Running: /home/libing/.conda/envs/deep-rl-class/bin/python -m rl_zoo3.train --algo dqn --env SpaceInvadersNoFrameskip-v4 -f /home/libing/source/ml/rl/deep-rl-class/notebooks/results/unit3 -c /home/libing/source/ml/rl/deep-rl-class/notebooks/runners/dqn.yml --device cuda
Gym has been unmaintained since 2022 and does not support NumPy 2.0 amongst other critical functionality.
Please upgrade to Gymnasium, the maintained drop-in replacement of Gym, or contact the authors of your software and request that they upgrade.
Users of this version of Gym should be able to simply replace 'import gym' with 'import gymnasium as gym' in the vast majority of cases.
See the migration guide at https://gymnasium.farama.org/introduction/migration_guide/ for additional information.
A.L.E: Arcade Learning Environment (version 0.11.2+ecc1138)
[Powered by Stella]
========== SpaceInvadersNoFrameskip-v4 ==========
Seed: 3042802294
Loading hyperparameters from: /home/libing/source/ml/rl/deep-rl-class/notebooks/runners/dqn.yml
Default hyperparameters for environment (ones being tuned will be overridden):
OrderedDict([('batch_size', 32),
             ('buffer_size', 100000),
             ('env_wrapper',
              ['stable_baselines3.common.atari_wrappers.AtariWrapper']),
             ('exploration_final_eps', 0.01),
             ('exploration_fraction', 0.1),
             ('frame_stack', 4),
             ('gradient_steps', 1),
             ('learning_rate', 0.0001),
             ('learning_starts', 100000),
             ('n_timesteps', 1000000.0),
             ('optimize_memory_usage', False),
             ('policy', 'CnnPolicy'),
             ('target_update_interval', 1000),
             ('train_freq', 4)])
Using 1 environments
Creating test environment
Stacking 4 frames
Wrapping the env in a VecTransposeImage.
Stacking 4 frames
Wrapping the env in a VecTransposeImage.
Using cuda device
Log path: /home/libing/source/ml/rl/deep-rl-class/notebooks/results/unit3/dqn/SpaceInvadersNoFrameskip-v4_1
----------------------------------
| rollout/            |          |
|    ep_len_mean      | 1.16e+03 |
|    ep_rew_mean      | 50       |
|    exploration_rate | 0.996    |
| time/               |          |
|    episodes         | 4        |
|    fps              | 1676     |
|    time_elapsed     | 0        |
|    total_timesteps  | 427      |
----------------------------------
----------------------------------
| rollout/            |          |
|    ep_len_mean      | 1.49e+03 |
|    ep_rew_mean      | 80       |
|    exploration_rate | 0.99     |
| time/               |          |
|    episodes         | 8        |
|    fps              | 1914     |
|    time_elapsed     | 0        |
|    total_timesteps  | 1056     |
----------------------------------
----------------------------------
| rollout/            |          |
|    ep_len_mean      | 2.07e+03 |
|    ep_rew_mean      | 124      |
|    exploration_rate | 0.98     |
| time/               |          |
|    episodes         | 12       |
|    fps              | 2077     |
|    time_elapsed     | 0        |
|    total_timesteps  | 2021     |
----------------------------------
----------------------------------
| rollout/            |          |
|    ep_len_mean      | 2.15e+03 |
|    ep_rew_mean      | 127      |
|    exploration_rate | 0.972    |
| time/               |          |
|    episodes         | 16       |
|    fps              | 2137     |
|    time_elapsed     | 1        |
|    total_timesteps  | 2836     |
----------------------------------
----------------------------------
| rollout/            |          |
|    ep_len_mean      | 2.23e+03 |
|    ep_rew_mean      | 125      |
|    exploration_rate | 0.965    |
| time/               |          |
|    episodes         | 20       |
|    fps              | 2165     |
|    time_elapsed     | 1        |
|    total_timesteps  | 3551     |
----------------------------------
----------------------------------
| rollout/            |          |
|    ep_len_mean      | 2.15e+03 |
|    ep_rew_mean      | 132      |
|    exploration_rate | 0.958    |
| time/               |          |
|    episodes         | 24       |
|    fps              | 2179     |
|    time_elapsed     | 1        |
|    total_timesteps  | 4215     |
----------------------------------
----------------------------------
| rollout/            |          |
|    ep_len_mean      | 2.22e+03 |
|    ep_rew_mean      | 162      |
|    exploration_rate | 0.95     |
| time/               |          |
|    episodes         | 28       |
|    fps              | 2198     |
|    time_elapsed     | 2        |
|    total_timesteps  | 5030     |
----------------------------------
----------------------------------
| rollout/            |          |
|    ep_len_mean      | 2.22e+03 |
|    ep_rew_mean      | 160      |
|    exploration_rate | 0.943    |
| time/               |          |
|    episodes         | 32       |
|    fps              | 2207     |
|    time_elapsed     | 2        |
|    total_timesteps  | 5768     |
----------------------------------
----------------------------------
| rollout/            |          |
|    ep_len_mean      | 2.2e+03  |
|    ep_rew_mean      | 159      |
|    exploration_rate | 0.936    |
| time/               |          |
|    episodes         | 36       |
|    fps              | 2214     |
|    time_elapsed     | 2        |
|    total_timesteps  | 6465     |
----------------------------------
----------------------------------
| rollout/            |          |
|    ep_len_mean      | 2.2e+03  |
|    ep_rew_mean      | 158      |
|    exploration_rate | 0.929    |
| time/               |          |
|    episodes         | 40       |
|    fps              | 2221     |
|    time_elapsed     | 3        |
|    total_timesteps  | 7198     |
----------------------------------
----------------------------------
| rollout/            |          |
|    ep_len_mean      | 2.15e+03 |
|    ep_rew_mean      | 151      |
|    exploration_rate | 0.922    |
| time/               |          |
|    episodes         | 44       |
|    fps              | 2227     |
|    time_elapsed     | 3        |
|    total_timesteps  | 7849     |
----------------------------------
----------------------------------
| rollout/            |          |
|    ep_len_mean      | 2.18e+03 |
|    ep_rew_mean      | 158      |
|    exploration_rate | 0.916    |
| time/               |          |
|    episodes         | 48       |
|    fps              | 2231     |
|    time_elapsed     | 3        |
|    total_timesteps  | 8515     |
----------------------------------
----------------------------------
| rollout/            |          |
|    ep_len_mean      | 2.27e+03 |
|    ep_rew_mean      | 174      |
|    exploration_rate | 0.905    |
| time/               |          |
|    episodes         | 52       |
|    fps              | 2246     |
|    time_elapsed     | 4        |
|    total_timesteps  | 9586     |
----------------------------------
----------------------------------
| rollout/            |          |
|    ep_len_mean      | 2.27e+03 |
|    ep_rew_mean      | 170      |
|    exploration_rate | 0.896    |
| time/               |          |
|    episodes         | 56       |
|    fps              | 2251     |
|    time_elapsed     | 4        |
|    total_timesteps  | 10534    |
----------------------------------
----------------------------------
| rollout/            |          |
|    ep_len_mean      | 2.28e+03 |
|    ep_rew_mean      | 174      |
|    exploration_rate | 0.889    |
| time/               |          |
|    episodes         | 60       |
|    fps              | 2252     |
|    time_elapsed     | 4        |
|    total_timesteps  | 11169    |
----------------------------------
----------------------------------
| rollout/            |          |
|    ep_len_mean      | 2.25e+03 |
|    ep_rew_mean      | 173      |
|    exploration_rate | 0.884    |
| time/               |          |
|    episodes         | 64       |
|    fps              | 2254     |
|    time_elapsed     | 5        |
|    total_timesteps  | 11754    |
----------------------------------
----------------------------------
| rollout/            |          |
|    ep_len_mean      | 2.23e+03 |
|    ep_rew_mean      | 171      |
|    exploration_rate | 0.873    |
| time/               |          |
|    episodes         | 68       |
|    fps              | 2264     |
|    time_elapsed     | 5        |
|    total_timesteps  | 12872    |
----------------------------------
----------------------------------
| rollout/            |          |
|    ep_len_mean      | 2.29e+03 |
|    ep_rew_mean      | 190      |
|    exploration_rate | 0.867    |
| time/               |          |
|    episodes         | 72       |
|    fps              | 2263     |
|    time_elapsed     | 5        |
|    total_timesteps  | 13440    |
----------------------------------
----------------------------------
| rollout/            |          |
|    ep_len_mean      | 2.28e+03 |
|    ep_rew_mean      | 186      |
|    exploration_rate | 0.861    |
| time/               |          |
|    episodes         | 76       |
|    fps              | 2264     |
|    time_elapsed     | 6        |
|    total_timesteps  | 14084    |
----------------------------------
----------------------------------
| rollout/            |          |
|    ep_len_mean      | 2.28e+03 |
|    ep_rew_mean      | 194      |
|    exploration_rate | 0.854    |
| time/               |          |
|    episodes         | 80       |
|    fps              | 2265     |
|    time_elapsed     | 6        |
|    total_timesteps  | 14722    |
----------------------------------
----------------------------------
| rollout/            |          |
|    ep_len_mean      | 2.22e+03 |
|    ep_rew_mean      | 184      |
|    exploration_rate | 0.85     |
| time/               |          |
|    episodes         | 84       |
|    fps              | 2262     |
|    time_elapsed     | 6        |
|    total_timesteps  | 15181    |
----------------------------------
----------------------------------
| rollout/            |          |
|    ep_len_mean      | 2.2e+03  |
|    ep_rew_mean      | 182      |
|    exploration_rate | 0.844    |
| time/               |          |
|    episodes         | 88       |
|    fps              | 2263     |
|    time_elapsed     | 6        |
|    total_timesteps  | 15802    |
----------------------------------
----------------------------------
| rollout/            |          |
|    ep_len_mean      | 2.18e+03 |
|    ep_rew_mean      | 179      |
|    exploration_rate | 0.839    |
| time/               |          |
|    episodes         | 92       |
|    fps              | 2263     |
|    time_elapsed     | 7        |
|    total_timesteps  | 16252    |
----------------------------------
----------------------------------
| rollout/            |          |
|    ep_len_mean      | 2.15e+03 |
|    ep_rew_mean      | 170      |
|    exploration_rate | 0.834    |
| time/               |          |
|    episodes         | 96       |
|    fps              | 2262     |
|    time_elapsed     | 7        |
|    total_timesteps  | 16778    |
----------------------------------
----------------------------------
| rollout/            |          |
|    ep_len_mean      | 2.13e+03 |
|    ep_rew_mean      | 168      |
|    exploration_rate | 0.828    |
| time/               |          |
|    episodes         | 100      |
|    fps              | 2263     |
|    time_elapsed     | 7        |
|    total_timesteps  | 17357    |
----------------------------------
----------------------------------
| rollout/            |          |
|    ep_len_mean      | 2.11e+03 |
|    ep_rew_mean      | 166      |
|    exploration_rate | 0.825    |
| time/               |          |
|    episodes         | 104      |
|    fps              | 2263     |
|    time_elapsed     | 7        |
|    total_timesteps  | 17707    |
----------------------------------
----------------------------------
| rollout/            |          |
|    ep_len_mean      | 2.08e+03 |
|    ep_rew_mean      | 160      |
|    exploration_rate | 0.819    |
| time/               |          |
|    episodes         | 108      |
|    fps              | 2262     |
|    time_elapsed     | 8        |
|    total_timesteps  | 18243    |
----------------------------------
----------------------------------
| rollout/            |          |
|    ep_len_mean      | 2.09e+03 |
|    ep_rew_mean      | 161      |
|    exploration_rate | 0.807    |
| time/               |          |
|    episodes         | 112      |
|    fps              | 2266     |
|    time_elapsed     | 8        |
|    total_timesteps  | 19466    |
----------------------------------
----------------------------------
| rollout/            |          |
|    ep_len_mean      | 2.13e+03 |
|    ep_rew_mean      | 165      |
|    exploration_rate | 0.803    |
| time/               |          |
|    episodes         | 116      |
|    fps              | 2268     |
|    time_elapsed     | 8        |
|    total_timesteps  | 19941    |
----------------------------------
----------------------------------
| rollout/            |          |
|    ep_len_mean      | 2.13e+03 |
|    ep_rew_mean      | 163      |
|    exploration_rate | 0.794    |
| time/               |          |
|    episodes         | 120      |
|    fps              | 2270     |
|    time_elapsed     | 9        |
|    total_timesteps  | 20805    |
----------------------------------
----------------------------------
| rollout/            |          |
|    ep_len_mean      | 2.11e+03 |
|    ep_rew_mean      | 161      |
|    exploration_rate | 0.789    |
| time/               |          |
|    episodes         | 124      |
|    fps              | 2270     |
|    time_elapsed     | 9        |
|    total_timesteps  | 21363    |
----------------------------------
----------------------------------
| rollout/            |          |
|    ep_len_mean      | 2.14e+03 |
|    ep_rew_mean      | 169      |
|    exploration_rate | 0.778    |
| time/               |          |
|    episodes         | 128      |
|    fps              | 2274     |
|    time_elapsed     | 9        |
|    total_timesteps  | 22422    |
----------------------------------
----------------------------------
| rollout/            |          |
|    ep_len_mean      | 2.16e+03 |
|    ep_rew_mean      | 174      |
|    exploration_rate | 0.77     |
| time/               |          |
|    episodes         | 132      |
|    fps              | 2275     |
|    time_elapsed     | 10       |
|    total_timesteps  | 23197    |
----------------------------------
----------------------------------
| rollout/            |          |
|    ep_len_mean      | 2.15e+03 |
|    ep_rew_mean      | 172      |
|    exploration_rate | 0.762    |
| time/               |          |
|    episodes         | 136      |
|    fps              | 2276     |
|    time_elapsed     | 10       |
|    total_timesteps  | 24051    |
----------------------------------
Eval num_timesteps=25000, episode_reward=109.00 +/- 54.53
Episode length: 1822.60 +/- 163.64
----------------------------------
| eval/               |          |
|    mean_ep_length   | 1.82e+03 |
|    mean_reward      | 109      |
| rollout/            |          |
|    exploration_rate | 0.753    |
| time/               |          |
|    total_timesteps  | 25000    |
----------------------------------
New best mean reward!
----------------------------------
| rollout/            |          |
|    ep_len_mean      | 2.17e+03 |
|    ep_rew_mean      | 178      |
|    exploration_rate | 0.752    |
| time/               |          |
|    episodes         | 140      |
|    fps              | 1997     |
|    time_elapsed     | 12       |
|    total_timesteps  | 25034    |
----------------------------------
----------------------------------
| rollout/            |          |
|    ep_len_mean      | 2.17e+03 |
|    ep_rew_mean      | 178      |
|    exploration_rate | 0.747    |
| time/               |          |
|    episodes         | 144      |
|    fps              | 2001     |
|    time_elapsed     | 12       |
|    total_timesteps  | 25514    |
----------------------------------
----------------------------------
| rollout/            |          |
|    ep_len_mean      | 2.17e+03 |
|    ep_rew_mean      | 177      |
|    exploration_rate | 0.741    |
| time/               |          |
|    episodes         | 148      |
|    fps              | 2006     |
|    time_elapsed     | 13       |
|    total_timesteps  | 26158    |
----------------------------------
----------------------------------
| rollout/            |          |
|    ep_len_mean      | 2.17e+03 |
|    ep_rew_mean      | 177      |
|    exploration_rate | 0.735    |
| time/               |          |
|    episodes         | 152      |
|    fps              | 2012     |
|    time_elapsed     | 13       |
|    total_timesteps  | 26770    |
----------------------------------
----------------------------------
| rollout/            |          |
|    ep_len_mean      | 2.16e+03 |
|    ep_rew_mean      | 176      |
|    exploration_rate | 0.728    |
| time/               |          |
|    episodes         | 156      |
|    fps              | 2018     |
|    time_elapsed     | 13       |
|    total_timesteps  | 27496    |
----------------------------------
----------------------------------
| rollout/            |          |
|    ep_len_mean      | 2.17e+03 |
|    ep_rew_mean      | 177      |
|    exploration_rate | 0.719    |
| time/               |          |
|    episodes         | 160      |
|    fps              | 2026     |
|    time_elapsed     | 14       |
|    total_timesteps  | 28379    |
----------------------------------
----------------------------------
| rollout/            |          |
|    ep_len_mean      | 2.17e+03 |
|    ep_rew_mean      | 175      |
|    exploration_rate | 0.713    |
| time/               |          |
|    episodes         | 164      |
|    fps              | 2030     |
|    time_elapsed     | 14       |
|    total_timesteps  | 29001    |
----------------------------------
----------------------------------
| rollout/            |          |
|    ep_len_mean      | 2.17e+03 |
|    ep_rew_mean      | 173      |
|    exploration_rate | 0.706    |
| time/               |          |
|    episodes         | 168      |
|    fps              | 2035     |
|    time_elapsed     | 14       |
|    total_timesteps  | 29688    |
----------------------------------
----------------------------------
| rollout/            |          |
|    ep_len_mean      | 2.16e+03 |
|    ep_rew_mean      | 171      |
|    exploration_rate | 0.701    |
| time/               |          |
|    episodes         | 172      |
|    fps              | 2038     |
|    time_elapsed     | 14       |
|    total_timesteps  | 30206    |
----------------------------------
----------------------------------
| rollout/            |          |
|    ep_len_mean      | 2.16e+03 |
|    ep_rew_mean      | 173      |
|    exploration_rate | 0.693    |
| time/               |          |
|    episodes         | 176      |
|    fps              | 2044     |
|    time_elapsed     | 15       |
|    total_timesteps  | 30972    |
----------------------------------
----------------------------------
| rollout/            |          |
|    ep_len_mean      | 2.14e+03 |
|    ep_rew_mean      | 168      |
|    exploration_rate | 0.689    |
| time/               |          |
|    episodes         | 180      |
|    fps              | 2046     |
|    time_elapsed     | 15       |
|    total_timesteps  | 31383    |
----------------------------------
----------------------------------
| rollout/            |          |
|    ep_len_mean      | 2.15e+03 |
|    ep_rew_mean      | 169      |
|    exploration_rate | 0.681    |
| time/               |          |
|    episodes         | 184      |
|    fps              | 2052     |
|    time_elapsed     | 15       |
|    total_timesteps  | 32184    |
----------------------------------
----------------------------------
| rollout/            |          |
|    ep_len_mean      | 2.15e+03 |
|    ep_rew_mean      | 169      |
|    exploration_rate | 0.675    |
| time/               |          |
|    episodes         | 188      |
|    fps              | 2056     |
|    time_elapsed     | 15       |
|    total_timesteps  | 32869    |
----------------------------------
----------------------------------
| rollout/            |          |
|    ep_len_mean      | 2.13e+03 |
|    ep_rew_mean      | 167      |
|    exploration_rate | 0.669    |
| time/               |          |
|    episodes         | 192      |
|    fps              | 2059     |
|    time_elapsed     | 16       |
|    total_timesteps  | 33394    |
----------------------------------
----------------------------------
| rollout/            |          |
|    ep_len_mean      | 2.13e+03 |
|    ep_rew_mean      | 167      |
|    exploration_rate | 0.662    |
| time/               |          |
|    episodes         | 196      |
|    fps              | 2064     |
|    time_elapsed     | 16       |
|    total_timesteps  | 34137    |
----------------------------------
----------------------------------
| rollout/            |          |
|    ep_len_mean      | 2.14e+03 |
|    ep_rew_mean      | 167      |
|    exploration_rate | 0.655    |
| time/               |          |
|    episodes         | 200      |
|    fps              | 2067     |
|    time_elapsed     | 16       |
|    total_timesteps  | 34871    |
----------------------------------
----------------------------------
| rollout/            |          |
|    ep_len_mean      | 2.13e+03 |
|    ep_rew_mean      | 164      |
|    exploration_rate | 0.649    |
| time/               |          |
|    episodes         | 204      |
|    fps              | 2068     |
|    time_elapsed     | 17       |
|    total_timesteps  | 35444    |
----------------------------------
----------------------------------
| rollout/            |          |
|    ep_len_mean      | 2.13e+03 |
|    ep_rew_mean      | 164      |
|    exploration_rate | 0.642    |
| time/               |          |
|    episodes         | 208      |
|    fps              | 2072     |
|    time_elapsed     | 17       |
|    total_timesteps  | 36178    |
----------------------------------
----------------------------------
| rollout/            |          |
|    ep_len_mean      | 2.13e+03 |
|    ep_rew_mean      | 164      |
|    exploration_rate | 0.635    |
| time/               |          |
|    episodes         | 212      |
|    fps              | 2075     |
|    time_elapsed     | 17       |
|    total_timesteps  | 36875    |
----------------------------------
----------------------------------
| rollout/            |          |
|    ep_len_mean      | 2.13e+03 |
|    ep_rew_mean      | 162      |
|    exploration_rate | 0.629    |
| time/               |          |
|    episodes         | 216      |
|    fps              | 2078     |
|    time_elapsed     | 18       |
|    total_timesteps  | 37487    |
----------------------------------
----------------------------------
| rollout/            |          |
|    ep_len_mean      | 2.13e+03 |
|    ep_rew_mean      | 162      |
|    exploration_rate | 0.622    |
| time/               |          |
|    episodes         | 220      |
|    fps              | 2082     |
|    time_elapsed     | 18       |
|    total_timesteps  | 38154    |
----------------------------------
----------------------------------
| rollout/            |          |
|    ep_len_mean      | 2.12e+03 |
|    ep_rew_mean      | 162      |
|    exploration_rate | 0.617    |
| time/               |          |
|    episodes         | 224      |
|    fps              | 2083     |
|    time_elapsed     | 18       |
|    total_timesteps  | 38675    |
----------------------------------
----------------------------------
| rollout/            |          |
|    ep_len_mean      | 2.13e+03 |
|    ep_rew_mean      | 164      |
|    exploration_rate | 0.608    |
| time/               |          |
|    episodes         | 228      |
|    fps              | 2088     |
|    time_elapsed     | 18       |
|    total_timesteps  | 39574    |
----------------------------------
----------------------------------
| rollout/            |          |
|    ep_len_mean      | 2.16e+03 |
|    ep_rew_mean      | 172      |
|    exploration_rate | 0.595    |
| time/               |          |
|    episodes         | 232      |
|    fps              | 2095     |
|    time_elapsed     | 19       |
|    total_timesteps  | 40875    |
----------------------------------
----------------------------------
| rollout/            |          |
|    ep_len_mean      | 2.16e+03 |
|    ep_rew_mean      | 172      |
|    exploration_rate | 0.59     |
| time/               |          |
|    episodes         | 236      |
|    fps              | 2098     |
|    time_elapsed     | 19       |
|    total_timesteps  | 41439    |
----------------------------------
----------------------------------
| rollout/            |          |
|    ep_len_mean      | 2.14e+03 |
|    ep_rew_mean      | 170      |
|    exploration_rate | 0.585    |
| time/               |          |
|    episodes         | 240      |
|    fps              | 2099     |
|    time_elapsed     | 19       |
|    total_timesteps  | 41905    |
----------------------------------
----------------------------------
| rollout/            |          |
|    ep_len_mean      | 2.14e+03 |
|    ep_rew_mean      | 169      |
|    exploration_rate | 0.58     |
| time/               |          |
|    episodes         | 244      |
|    fps              | 2100     |
|    time_elapsed     | 20       |
|    total_timesteps  | 42429    |
----------------------------------
----------------------------------
| rollout/            |          |
|    ep_len_mean      | 2.13e+03 |
|    ep_rew_mean      | 168      |
|    exploration_rate | 0.575    |
| time/               |          |
|    episodes         | 248      |
|    fps              | 2102     |
|    time_elapsed     | 20       |
|    total_timesteps  | 42913    |
----------------------------------
----------------------------------
| rollout/            |          |
|    ep_len_mean      | 2.11e+03 |
|    ep_rew_mean      | 166      |
|    exploration_rate | 0.571    |
| time/               |          |
|    episodes         | 252      |
|    fps              | 2104     |
|    time_elapsed     | 20       |
|    total_timesteps  | 43344    |
----------------------------------
----------------------------------
| rollout/            |          |
|    ep_len_mean      | 2.1e+03  |
|    ep_rew_mean      | 166      |
|    exploration_rate | 0.565    |
| time/               |          |
|    episodes         | 256      |
|    fps              | 2105     |
|    time_elapsed     | 20       |
|    total_timesteps  | 43924    |
----------------------------------
----------------------------------
| rollout/            |          |
|    ep_len_mean      | 2.12e+03 |
|    ep_rew_mean      | 166      |
|    exploration_rate | 0.557    |
| time/               |          |
|    episodes         | 260      |
|    fps              | 2109     |
|    time_elapsed     | 21       |
|    total_timesteps  | 44767    |
----------------------------------
----------------------------------
| rollout/            |          |
|    ep_len_mean      | 2.1e+03  |
|    ep_rew_mean      | 166      |
|    exploration_rate | 0.552    |
| time/               |          |
|    episodes         | 264      |
|    fps              | 2110     |
|    time_elapsed     | 21       |
|    total_timesteps  | 45232    |
----------------------------------
----------------------------------
| rollout/            |          |
|    ep_len_mean      | 2.11e+03 |
|    ep_rew_mean      | 166      |
|    exploration_rate | 0.544    |
| time/               |          |
|    episodes         | 268      |
|    fps              | 2113     |
|    time_elapsed     | 21       |
|    total_timesteps  | 46012    |
----------------------------------
----------------------------------
| rollout/            |          |
|    ep_len_mean      | 2.1e+03  |
|    ep_rew_mean      | 165      |
|    exploration_rate | 0.539    |
| time/               |          |
|    episodes         | 272      |
|    fps              | 2115     |
|    time_elapsed     | 22       |
|    total_timesteps  | 46565    |
----------------------------------
----------------------------------
| rollout/            |          |
|    ep_len_mean      | 2.1e+03  |
|    ep_rew_mean      | 164      |
|    exploration_rate | 0.533    |
| time/               |          |
|    episodes         | 276      |
|    fps              | 2117     |
|    time_elapsed     | 22       |
|    total_timesteps  | 47204    |
----------------------------------
----------------------------------
| rollout/            |          |
|    ep_len_mean      | 2.11e+03 |
|    ep_rew_mean      | 166      |
|    exploration_rate | 0.522    |
| time/               |          |
|    episodes         | 280      |
|    fps              | 2122     |
|    time_elapsed     | 22       |
|    total_timesteps  | 48294    |
----------------------------------
----------------------------------
| rollout/            |          |
|    ep_len_mean      | 2.1e+03  |
|    ep_rew_mean      | 165      |
|    exploration_rate | 0.517    |
| time/               |          |
|    episodes         | 284      |
|    fps              | 2123     |
|    time_elapsed     | 22       |
|    total_timesteps  | 48802    |
----------------------------------
----------------------------------
| rollout/            |          |
|    ep_len_mean      | 2.09e+03 |
|    ep_rew_mean      | 164      |
|    exploration_rate | 0.512    |
| time/               |          |
|    episodes         | 288      |
|    fps              | 2124     |
|    time_elapsed     | 23       |
|    total_timesteps  | 49295    |
----------------------------------
----------------------------------
| rollout/            |          |
|    ep_len_mean      | 2.09e+03 |
|    ep_rew_mean      | 163      |
|    exploration_rate | 0.508    |
| time/               |          |
|    episodes         | 292      |
|    fps              | 2125     |
|    time_elapsed     | 23       |
|    total_timesteps  | 49695    |
----------------------------------
Eval num_timesteps=50000, episode_reward=76.00 +/- 30.56
Episode length: 1771.80 +/- 278.35
----------------------------------
| eval/               |          |
|    mean_ep_length   | 1.77e+03 |
|    mean_reward      | 76       |
| rollout/            |          |
|    exploration_rate | 0.505    |
| time/               |          |
|    total_timesteps  | 50000    |
----------------------------------
----------------------------------
| rollout/            |          |
|    ep_len_mean      | 2.07e+03 |
|    ep_rew_mean      | 161      |
|    exploration_rate | 0.503    |
| time/               |          |
|    episodes         | 296      |
|    fps              | 2003     |
|    time_elapsed     | 25       |
|    total_timesteps  | 50224    |
----------------------------------
----------------------------------
| rollout/            |          |
|    ep_len_mean      | 2.08e+03 |
|    ep_rew_mean      | 162      |
|    exploration_rate | 0.496    |
| time/               |          |
|    episodes         | 300      |
|    fps              | 2006     |
|    time_elapsed     | 25       |
|    total_timesteps  | 50902    |
----------------------------------
----------------------------------
| rollout/            |          |
|    ep_len_mean      | 2.08e+03 |
|    ep_rew_mean      | 162      |
|    exploration_rate | 0.49     |
| time/               |          |
|    episodes         | 304      |
|    fps              | 2010     |
|    time_elapsed     | 25       |
|    total_timesteps  | 51556    |
----------------------------------
----------------------------------
| rollout/            |          |
|    ep_len_mean      | 2.09e+03 |
|    ep_rew_mean      | 165      |
|    exploration_rate | 0.481    |
| time/               |          |
|    episodes         | 308      |
|    fps              | 2014     |
|    time_elapsed     | 26       |
|    total_timesteps  | 52440    |
----------------------------------
----------------------------------
| rollout/            |          |
|    ep_len_mean      | 2.1e+03  |
|    ep_rew_mean      | 167      |
|    exploration_rate | 0.471    |
| time/               |          |
|    episodes         | 312      |
|    fps              | 2018     |
|    time_elapsed     | 26       |
|    total_timesteps  | 53413    |
----------------------------------
----------------------------------
| rollout/            |          |
|    ep_len_mean      | 2.09e+03 |
|    ep_rew_mean      | 167      |
|    exploration_rate | 0.464    |
| time/               |          |
|    episodes         | 316      |
|    fps              | 2022     |
|    time_elapsed     | 26       |
|    total_timesteps  | 54183    |
----------------------------------
----------------------------------
| rollout/            |          |
|    ep_len_mean      | 2.09e+03 |
|    ep_rew_mean      | 168      |
|    exploration_rate | 0.456    |
| time/               |          |
|    episodes         | 320      |
|    fps              | 2025     |
|    time_elapsed     | 27       |
|    total_timesteps  | 54949    |
----------------------------------
----------------------------------
| rollout/            |          |
|    ep_len_mean      | 2.09e+03 |
|    ep_rew_mean      | 167      |
|    exploration_rate | 0.452    |
| time/               |          |
|    episodes         | 324      |
|    fps              | 2027     |
|    time_elapsed     | 27       |
|    total_timesteps  | 55370    |
----------------------------------
----------------------------------
| rollout/            |          |
|    ep_len_mean      | 2.07e+03 |
|    ep_rew_mean      | 165      |
|    exploration_rate | 0.445    |
| time/               |          |
|    episodes         | 328      |
|    fps              | 2029     |
|    time_elapsed     | 27       |
|    total_timesteps  | 56022    |
----------------------------------
----------------------------------
| rollout/            |          |
|    ep_len_mean      | 2.06e+03 |
|    ep_rew_mean      | 165      |
|    exploration_rate | 0.441    |
| time/               |          |
|    episodes         | 332      |
|    fps              | 2031     |
|    time_elapsed     | 27       |
|    total_timesteps  | 56442    |
----------------------------------
----------------------------------
| rollout/            |          |
|    ep_len_mean      | 2.07e+03 |
|    ep_rew_mean      | 165      |
|    exploration_rate | 0.433    |
| time/               |          |
|    episodes         | 336      |
|    fps              | 2034     |
|    time_elapsed     | 28       |
|    total_timesteps  | 57246    |
----------------------------------
----------------------------------
| rollout/            |          |
|    ep_len_mean      | 2.06e+03 |
|    ep_rew_mean      | 166      |
|    exploration_rate | 0.428    |
| time/               |          |
|    episodes         | 340      |
|    fps              | 2036     |
|    time_elapsed     | 28       |
|    total_timesteps  | 57729    |
----------------------------------
----------------------------------
| rollout/            |          |
|    ep_len_mean      | 2.05e+03 |
|    ep_rew_mean      | 164      |
|    exploration_rate | 0.424    |
| time/               |          |
|    episodes         | 344      |
|    fps              | 2037     |
|    time_elapsed     | 28       |
|    total_timesteps  | 58219    |
----------------------------------
----------------------------------
| rollout/            |          |
|    ep_len_mean      | 2.05e+03 |
|    ep_rew_mean      | 164      |
|    exploration_rate | 0.417    |
| time/               |          |
|    episodes         | 348      |
|    fps              | 2040     |
|    time_elapsed     | 28       |
|    total_timesteps  | 58902    |
----------------------------------
----------------------------------
| rollout/            |          |
|    ep_len_mean      | 2.04e+03 |
|    ep_rew_mean      | 164      |
|    exploration_rate | 0.41     |
| time/               |          |
|    episodes         | 352      |
|    fps              | 2043     |
|    time_elapsed     | 29       |
|    total_timesteps  | 59621    |
----------------------------------
----------------------------------
| rollout/            |          |
|    ep_len_mean      | 2.03e+03 |
|    ep_rew_mean      | 163      |
|    exploration_rate | 0.404    |
| time/               |          |
|    episodes         | 356      |
|    fps              | 2045     |
|    time_elapsed     | 29       |
|    total_timesteps  | 60228    |
----------------------------------
----------------------------------
| rollout/            |          |
|    ep_len_mean      | 2.03e+03 |
|    ep_rew_mean      | 162      |
|    exploration_rate | 0.397    |
| time/               |          |
|    episodes         | 360      |
|    fps              | 2047     |
|    time_elapsed     | 29       |
|    total_timesteps  | 60869    |
----------------------------------
----------------------------------
| rollout/            |          |
|    ep_len_mean      | 2.03e+03 |
|    ep_rew_mean      | 163      |
|    exploration_rate | 0.391    |
| time/               |          |
|    episodes         | 364      |
|    fps              | 2049     |
|    time_elapsed     | 30       |
|    total_timesteps  | 61517    |
----------------------------------
----------------------------------
| rollout/            |          |
|    ep_len_mean      | 2.01e+03 |
|    ep_rew_mean      | 156      |
|    exploration_rate | 0.386    |
| time/               |          |
|    episodes         | 368      |
|    fps              | 2051     |
|    time_elapsed     | 30       |
|    total_timesteps  | 62013    |
----------------------------------
----------------------------------
| rollout/            |          |
|    ep_len_mean      | 2.01e+03 |
|    ep_rew_mean      | 156      |
|    exploration_rate | 0.377    |
| time/               |          |
|    episodes         | 372      |
|    fps              | 2054     |
|    time_elapsed     | 30       |
|    total_timesteps  | 62897    |
----------------------------------
----------------------------------
| rollout/            |          |
|    ep_len_mean      | 2.01e+03 |
|    ep_rew_mean      | 156      |
|    exploration_rate | 0.37     |
| time/               |          |
|    episodes         | 376      |
|    fps              | 2056     |
|    time_elapsed     | 30       |
|    total_timesteps  | 63653    |
----------------------------------
----------------------------------
| rollout/            |          |
|    ep_len_mean      | 2.03e+03 |
|    ep_rew_mean      | 157      |
|    exploration_rate | 0.362    |
| time/               |          |
|    episodes         | 380      |
|    fps              | 2059     |
|    time_elapsed     | 31       |
|    total_timesteps  | 64475    |
----------------------------------
----------------------------------
| rollout/            |          |
|    ep_len_mean      | 2.04e+03 |
|    ep_rew_mean      | 160      |
|    exploration_rate | 0.353    |
| time/               |          |
|    episodes         | 384      |
|    fps              | 2062     |
|    time_elapsed     | 31       |
|    total_timesteps  | 65310    |
----------------------------------
----------------------------------
| rollout/            |          |
|    ep_len_mean      | 2.04e+03 |
|    ep_rew_mean      | 160      |
|    exploration_rate | 0.349    |
| time/               |          |
|    episodes         | 388      |
|    fps              | 2064     |
|    time_elapsed     | 31       |
|    total_timesteps  | 65766    |
----------------------------------
----------------------------------
| rollout/            |          |
|    ep_len_mean      | 2.06e+03 |
|    ep_rew_mean      | 162      |
|    exploration_rate | 0.34     |
| time/               |          |
|    episodes         | 392      |
|    fps              | 2067     |
|    time_elapsed     | 32       |
|    total_timesteps  | 66684    |
----------------------------------
----------------------------------
| rollout/            |          |
|    ep_len_mean      | 2.07e+03 |
|    ep_rew_mean      | 165      |
|    exploration_rate | 0.331    |
| time/               |          |
|    episodes         | 396      |
|    fps              | 2070     |
|    time_elapsed     | 32       |
|    total_timesteps  | 67562    |
----------------------------------
----------------------------------
| rollout/            |          |
|    ep_len_mean      | 2.06e+03 |
|    ep_rew_mean      | 165      |
|    exploration_rate | 0.326    |
| time/               |          |
|    episodes         | 400      |
|    fps              | 2071     |
|    time_elapsed     | 32       |
|    total_timesteps  | 68037    |
----------------------------------
----------------------------------
| rollout/            |          |
|    ep_len_mean      | 2.07e+03 |
|    ep_rew_mean      | 165      |
|    exploration_rate | 0.322    |
| time/               |          |
|    episodes         | 404      |
|    fps              | 2072     |
|    time_elapsed     | 33       |
|    total_timesteps  | 68470    |
----------------------------------
----------------------------------
| rollout/            |          |
|    ep_len_mean      | 2.07e+03 |
|    ep_rew_mean      | 165      |
|    exploration_rate | 0.314    |
| time/               |          |
|    episodes         | 408      |
|    fps              | 2074     |
|    time_elapsed     | 33       |
|    total_timesteps  | 69304    |
----------------------------------
----------------------------------
| rollout/            |          |
|    ep_len_mean      | 2.08e+03 |
|    ep_rew_mean      | 165      |
|    exploration_rate | 0.303    |
| time/               |          |
|    episodes         | 412      |
|    fps              | 2078     |
|    time_elapsed     | 33       |
|    total_timesteps  | 70392    |
----------------------------------
----------------------------------
| rollout/            |          |
|    ep_len_mean      | 2.08e+03 |
|    ep_rew_mean      | 165      |
|    exploration_rate | 0.298    |
| time/               |          |
|    episodes         | 416      |
|    fps              | 2079     |
|    time_elapsed     | 34       |
|    total_timesteps  | 70956    |
----------------------------------
----------------------------------
| rollout/            |          |
|    ep_len_mean      | 2.06e+03 |
|    ep_rew_mean      | 164      |
|    exploration_rate | 0.292    |
| time/               |          |
|    episodes         | 420      |
|    fps              | 2081     |
|    time_elapsed     | 34       |
|    total_timesteps  | 71486    |
----------------------------------
----------------------------------
| rollout/            |          |
|    ep_len_mean      | 2.07e+03 |
|    ep_rew_mean      | 165      |
|    exploration_rate | 0.286    |
| time/               |          |
|    episodes         | 424      |
|    fps              | 2083     |
|    time_elapsed     | 34       |
|    total_timesteps  | 72137    |
----------------------------------
----------------------------------
| rollout/            |          |
|    ep_len_mean      | 2.05e+03 |
|    ep_rew_mean      | 161      |
|    exploration_rate | 0.281    |
| time/               |          |
|    episodes         | 428      |
|    fps              | 2084     |
|    time_elapsed     | 34       |
|    total_timesteps  | 72635    |
----------------------------------
----------------------------------
| rollout/            |          |
|    ep_len_mean      | 2.04e+03 |
|    ep_rew_mean      | 157      |
|    exploration_rate | 0.275    |
| time/               |          |
|    episodes         | 432      |
|    fps              | 2085     |
|    time_elapsed     | 35       |
|    total_timesteps  | 73244    |
----------------------------------
----------------------------------
| rollout/            |          |
|    ep_len_mean      | 2.04e+03 |
|    ep_rew_mean      | 157      |
|    exploration_rate | 0.271    |
| time/               |          |
|    episodes         | 436      |
|    fps              | 2086     |
|    time_elapsed     | 35       |
|    total_timesteps  | 73653    |
----------------------------------
----------------------------------
| rollout/            |          |
|    ep_len_mean      | 2.01e+03 |
|    ep_rew_mean      | 153      |
|    exploration_rate | 0.264    |
| time/               |          |
|    episodes         | 440      |
|    fps              | 2087     |
|    time_elapsed     | 35       |
|    total_timesteps  | 74297    |
----------------------------------
Eval num_timesteps=75000, episode_reward=292.00 +/- 227.50
Episode length: 2890.60 +/- 1051.63
----------------------------------
| eval/               |          |
|    mean_ep_length   | 2.89e+03 |
|    mean_reward      | 292      |
| rollout/            |          |
|    exploration_rate | 0.258    |
| time/               |          |
|    total_timesteps  | 75000    |
----------------------------------
New best mean reward!
----------------------------------
| rollout/            |          |
|    ep_len_mean      | 2.02e+03 |
|    ep_rew_mean      | 154      |
|    exploration_rate | 0.255    |
| time/               |          |
|    episodes         | 444      |
|    fps              | 1943     |
|    time_elapsed     | 38       |
|    total_timesteps  | 75279    |
----------------------------------
----------------------------------
| rollout/            |          |
|    ep_len_mean      | 2.02e+03 |
|    ep_rew_mean      | 154      |
|    exploration_rate | 0.251    |
| time/               |          |
|    episodes         | 448      |
|    fps              | 1944     |
|    time_elapsed     | 38       |
|    total_timesteps  | 75706    |
----------------------------------
----------------------------------
| rollout/            |          |
|    ep_len_mean      | 2.02e+03 |
|    ep_rew_mean      | 154      |
|    exploration_rate | 0.244    |
| time/               |          |
|    episodes         | 452      |
|    fps              | 1946     |
|    time_elapsed     | 39       |
|    total_timesteps  | 76376    |
----------------------------------
----------------------------------
| rollout/            |          |
|    ep_len_mean      | 2.01e+03 |
|    ep_rew_mean      | 152      |
|    exploration_rate | 0.239    |
| time/               |          |
|    episodes         | 456      |
|    fps              | 1948     |
|    time_elapsed     | 39       |
|    total_timesteps  | 76846    |
----------------------------------
----------------------------------
| rollout/            |          |
|    ep_len_mean      | 2.01e+03 |
|    ep_rew_mean      | 152      |
|    exploration_rate | 0.232    |
| time/               |          |
|    episodes         | 460      |
|    fps              | 1951     |
|    time_elapsed     | 39       |
|    total_timesteps  | 77559    |
----------------------------------
----------------------------------
| rollout/            |          |
|    ep_len_mean      | 2.01e+03 |
|    ep_rew_mean      | 154      |
|    exploration_rate | 0.225    |
| time/               |          |
|    episodes         | 464      |
|    fps              | 1954     |
|    time_elapsed     | 40       |
|    total_timesteps  | 78282    |
----------------------------------
----------------------------------
| rollout/            |          |
|    ep_len_mean      | 2.01e+03 |
|    ep_rew_mean      | 156      |
|    exploration_rate | 0.217    |
| time/               |          |
|    episodes         | 468      |
|    fps              | 1957     |
|    time_elapsed     | 40       |
|    total_timesteps  | 79073    |
----------------------------------
----------------------------------
| rollout/            |          |
|    ep_len_mean      | 2.02e+03 |
|    ep_rew_mean      | 156      |
|    exploration_rate | 0.21     |
| time/               |          |
|    episodes         | 472      |
|    fps              | 1959     |
|    time_elapsed     | 40       |
|    total_timesteps  | 79839    |
----------------------------------
----------------------------------
| rollout/            |          |
|    ep_len_mean      | 2.02e+03 |
|    ep_rew_mean      | 155      |
|    exploration_rate | 0.204    |
| time/               |          |
|    episodes         | 476      |
|    fps              | 1961     |
|    time_elapsed     | 40       |
|    total_timesteps  | 80424    |
----------------------------------
----------------------------------
| rollout/            |          |
|    ep_len_mean      | 2.02e+03 |
|    ep_rew_mean      | 156      |
|    exploration_rate | 0.198    |
| time/               |          |
|    episodes         | 480      |
|    fps              | 1963     |
|    time_elapsed     | 41       |
|    total_timesteps  | 81034    |
----------------------------------
----------------------------------
| rollout/            |          |
|    ep_len_mean      | 2.02e+03 |
|    ep_rew_mean      | 156      |
|    exploration_rate | 0.192    |
| time/               |          |
|    episodes         | 484      |
|    fps              | 1965     |
|    time_elapsed     | 41       |
|    total_timesteps  | 81657    |
----------------------------------
----------------------------------
| rollout/            |          |
|    ep_len_mean      | 2.03e+03 |
|    ep_rew_mean      | 156      |
|    exploration_rate | 0.183    |
| time/               |          |
|    episodes         | 488      |
|    fps              | 1968     |
|    time_elapsed     | 41       |
|    total_timesteps  | 82495    |
----------------------------------
----------------------------------
| rollout/            |          |
|    ep_len_mean      | 2.03e+03 |
|    ep_rew_mean      | 156      |
|    exploration_rate | 0.177    |
| time/               |          |
|    episodes         | 492      |
|    fps              | 1971     |
|    time_elapsed     | 42       |
|    total_timesteps  | 83175    |
----------------------------------
----------------------------------
| rollout/            |          |
|    ep_len_mean      | 2.03e+03 |
|    ep_rew_mean      | 156      |
|    exploration_rate | 0.171    |
| time/               |          |
|    episodes         | 496      |
|    fps              | 1972     |
|    time_elapsed     | 42       |
|    total_timesteps  | 83717    |
----------------------------------
----------------------------------
| rollout/            |          |
|    ep_len_mean      | 2.02e+03 |
|    ep_rew_mean      | 156      |
|    exploration_rate | 0.164    |
| time/               |          |
|    episodes         | 500      |
|    fps              | 1974     |
|    time_elapsed     | 42       |
|    total_timesteps  | 84438    |
----------------------------------
----------------------------------
| rollout/            |          |
|    ep_len_mean      | 2.03e+03 |
|    ep_rew_mean      | 156      |
|    exploration_rate | 0.157    |
| time/               |          |
|    episodes         | 504      |
|    fps              | 1977     |
|    time_elapsed     | 43       |
|    total_timesteps  | 85166    |
----------------------------------
----------------------------------
| rollout/            |          |
|    ep_len_mean      | 2.02e+03 |
|    ep_rew_mean      | 156      |
|    exploration_rate | 0.153    |
| time/               |          |
|    episodes         | 508      |
|    fps              | 1978     |
|    time_elapsed     | 43       |
|    total_timesteps  | 85606    |
----------------------------------
----------------------------------
| rollout/            |          |
|    ep_len_mean      | 2e+03    |
|    ep_rew_mean      | 154      |
|    exploration_rate | 0.149    |
| time/               |          |
|    episodes         | 512      |
|    fps              | 1979     |
|    time_elapsed     | 43       |
|    total_timesteps  | 85990    |
----------------------------------
----------------------------------
| rollout/            |          |
|    ep_len_mean      | 2e+03    |
|    ep_rew_mean      | 154      |
|    exploration_rate | 0.143    |
| time/               |          |
|    episodes         | 516      |
|    fps              | 1980     |
|    time_elapsed     | 43       |
|    total_timesteps  | 86549    |
----------------------------------
----------------------------------
| rollout/            |          |
|    ep_len_mean      | 1.99e+03 |
|    ep_rew_mean      | 153      |
|    exploration_rate | 0.135    |
| time/               |          |
|    episodes         | 520      |
|    fps              | 1983     |
|    time_elapsed     | 44       |
|    total_timesteps  | 87336    |
----------------------------------
----------------------------------
| rollout/            |          |
|    ep_len_mean      | 2.01e+03 |
|    ep_rew_mean      | 155      |
|    exploration_rate | 0.128    |
| time/               |          |
|    episodes         | 524      |
|    fps              | 1985     |
|    time_elapsed     | 44       |
|    total_timesteps  | 88065    |
----------------------------------
----------------------------------
| rollout/            |          |
|    ep_len_mean      | 2.02e+03 |
|    ep_rew_mean      | 154      |
|    exploration_rate | 0.118    |
| time/               |          |
|    episodes         | 528      |
|    fps              | 1989     |
|    time_elapsed     | 44       |
|    total_timesteps  | 89129    |
----------------------------------
----------------------------------
| rollout/            |          |
|    ep_len_mean      | 1.99e+03 |
|    ep_rew_mean      | 147      |
|    exploration_rate | 0.113    |
| time/               |          |
|    episodes         | 532      |
|    fps              | 1990     |
|    time_elapsed     | 44       |
|    total_timesteps  | 89551    |
----------------------------------
----------------------------------
| rollout/            |          |
|    ep_len_mean      | 2e+03    |
|    ep_rew_mean      | 146      |
|    exploration_rate | 0.104    |
| time/               |          |
|    episodes         | 536      |
|    fps              | 1992     |
|    time_elapsed     | 45       |
|    total_timesteps  | 90497    |
----------------------------------
----------------------------------
| rollout/            |          |
|    ep_len_mean      | 2e+03    |
|    ep_rew_mean      | 146      |
|    exploration_rate | 0.0984   |
| time/               |          |
|    episodes         | 540      |
|    fps              | 1994     |
|    time_elapsed     | 45       |
|    total_timesteps  | 91074    |
----------------------------------
----------------------------------
| rollout/            |          |
|    ep_len_mean      | 2e+03    |
|    ep_rew_mean      | 147      |
|    exploration_rate | 0.0901   |
| time/               |          |
|    episodes         | 544      |
|    fps              | 1997     |
|    time_elapsed     | 46       |
|    total_timesteps  | 91912    |
----------------------------------
----------------------------------
| rollout/            |          |
|    ep_len_mean      | 2.02e+03 |
|    ep_rew_mean      | 149      |
|    exploration_rate | 0.0848   |
| time/               |          |
|    episodes         | 548      |
|    fps              | 1998     |
|    time_elapsed     | 46       |
|    total_timesteps  | 92449    |
----------------------------------
----------------------------------
| rollout/            |          |
|    ep_len_mean      | 2.03e+03 |
|    ep_rew_mean      | 150      |
|    exploration_rate | 0.0776   |
| time/               |          |
|    episodes         | 552      |
|    fps              | 2000     |
|    time_elapsed     | 46       |
|    total_timesteps  | 93168    |
----------------------------------
----------------------------------
| rollout/            |          |
|    ep_len_mean      | 2.03e+03 |
|    ep_rew_mean      | 150      |
|    exploration_rate | 0.0738   |
| time/               |          |
|    episodes         | 556      |
|    fps              | 2001     |
|    time_elapsed     | 46       |
|    total_timesteps  | 93551    |
----------------------------------
----------------------------------
| rollout/            |          |
|    ep_len_mean      | 2.02e+03 |
|    ep_rew_mean      | 149      |
|    exploration_rate | 0.0667   |
| time/               |          |
|    episodes         | 560      |
|    fps              | 2003     |
|    time_elapsed     | 47       |
|    total_timesteps  | 94271    |
----------------------------------
----------------------------------
| rollout/            |          |
|    ep_len_mean      | 2.02e+03 |
|    ep_rew_mean      | 149      |
|    exploration_rate | 0.0607   |
| time/               |          |
|    episodes         | 564      |
|    fps              | 2005     |
|    time_elapsed     | 47       |
|    total_timesteps  | 94879    |
----------------------------------
----------------------------------
| rollout/            |          |
|    ep_len_mean      | 2.01e+03 |
|    ep_rew_mean      | 148      |
|    exploration_rate | 0.0572   |
| time/               |          |
|    episodes         | 568      |
|    fps              | 2005     |
|    time_elapsed     | 47       |
|    total_timesteps  | 95233    |
----------------------------------
----------------------------------
| rollout/            |          |
|    ep_len_mean      | 2.02e+03 |
|    ep_rew_mean      | 149      |
|    exploration_rate | 0.0486   |
| time/               |          |
|    episodes         | 572      |
|    fps              | 2008     |
|    time_elapsed     | 47       |
|    total_timesteps  | 96101    |
----------------------------------
----------------------------------
| rollout/            |          |
|    ep_len_mean      | 2.02e+03 |
|    ep_rew_mean      | 149      |
|    exploration_rate | 0.0432   |
| time/               |          |
|    episodes         | 576      |
|    fps              | 2009     |
|    time_elapsed     | 48       |
|    total_timesteps  | 96651    |
----------------------------------
----------------------------------
| rollout/            |          |
|    ep_len_mean      | 2e+03    |
|    ep_rew_mean      | 146      |
|    exploration_rate | 0.0366   |
| time/               |          |
|    episodes         | 580      |
|    fps              | 2011     |
|    time_elapsed     | 48       |
|    total_timesteps  | 97310    |
----------------------------------
----------------------------------
| rollout/            |          |
|    ep_len_mean      | 2.01e+03 |
|    ep_rew_mean      | 147      |
|    exploration_rate | 0.0307   |
| time/               |          |
|    episodes         | 584      |
|    fps              | 2012     |
|    time_elapsed     | 48       |
|    total_timesteps  | 97914    |
----------------------------------
----------------------------------
| rollout/            |          |
|    ep_len_mean      | 2.01e+03 |
|    ep_rew_mean      | 147      |
|    exploration_rate | 0.0254   |
| time/               |          |
|    episodes         | 588      |
|    fps              | 2014     |
|    time_elapsed     | 48       |
|    total_timesteps  | 98447    |
----------------------------------
----------------------------------
| rollout/            |          |
|    ep_len_mean      | 2.02e+03 |
|    ep_rew_mean      | 147      |
|    exploration_rate | 0.0165   |
| time/               |          |
|    episodes         | 592      |
|    fps              | 2016     |
|    time_elapsed     | 49       |
|    total_timesteps  | 99342    |
----------------------------------
Eval num_timesteps=100000, episode_reward=255.00 +/- 75.89
Episode length: 2939.80 +/- 621.56
----------------------------------
| eval/               |          |
|    mean_ep_length   | 2.94e+03 |
|    mean_reward      | 255      |
| rollout/            |          |
|    exploration_rate | 0.01     |
| time/               |          |
|    total_timesteps  | 100000   |
----------------------------------
----------------------------------
| rollout/            |          |
|    ep_len_mean      | 2.05e+03 |
|    ep_rew_mean      | 157      |
|    exploration_rate | 0.01     |
| time/               |          |
|    episodes         | 596      |
|    fps              | 1881     |
|    time_elapsed     | 53       |
|    total_timesteps  | 100364   |
| train/              |          |
|    learning_rate    | 0.0001   |
|    loss             | 0.0304   |
|    n_updates        | 90       |
----------------------------------
----------------------------------
| rollout/            |          |
|    ep_len_mean      | 2.05e+03 |
|    ep_rew_mean      | 156      |
|    exploration_rate | 0.01     |
| time/               |          |
|    episodes         | 600      |
|    fps              | 1859     |
|    time_elapsed     | 54       |
|    total_timesteps  | 101027   |
| train/              |          |
|    learning_rate    | 0.0001   |
|    loss             | 6.28e-05 |
|    n_updates        | 256      |
----------------------------------
----------------------------------
| rollout/            |          |
|    ep_len_mean      | 2.05e+03 |
|    ep_rew_mean      | 156      |
|    exploration_rate | 0.01     |
| time/               |          |
|    episodes         | 604      |
|    fps              | 1826     |
|    time_elapsed     | 55       |
|    total_timesteps  | 102130   |
| train/              |          |
|    learning_rate    | 0.0001   |
|    loss             | 0.000148 |
|    n_updates        | 532      |
----------------------------------
----------------------------------
| rollout/            |          |
|    ep_len_mean      | 2.08e+03 |
|    ep_rew_mean      | 155      |
|    exploration_rate | 0.01     |
| time/               |          |
|    episodes         | 608      |
|    fps              | 1793     |
|    time_elapsed     | 57       |
|    total_timesteps  | 103310   |
| train/              |          |
|    learning_rate    | 0.0001   |
|    loss             | 0.000305 |
|    n_updates        | 827      |
----------------------------------
----------------------------------
| rollout/            |          |
|    ep_len_mean      | 2.09e+03 |
|    ep_rew_mean      | 155      |
|    exploration_rate | 0.01     |
| time/               |          |
|    episodes         | 612      |
|    fps              | 1763     |
|    time_elapsed     | 59       |
|    total_timesteps  | 104469   |
| train/              |          |
|    learning_rate    | 0.0001   |
|    loss             | 0.000447 |
|    n_updates        | 1117     |
----------------------------------
----------------------------------
| rollout/            |          |
|    ep_len_mean      | 2.09e+03 |
|    ep_rew_mean      | 154      |
|    exploration_rate | 0.01     |
| time/               |          |
|    episodes         | 616      |
|    fps              | 1744     |
|    time_elapsed     | 60       |
|    total_timesteps  | 105252   |
| train/              |          |
|    learning_rate    | 0.0001   |
|    loss             | 9.27e-05 |
|    n_updates        | 1312     |
----------------------------------
----------------------------------
| rollout/            |          |
|    ep_len_mean      | 2.09e+03 |
|    ep_rew_mean      | 155      |
|    exploration_rate | 0.01     |
| time/               |          |
|    episodes         | 620      |
|    fps              | 1724     |
|    time_elapsed     | 61       |
|    total_timesteps  | 106096   |
| train/              |          |
|    learning_rate    | 0.0001   |
|    loss             | 0.000419 |
|    n_updates        | 1523     |
----------------------------------
----------------------------------
| rollout/            |          |
|    ep_len_mean      | 2.1e+03  |
|    ep_rew_mean      | 156      |
|    exploration_rate | 0.01     |
| time/               |          |
|    episodes         | 624      |
|    fps              | 1707     |
|    time_elapsed     | 62       |
|    total_timesteps  | 106887   |
| train/              |          |
|    learning_rate    | 0.0001   |
|    loss             | 0.000185 |
|    n_updates        | 1721     |
----------------------------------
----------------------------------
| rollout/            |          |
|    ep_len_mean      | 2.1e+03  |
|    ep_rew_mean      | 155      |
|    exploration_rate | 0.01     |
| time/               |          |
|    episodes         | 628      |
|    fps              | 1686     |
|    time_elapsed     | 63       |
|    total_timesteps  | 107794   |
| train/              |          |
|    learning_rate    | 0.0001   |
|    loss             | 0.0167   |
|    n_updates        | 1948     |
----------------------------------
----------------------------------
| rollout/            |          |
|    ep_len_mean      | 2.16e+03 |
|    ep_rew_mean      | 160      |
|    exploration_rate | 0.01     |
| time/               |          |
|    episodes         | 632      |
|    fps              | 1656     |
|    time_elapsed     | 65       |
|    total_timesteps  | 109294   |
| train/              |          |
|    learning_rate    | 0.0001   |
|    loss             | 0.0303   |
|    n_updates        | 2323     |
----------------------------------
----------------------------------
| rollout/            |          |
|    ep_len_mean      | 2.16e+03 |
|    ep_rew_mean      | 160      |
|    exploration_rate | 0.01     |
| time/               |          |
|    episodes         | 636      |
|    fps              | 1641     |
|    time_elapsed     | 67       |
|    total_timesteps  | 110072   |
| train/              |          |
|    learning_rate    | 0.0001   |
|    loss             | 0.0154   |
|    n_updates        | 2517     |
----------------------------------
----------------------------------
| rollout/            |          |
|    ep_len_mean      | 2.16e+03 |
|    ep_rew_mean      | 159      |
|    exploration_rate | 0.01     |
| time/               |          |
|    episodes         | 640      |
|    fps              | 1626     |
|    time_elapsed     | 68       |
|    total_timesteps  | 110836   |
| train/              |          |
|    learning_rate    | 0.0001   |
|    loss             | 0.00195  |
|    n_updates        | 2708     |
----------------------------------
----------------------------------
| rollout/            |          |
|    ep_len_mean      | 2.18e+03 |
|    ep_rew_mean      | 160      |
|    exploration_rate | 0.01     |
| time/               |          |
|    episodes         | 644      |
|    fps              | 1612     |
|    time_elapsed     | 69       |
|    total_timesteps  | 111593   |
| train/              |          |
|    learning_rate    | 0.0001   |
|    loss             | 0.015    |
|    n_updates        | 2898     |
----------------------------------
----------------------------------
| rollout/            |          |
|    ep_len_mean      | 2.19e+03 |
|    ep_rew_mean      | 160      |
|    exploration_rate | 0.01     |
| time/               |          |
|    episodes         | 648      |
|    fps              | 1597     |
|    time_elapsed     | 70       |
|    total_timesteps  | 112430   |
| train/              |          |
|    learning_rate    | 0.0001   |
|    loss             | 0.0319   |
|    n_updates        | 3107     |
----------------------------------
----------------------------------
| rollout/            |          |
|    ep_len_mean      | 2.19e+03 |
|    ep_rew_mean      | 158      |
|    exploration_rate | 0.01     |
| time/               |          |
|    episodes         | 652      |
|    fps              | 1581     |
|    time_elapsed     | 71       |
|    total_timesteps  | 113397   |
| train/              |          |
|    learning_rate    | 0.0001   |
|    loss             | 0.000454 |
|    n_updates        | 3349     |
----------------------------------
----------------------------------
| rollout/            |          |
|    ep_len_mean      | 2.2e+03  |
|    ep_rew_mean      | 157      |
|    exploration_rate | 0.01     |
| time/               |          |
|    episodes         | 656      |
|    fps              | 1569     |
|    time_elapsed     | 72       |
|    total_timesteps  | 114054   |
| train/              |          |
|    learning_rate    | 0.0001   |
|    loss             | 0.0144   |
|    n_updates        | 3513     |
----------------------------------
----------------------------------
| rollout/            |          |
|    ep_len_mean      | 2.21e+03 |
|    ep_rew_mean      | 161      |
|    exploration_rate | 0.01     |
| time/               |          |
|    episodes         | 660      |
|    fps              | 1549     |
|    time_elapsed     | 74       |
|    total_timesteps  | 115316   |
| train/              |          |
|    learning_rate    | 0.0001   |
|    loss             | 0.000369 |
|    n_updates        | 3828     |
----------------------------------
----------------------------------
| rollout/            |          |
|    ep_len_mean      | 2.23e+03 |
|    ep_rew_mean      | 162      |
|    exploration_rate | 0.01     |
| time/               |          |
|    episodes         | 664      |
|    fps              | 1534     |
|    time_elapsed     | 75       |
|    total_timesteps  | 116312   |
| train/              |          |
|    learning_rate    | 0.0001   |
|    loss             | 0.00122  |
|    n_updates        | 4077     |
----------------------------------
----------------------------------
| rollout/            |          |
|    ep_len_mean      | 2.27e+03 |
|    ep_rew_mean      | 167      |
|    exploration_rate | 0.01     |
| time/               |          |
|    episodes         | 668      |
|    fps              | 1514     |
|    time_elapsed     | 77       |
|    total_timesteps  | 117630   |
| train/              |          |
|    learning_rate    | 0.0001   |
|    loss             | 0.00311  |
|    n_updates        | 4407     |
----------------------------------
----------------------------------
| rollout/            |          |
|    ep_len_mean      | 2.27e+03 |
|    ep_rew_mean      | 167      |
|    exploration_rate | 0.01     |
| time/               |          |
|    episodes         | 672      |
|    fps              | 1497     |
|    time_elapsed     | 79       |
|    total_timesteps  | 118858   |
| train/              |          |
|    learning_rate    | 0.0001   |
|    loss             | 0.0183   |
|    n_updates        | 4714     |
----------------------------------
----------------------------------
| rollout/            |          |
|    ep_len_mean      | 2.28e+03 |
|    ep_rew_mean      | 173      |
|    exploration_rate | 0.01     |
| time/               |          |
|    episodes         | 676      |
|    fps              | 1489     |
|    time_elapsed     | 80       |
|    total_timesteps  | 119421   |
| train/              |          |
|    learning_rate    | 0.0001   |
|    loss             | 0.000611 |
|    n_updates        | 4855     |
----------------------------------
----------------------------------
| rollout/            |          |
|    ep_len_mean      | 2.28e+03 |
|    ep_rew_mean      | 172      |
|    exploration_rate | 0.01     |
| time/               |          |
|    episodes         | 680      |
|    fps              | 1477     |
|    time_elapsed     | 81       |
|    total_timesteps  | 120282   |
| train/              |          |
|    learning_rate    | 0.0001   |
|    loss             | 0.0129   |
|    n_updates        | 5070     |
----------------------------------
----------------------------------
| rollout/            |          |
|    ep_len_mean      | 2.27e+03 |
|    ep_rew_mean      | 170      |
|    exploration_rate | 0.01     |
| time/               |          |
|    episodes         | 684      |
|    fps              | 1466     |
|    time_elapsed     | 82       |
|    total_timesteps  | 121117   |
| train/              |          |
|    learning_rate    | 0.0001   |
|    loss             | 0.000413 |
|    n_updates        | 5279     |
----------------------------------
----------------------------------
| rollout/            |          |
|    ep_len_mean      | 2.28e+03 |
|    ep_rew_mean      | 172      |
|    exploration_rate | 0.01     |
| time/               |          |
|    episodes         | 688      |
|    fps              | 1458     |
|    time_elapsed     | 83       |
|    total_timesteps  | 121776   |
| train/              |          |
|    learning_rate    | 0.0001   |
|    loss             | 0.0015   |
|    n_updates        | 5443     |
----------------------------------
----------------------------------
| rollout/            |          |
|    ep_len_mean      | 2.26e+03 |
|    ep_rew_mean      | 170      |
|    exploration_rate | 0.01     |
| time/               |          |
|    episodes         | 692      |
|    fps              | 1453     |
|    time_elapsed     | 84       |
|    total_timesteps  | 122123   |
| train/              |          |
|    learning_rate    | 0.0001   |
|    loss             | 0.0214   |
|    n_updates        | 5530     |
----------------------------------
----------------------------------
| rollout/            |          |
|    ep_len_mean      | 2.25e+03 |
|    ep_rew_mean      | 167      |
|    exploration_rate | 0.01     |
| time/               |          |
|    episodes         | 696      |
|    fps              | 1442     |
|    time_elapsed     | 85       |
|    total_timesteps  | 123104   |
| train/              |          |
|    learning_rate    | 0.0001   |
|    loss             | 0.0148   |
|    n_updates        | 5775     |
----------------------------------
----------------------------------
| rollout/            |          |
|    ep_len_mean      | 2.28e+03 |
|    ep_rew_mean      | 172      |
|    exploration_rate | 0.01     |
| time/               |          |
|    episodes         | 700      |
|    fps              | 1431     |
|    time_elapsed     | 86       |
|    total_timesteps  | 124085   |
| train/              |          |
|    learning_rate    | 0.0001   |
|    loss             | 0.0173   |
|    n_updates        | 6021     |
----------------------------------
----------------------------------
| rollout/            |          |
|    ep_len_mean      | 2.29e+03 |
|    ep_rew_mean      | 171      |
|    exploration_rate | 0.01     |
| time/               |          |
|    episodes         | 704      |
|    fps              | 1425     |
|    time_elapsed     | 87       |
|    total_timesteps  | 124646   |
| train/              |          |
|    learning_rate    | 0.0001   |
|    loss             | 0.000978 |
|    n_updates        | 6161     |
----------------------------------
Eval num_timesteps=125000, episode_reward=232.00 +/- 26.76
Episode length: 2210.60 +/- 508.79
----------------------------------
| eval/               |          |
|    mean_ep_length   | 2.21e+03 |
|    mean_reward      | 232      |
| rollout/            |          |
|    exploration_rate | 0.01     |
| time/               |          |
|    total_timesteps  | 125000   |
| train/              |          |
|    learning_rate    | 0.0001   |
|    loss             | 0.017    |
|    n_updates        | 6249     |
----------------------------------
----------------------------------
| rollout/            |          |
|    ep_len_mean      | 2.29e+03 |
|    ep_rew_mean      | 173      |
|    exploration_rate | 0.01     |
| time/               |          |
|    episodes         | 708      |
|    fps              | 1380     |
|    time_elapsed     | 90       |
|    total_timesteps  | 125402   |
| train/              |          |
|    learning_rate    | 0.0001   |
|    loss             | 0.00249  |
|    n_updates        | 6350     |
----------------------------------
----------------------------------
| rollout/            |          |
|    ep_len_mean      | 2.29e+03 |
|    ep_rew_mean      | 174      |
|    exploration_rate | 0.01     |
| time/               |          |
|    episodes         | 712      |
|    fps              | 1368     |
|    time_elapsed     | 92       |
|    total_timesteps  | 126627   |
| train/              |          |
|    learning_rate    | 0.0001   |
|    loss             | 0.000944 |
|    n_updates        | 6656     |
----------------------------------
----------------------------------
| rollout/            |          |
|    ep_len_mean      | 2.32e+03 |
|    ep_rew_mean      | 176      |
|    exploration_rate | 0.01     |
| time/               |          |
|    episodes         | 716      |
|    fps              | 1357     |
|    time_elapsed     | 94       |
|    total_timesteps  | 127834   |
| train/              |          |
|    learning_rate    | 0.0001   |
|    loss             | 0.0154   |
|    n_updates        | 6958     |
----------------------------------
----------------------------------
| rollout/            |          |
|    ep_len_mean      | 2.33e+03 |
|    ep_rew_mean      | 177      |
|    exploration_rate | 0.01     |
| time/               |          |
|    episodes         | 720      |
|    fps              | 1349     |
|    time_elapsed     | 95       |
|    total_timesteps  | 128695   |
| train/              |          |
|    learning_rate    | 0.0001   |
|    loss             | 0.000795 |
|    n_updates        | 7173     |
----------------------------------
----------------------------------
| rollout/            |          |
|    ep_len_mean      | 2.33e+03 |
|    ep_rew_mean      | 177      |
|    exploration_rate | 0.01     |
| time/               |          |
|    episodes         | 724      |
|    fps              | 1342     |
|    time_elapsed     | 96       |
|    total_timesteps  | 129575   |
| train/              |          |
|    learning_rate    | 0.0001   |
|    loss             | 0.000704 |
|    n_updates        | 7393     |
----------------------------------
----------------------------------
| rollout/            |          |
|    ep_len_mean      | 2.36e+03 |
|    ep_rew_mean      | 181      |
|    exploration_rate | 0.01     |
| time/               |          |
|    episodes         | 728      |
|    fps              | 1333     |
|    time_elapsed     | 97       |
|    total_timesteps  | 130525   |
| train/              |          |
|    learning_rate    | 0.0001   |
|    loss             | 0.0174   |
|    n_updates        | 7631     |
----------------------------------
----------------------------------
| rollout/            |          |
|    ep_len_mean      | 2.38e+03 |
|    ep_rew_mean      | 185      |
|    exploration_rate | 0.01     |
| time/               |          |
|    episodes         | 732      |
|    fps              | 1322     |
|    time_elapsed     | 99       |
|    total_timesteps  | 131745   |
| train/              |          |
|    learning_rate    | 0.0001   |
|    loss             | 0.0161   |
|    n_updates        | 7936     |
----------------------------------
----------------------------------
| rollout/            |          |
|    ep_len_mean      | 2.41e+03 |
|    ep_rew_mean      | 187      |
|    exploration_rate | 0.01     |
| time/               |          |
|    episodes         | 736      |
|    fps              | 1312     |
|    time_elapsed     | 101      |
|    total_timesteps  | 132928   |
| train/              |          |
|    learning_rate    | 0.0001   |
|    loss             | 0.0116   |
|    n_updates        | 8231     |
----------------------------------
----------------------------------
| rollout/            |          |
|    ep_len_mean      | 2.42e+03 |
|    ep_rew_mean      | 189      |
|    exploration_rate | 0.01     |
| time/               |          |
|    episodes         | 740      |
|    fps              | 1306     |
|    time_elapsed     | 102      |
|    total_timesteps  | 133663   |
| train/              |          |
|    learning_rate    | 0.0001   |
|    loss             | 0.0225   |
|    n_updates        | 8415     |
----------------------------------
----------------------------------
| rollout/            |          |
|    ep_len_mean      | 2.41e+03 |
|    ep_rew_mean      | 188      |
|    exploration_rate | 0.01     |
| time/               |          |
|    episodes         | 744      |
|    fps              | 1301     |
|    time_elapsed     | 103      |
|    total_timesteps  | 134380   |
| train/              |          |
|    learning_rate    | 0.0001   |
|    loss             | 0.0284   |
|    n_updates        | 8594     |
----------------------------------
----------------------------------
| rollout/            |          |
|    ep_len_mean      | 2.43e+03 |
|    ep_rew_mean      | 189      |
|    exploration_rate | 0.01     |
| time/               |          |
|    episodes         | 748      |
|    fps              | 1291     |
|    time_elapsed     | 105      |
|    total_timesteps  | 135679   |
| train/              |          |
|    learning_rate    | 0.0001   |
|    loss             | 0.00149  |
|    n_updates        | 8919     |
----------------------------------
----------------------------------
| rollout/            |          |
|    ep_len_mean      | 2.46e+03 |
|    ep_rew_mean      | 191      |
|    exploration_rate | 0.01     |
| time/               |          |
|    episodes         | 752      |
|    fps              | 1284     |
|    time_elapsed     | 106      |
|    total_timesteps  | 136666   |
| train/              |          |
|    learning_rate    | 0.0001   |
|    loss             | 0.00647  |
|    n_updates        | 9166     |
----------------------------------
----------------------------------
| rollout/            |          |
|    ep_len_mean      | 2.47e+03 |
|    ep_rew_mean      | 193      |
|    exploration_rate | 0.01     |
| time/               |          |
|    episodes         | 756      |
|    fps              | 1277     |
|    time_elapsed     | 107      |
|    total_timesteps  | 137566   |
| train/              |          |
|    learning_rate    | 0.0001   |
|    loss             | 0.0155   |
|    n_updates        | 9391     |
----------------------------------
----------------------------------
| rollout/            |          |
|    ep_len_mean      | 2.46e+03 |
|    ep_rew_mean      | 192      |
|    exploration_rate | 0.01     |
| time/               |          |
|    episodes         | 760      |
|    fps              | 1274     |
|    time_elapsed     | 108      |
|    total_timesteps  | 137920   |
| train/              |          |
|    learning_rate    | 0.0001   |
|    loss             | 0.00235  |
|    n_updates        | 9479     |
----------------------------------
----------------------------------
| rollout/            |          |
|    ep_len_mean      | 2.46e+03 |
|    ep_rew_mean      | 192      |
|    exploration_rate | 0.01     |
| time/               |          |
|    episodes         | 764      |
|    fps              | 1269     |
|    time_elapsed     | 109      |
|    total_timesteps  | 138643   |
| train/              |          |
|    learning_rate    | 0.0001   |
|    loss             | 0.0249   |
|    n_updates        | 9660     |
----------------------------------
----------------------------------
| rollout/            |          |
|    ep_len_mean      | 2.49e+03 |
|    ep_rew_mean      | 194      |
|    exploration_rate | 0.01     |
| time/               |          |
|    episodes         | 768      |
|    fps              | 1260     |
|    time_elapsed     | 111      |
|    total_timesteps  | 140078   |
| train/              |          |
|    learning_rate    | 0.0001   |
|    loss             | 0.00199  |
|    n_updates        | 10019    |
----------------------------------
----------------------------------
| rollout/            |          |
|    ep_len_mean      | 2.51e+03 |
|    ep_rew_mean      | 195      |
|    exploration_rate | 0.01     |
| time/               |          |
|    episodes         | 772      |
|    fps              | 1251     |
|    time_elapsed     | 113      |
|    total_timesteps  | 141532   |
| train/              |          |
|    learning_rate    | 0.0001   |
|    loss             | 0.0137   |
|    n_updates        | 10382    |
----------------------------------
----------------------------------
| rollout/            |          |
|    ep_len_mean      | 2.52e+03 |
|    ep_rew_mean      | 197      |
|    exploration_rate | 0.01     |
| time/               |          |
|    episodes         | 776      |
|    fps              | 1246     |
|    time_elapsed     | 114      |
|    total_timesteps  | 142173   |
| train/              |          |
|    learning_rate    | 0.0001   |
|    loss             | 0.0163   |
|    n_updates        | 10543    |
----------------------------------
----------------------------------
| rollout/            |          |
|    ep_len_mean      | 2.54e+03 |
|    ep_rew_mean      | 199      |
|    exploration_rate | 0.01     |
| time/               |          |
|    episodes         | 780      |
|    fps              | 1240     |
|    time_elapsed     | 115      |
|    total_timesteps  | 143267   |
| train/              |          |
|    learning_rate    | 0.0001   |
|    loss             | 0.0016   |
|    n_updates        | 10816    |
----------------------------------
----------------------------------
| rollout/            |          |
|    ep_len_mean      | 2.53e+03 |
|    ep_rew_mean      | 197      |
|    exploration_rate | 0.01     |
| time/               |          |
|    episodes         | 784      |
|    fps              | 1237     |
|    time_elapsed     | 116      |
|    total_timesteps  | 143829   |
| train/              |          |
|    learning_rate    | 0.0001   |
|    loss             | 0.0535   |
|    n_updates        | 10957    |
----------------------------------
----------------------------------
| rollout/            |          |
|    ep_len_mean      | 2.52e+03 |
|    ep_rew_mean      | 199      |
|    exploration_rate | 0.01     |
| time/               |          |
|    episodes         | 788      |
|    fps              | 1233     |
|    time_elapsed     | 117      |
|    total_timesteps  | 144473   |
| train/              |          |
|    learning_rate    | 0.0001   |
|    loss             | 0.016    |
|    n_updates        | 11118    |
----------------------------------
----------------------------------
| rollout/            |          |
|    ep_len_mean      | 2.54e+03 |
|    ep_rew_mean      | 201      |
|    exploration_rate | 0.01     |
| time/               |          |
|    episodes         | 792      |
|    fps              | 1227     |
|    time_elapsed     | 118      |
|    total_timesteps  | 145531   |
| train/              |          |
|    learning_rate    | 0.0001   |
|    loss             | 0.0255   |
|    n_updates        | 11382    |
----------------------------------
----------------------------------
| rollout/            |          |
|    ep_len_mean      | 2.54e+03 |
|    ep_rew_mean      | 202      |
|    exploration_rate | 0.01     |
| time/               |          |
|    episodes         | 796      |
|    fps              | 1224     |
|    time_elapsed     | 119      |
|    total_timesteps  | 145952   |
| train/              |          |
|    learning_rate    | 0.0001   |
|    loss             | 0.00157  |
|    n_updates        | 11487    |
----------------------------------
----------------------------------
| rollout/            |          |
|    ep_len_mean      | 2.53e+03 |
|    ep_rew_mean      | 200      |
|    exploration_rate | 0.01     |
| time/               |          |
|    episodes         | 800      |
|    fps              | 1221     |
|    time_elapsed     | 119      |
|    total_timesteps  | 146475   |
| train/              |          |
|    learning_rate    | 0.0001   |
|    loss             | 0.0271   |
|    n_updates        | 11618    |
----------------------------------
----------------------------------
| rollout/            |          |
|    ep_len_mean      | 2.54e+03 |
|    ep_rew_mean      | 205      |
|    exploration_rate | 0.01     |
| time/               |          |
|    episodes         | 804      |
|    fps              | 1215     |
|    time_elapsed     | 121      |
|    total_timesteps  | 147562   |
| train/              |          |
|    learning_rate    | 0.0001   |
|    loss             | 0.00658  |
|    n_updates        | 11890    |
----------------------------------
----------------------------------
| rollout/            |          |
|    ep_len_mean      | 2.57e+03 |
|    ep_rew_mean      | 211      |
|    exploration_rate | 0.01     |
| time/               |          |
|    episodes         | 808      |
|    fps              | 1210     |
|    time_elapsed     | 122      |
|    total_timesteps  | 148664   |
| train/              |          |
|    learning_rate    | 0.0001   |
|    loss             | 0.021    |
|    n_updates        | 12165    |
----------------------------------
----------------------------------
| rollout/            |          |
|    ep_len_mean      | 2.59e+03 |
|    ep_rew_mean      | 215      |
|    exploration_rate | 0.01     |
| time/               |          |
|    episodes         | 812      |
|    fps              | 1205     |
|    time_elapsed     | 123      |
|    total_timesteps  | 149472   |
| train/              |          |
|    learning_rate    | 0.0001   |
|    loss             | 0.00121  |
|    n_updates        | 12367    |
----------------------------------
Eval num_timesteps=150000, episode_reward=159.00 +/- 82.61
Episode length: 1737.00 +/- 430.78
----------------------------------
| eval/               |          |
|    mean_ep_length   | 1.74e+03 |
|    mean_reward      | 159      |
| rollout/            |          |
|    exploration_rate | 0.01     |
| time/               |          |
|    total_timesteps  | 150000   |
| train/              |          |
|    learning_rate    | 0.0001   |
|    loss             | 0.0183   |
|    n_updates        | 12499    |
----------------------------------
----------------------------------
| rollout/            |          |
|    ep_len_mean      | 2.61e+03 |
|    ep_rew_mean      | 218      |
|    exploration_rate | 0.01     |
| time/               |          |
|    episodes         | 816      |
|    fps              | 1182     |
|    time_elapsed     | 127      |
|    total_timesteps  | 150542   |
| train/              |          |
|    learning_rate    | 0.0001   |
|    loss             | 0.0162   |
|    n_updates        | 12635    |
----------------------------------
----------------------------------
| rollout/            |          |
|    ep_len_mean      | 2.61e+03 |
|    ep_rew_mean      | 218      |
|    exploration_rate | 0.01     |
| time/               |          |
|    episodes         | 820      |
|    fps              | 1178     |
|    time_elapsed     | 128      |
|    total_timesteps  | 151334   |
| train/              |          |
|    learning_rate    | 0.0001   |
|    loss             | 0.00465  |
|    n_updates        | 12833    |
----------------------------------
----------------------------------
| rollout/            |          |
|    ep_len_mean      | 2.61e+03 |
|    ep_rew_mean      | 218      |
|    exploration_rate | 0.01     |
| time/               |          |
|    episodes         | 824      |
|    fps              | 1174     |
|    time_elapsed     | 129      |
|    total_timesteps  | 152198   |
| train/              |          |
|    learning_rate    | 0.0001   |
|    loss             | 0.00229  |
|    n_updates        | 13049    |
----------------------------------
----------------------------------
| rollout/            |          |
|    ep_len_mean      | 2.59e+03 |
|    ep_rew_mean      | 215      |
|    exploration_rate | 0.01     |
| time/               |          |
|    episodes         | 828      |
|    fps              | 1171     |
|    time_elapsed     | 130      |
|    total_timesteps  | 152956   |
| train/              |          |
|    learning_rate    | 0.0001   |
|    loss             | 0.00521  |
|    n_updates        | 13238    |
----------------------------------
----------------------------------
| rollout/            |          |
|    ep_len_mean      | 2.6e+03  |
|    ep_rew_mean      | 216      |
|    exploration_rate | 0.01     |
| time/               |          |
|    episodes         | 832      |
|    fps              | 1168     |
|    time_elapsed     | 131      |
|    total_timesteps  | 153589   |
| train/              |          |
|    learning_rate    | 0.0001   |
|    loss             | 0.00215  |
|    n_updates        | 13397    |
----------------------------------
----------------------------------
| rollout/            |          |
|    ep_len_mean      | 2.6e+03  |
|    ep_rew_mean      | 220      |
|    exploration_rate | 0.01     |
| time/               |          |
|    episodes         | 836      |
|    fps              | 1165     |
|    time_elapsed     | 132      |
|    total_timesteps  | 154296   |
| train/              |          |
|    learning_rate    | 0.0001   |
|    loss             | 0.0259   |
|    n_updates        | 13573    |
----------------------------------
----------------------------------
| rollout/            |          |
|    ep_len_mean      | 2.61e+03 |
|    ep_rew_mean      | 221      |
|    exploration_rate | 0.01     |
| time/               |          |
|    episodes         | 840      |
|    fps              | 1161     |
|    time_elapsed     | 133      |
|    total_timesteps  | 155101   |
| train/              |          |
|    learning_rate    | 0.0001   |
|    loss             | 0.00399  |
|    n_updates        | 13775    |
----------------------------------
----------------------------------
| rollout/            |          |
|    ep_len_mean      | 2.62e+03 |
|    ep_rew_mean      | 222      |
|    exploration_rate | 0.01     |
| time/               |          |
|    episodes         | 844      |
|    fps              | 1157     |
|    time_elapsed     | 134      |
|    total_timesteps  | 155990   |
| train/              |          |
|    learning_rate    | 0.0001   |
|    loss             | 0.007    |
|    n_updates        | 13997    |
----------------------------------
----------------------------------
| rollout/            |          |
|    ep_len_mean      | 2.64e+03 |
|    ep_rew_mean      | 224      |
|    exploration_rate | 0.01     |
| time/               |          |
|    episodes         | 848      |
|    fps              | 1152     |
|    time_elapsed     | 136      |
|    total_timesteps  | 157197   |
| train/              |          |
|    learning_rate    | 0.0001   |
|    loss             | 0.0131   |
|    n_updates        | 14299    |
----------------------------------
----------------------------------
| rollout/            |          |
|    ep_len_mean      | 2.65e+03 |
|    ep_rew_mean      | 225      |
|    exploration_rate | 0.01     |
| time/               |          |
|    episodes         | 852      |
|    fps              | 1147     |
|    time_elapsed     | 137      |
|    total_timesteps  | 158274   |
| train/              |          |
|    learning_rate    | 0.0001   |
|    loss             | 0.00296  |
|    n_updates        | 14568    |
----------------------------------
----------------------------------
| rollout/            |          |
|    ep_len_mean      | 2.67e+03 |
|    ep_rew_mean      | 229      |
|    exploration_rate | 0.01     |
| time/               |          |
|    episodes         | 856      |
|    fps              | 1142     |
|    time_elapsed     | 139      |
|    total_timesteps  | 159342   |
| train/              |          |
|    learning_rate    | 0.0001   |
|    loss             | 0.025    |
|    n_updates        | 14835    |
----------------------------------
----------------------------------
| rollout/            |          |
|    ep_len_mean      | 2.7e+03  |
|    ep_rew_mean      | 234      |
|    exploration_rate | 0.01     |
| time/               |          |
|    episodes         | 860      |
|    fps              | 1138     |
|    time_elapsed     | 141      |
|    total_timesteps  | 160522   |
| train/              |          |
|    learning_rate    | 0.0001   |
|    loss             | 0.0315   |
|    n_updates        | 15130    |
----------------------------------
----------------------------------
| rollout/            |          |
|    ep_len_mean      | 2.7e+03  |
|    ep_rew_mean      | 234      |
|    exploration_rate | 0.01     |
| time/               |          |
|    episodes         | 864      |
|    fps              | 1135     |
|    time_elapsed     | 142      |
|    total_timesteps  | 161317   |
| train/              |          |
|    learning_rate    | 0.0001   |
|    loss             | 0.00503  |
|    n_updates        | 15329    |
----------------------------------
----------------------------------
| rollout/            |          |
|    ep_len_mean      | 2.71e+03 |
|    ep_rew_mean      | 236      |
|    exploration_rate | 0.01     |
| time/               |          |
|    episodes         | 868      |
|    fps              | 1131     |
|    time_elapsed     | 143      |
|    total_timesteps  | 162155   |
| train/              |          |
|    learning_rate    | 0.0001   |
|    loss             | 0.0381   |
|    n_updates        | 15538    |
----------------------------------
----------------------------------
| rollout/            |          |
|    ep_len_mean      | 2.73e+03 |
|    ep_rew_mean      | 237      |
|    exploration_rate | 0.01     |
| time/               |          |
|    episodes         | 872      |
|    fps              | 1127     |
|    time_elapsed     | 144      |
|    total_timesteps  | 163264   |
| train/              |          |
|    learning_rate    | 0.0001   |
|    loss             | 0.00308  |
|    n_updates        | 15815    |
----------------------------------
----------------------------------
| rollout/            |          |
|    ep_len_mean      | 2.76e+03 |
|    ep_rew_mean      | 241      |
|    exploration_rate | 0.01     |
| time/               |          |
|    episodes         | 876      |
|    fps              | 1123     |
|    time_elapsed     | 146      |
|    total_timesteps  | 164524   |
| train/              |          |
|    learning_rate    | 0.0001   |
|    loss             | 0.0157   |
|    n_updates        | 16130    |
----------------------------------
----------------------------------
| rollout/            |          |
|    ep_len_mean      | 2.76e+03 |
|    ep_rew_mean      | 241      |
|    exploration_rate | 0.01     |
| time/               |          |
|    episodes         | 880      |
|    fps              | 1120     |
|    time_elapsed     | 147      |
|    total_timesteps  | 165219   |
| train/              |          |
|    learning_rate    | 0.0001   |
|    loss             | 0.0357   |
|    n_updates        | 16304    |
----------------------------------
----------------------------------
| rollout/            |          |
|    ep_len_mean      | 2.77e+03 |
|    ep_rew_mean      | 245      |
|    exploration_rate | 0.01     |
| time/               |          |
|    episodes         | 884      |
|    fps              | 1117     |
|    time_elapsed     | 148      |
|    total_timesteps  | 165996   |
| train/              |          |
|    learning_rate    | 0.0001   |
|    loss             | 0.0313   |
|    n_updates        | 16498    |
----------------------------------
----------------------------------
| rollout/            |          |
|    ep_len_mean      | 2.79e+03 |
|    ep_rew_mean      | 246      |
|    exploration_rate | 0.01     |
| time/               |          |
|    episodes         | 888      |
|    fps              | 1114     |
|    time_elapsed     | 149      |
|    total_timesteps  | 166979   |
| train/              |          |
|    learning_rate    | 0.0001   |
|    loss             | 0.00573  |
|    n_updates        | 16744    |
----------------------------------
----------------------------------
| rollout/            |          |
|    ep_len_mean      | 2.79e+03 |
|    ep_rew_mean      | 249      |
|    exploration_rate | 0.01     |
| time/               |          |
|    episodes         | 892      |
|    fps              | 1111     |
|    time_elapsed     | 150      |
|    total_timesteps  | 167686   |
| train/              |          |
|    learning_rate    | 0.0001   |
|    loss             | 0.0106   |
|    n_updates        | 16921    |
----------------------------------
----------------------------------
| rollout/            |          |
|    ep_len_mean      | 2.81e+03 |
|    ep_rew_mean      | 246      |
|    exploration_rate | 0.01     |
| time/               |          |
|    episodes         | 896      |
|    fps              | 1106     |
|    time_elapsed     | 153      |
|    total_timesteps  | 169337   |
| train/              |          |
|    learning_rate    | 0.0001   |
|    loss             | 0.00593  |
|    n_updates        | 17334    |
----------------------------------
----------------------------------
| rollout/            |          |
|    ep_len_mean      | 2.82e+03 |
|    ep_rew_mean      | 247      |
|    exploration_rate | 0.01     |
| time/               |          |
|    episodes         | 900      |
|    fps              | 1101     |
|    time_elapsed     | 155      |
|    total_timesteps  | 170845   |
| train/              |          |
|    learning_rate    | 0.0001   |
|    loss             | 0.0113   |
|    n_updates        | 17711    |
----------------------------------
----------------------------------
| rollout/            |          |
|    ep_len_mean      | 2.84e+03 |
|    ep_rew_mean      | 249      |
|    exploration_rate | 0.01     |
| time/               |          |
|    episodes         | 904      |
|    fps              | 1098     |
|    time_elapsed     | 156      |
|    total_timesteps  | 171615   |
| train/              |          |
|    learning_rate    | 0.0001   |
|    loss             | 0.00759  |
|    n_updates        | 17903    |
----------------------------------
----------------------------------
| rollout/            |          |
|    ep_len_mean      | 2.81e+03 |
|    ep_rew_mean      | 251      |
|    exploration_rate | 0.01     |
| time/               |          |
|    episodes         | 908      |
|    fps              | 1095     |
|    time_elapsed     | 157      |
|    total_timesteps  | 172436   |
| train/              |          |
|    learning_rate    | 0.0001   |
|    loss             | 0.05     |
|    n_updates        | 18108    |
----------------------------------
----------------------------------
| rollout/            |          |
|    ep_len_mean      | 2.79e+03 |
|    ep_rew_mean      | 249      |
|    exploration_rate | 0.01     |
| time/               |          |
|    episodes         | 912      |
|    fps              | 1093     |
|    time_elapsed     | 158      |
|    total_timesteps  | 173141   |
| train/              |          |
|    learning_rate    | 0.0001   |
|    loss             | 0.00587  |
|    n_updates        | 18285    |
----------------------------------
----------------------------------
| rollout/            |          |
|    ep_len_mean      | 2.79e+03 |
|    ep_rew_mean      | 253      |
|    exploration_rate | 0.01     |
| time/               |          |
|    episodes         | 916      |
|    fps              | 1090     |
|    time_elapsed     | 159      |
|    total_timesteps  | 174138   |
| train/              |          |
|    learning_rate    | 0.0001   |
|    loss             | 0.00371  |
|    n_updates        | 18534    |
----------------------------------
----------------------------------
| rollout/            |          |
|    ep_len_mean      | 2.79e+03 |
|    ep_rew_mean      | 252      |
|    exploration_rate | 0.01     |
| time/               |          |
|    episodes         | 920      |
|    fps              | 1088     |
|    time_elapsed     | 160      |
|    total_timesteps  | 174698   |
| train/              |          |
|    learning_rate    | 0.0001   |
|    loss             | 0.0102   |
|    n_updates        | 18674    |
----------------------------------
Eval num_timesteps=175000, episode_reward=231.00 +/- 12.41
Episode length: 2653.40 +/- 783.65
----------------------------------
| eval/               |          |
|    mean_ep_length   | 2.65e+03 |
|    mean_reward      | 231      |
| rollout/            |          |
|    exploration_rate | 0.01     |
| time/               |          |
|    total_timesteps  | 175000   |
| train/              |          |
|    learning_rate    | 0.0001   |
|    loss             | 0.00708  |
|    n_updates        | 18749    |
----------------------------------
----------------------------------
| rollout/            |          |
|    ep_len_mean      | 2.79e+03 |
|    ep_rew_mean      | 252      |
|    exploration_rate | 0.01     |
| time/               |          |
|    episodes         | 924      |
|    fps              | 1068     |
|    time_elapsed     | 164      |
|    total_timesteps  | 175376   |
| train/              |          |
|    learning_rate    | 0.0001   |
|    loss             | 0.0522   |
|    n_updates        | 18843    |
----------------------------------
----------------------------------
| rollout/            |          |
|    ep_len_mean      | 2.79e+03 |
|    ep_rew_mean      | 254      |
|    exploration_rate | 0.01     |
| time/               |          |
|    episodes         | 928      |
|    fps              | 1065     |
|    time_elapsed     | 165      |
|    total_timesteps  | 176193   |
| train/              |          |
|    learning_rate    | 0.0001   |
|    loss             | 0.00503  |
|    n_updates        | 19048    |
----------------------------------
----------------------------------
| rollout/            |          |
|    ep_len_mean      | 2.76e+03 |
|    ep_rew_mean      | 249      |
|    exploration_rate | 0.01     |
| time/               |          |
|    episodes         | 932      |
|    fps              | 1063     |
|    time_elapsed     | 166      |
|    total_timesteps  | 177040   |
| train/              |          |
|    learning_rate    | 0.0001   |
|    loss             | 0.00885  |
|    n_updates        | 19259    |
----------------------------------
----------------------------------
| rollout/            |          |
|    ep_len_mean      | 2.74e+03 |
|    ep_rew_mean      | 248      |
|    exploration_rate | 0.01     |
| time/               |          |
|    episodes         | 936      |
|    fps              | 1062     |
|    time_elapsed     | 167      |
|    total_timesteps  | 177543   |
| train/              |          |
|    learning_rate    | 0.0001   |
|    loss             | 0.179    |
|    n_updates        | 19385    |
----------------------------------
----------------------------------
| rollout/            |          |
|    ep_len_mean      | 2.74e+03 |
|    ep_rew_mean      | 249      |
|    exploration_rate | 0.01     |
| time/               |          |
|    episodes         | 940      |
|    fps              | 1060     |
|    time_elapsed     | 168      |
|    total_timesteps  | 178261   |
| train/              |          |
|    learning_rate    | 0.0001   |
|    loss             | 0.0115   |
|    n_updates        | 19565    |
----------------------------------
----------------------------------
| rollout/            |          |
|    ep_len_mean      | 2.74e+03 |
|    ep_rew_mean      | 250      |
|    exploration_rate | 0.01     |
| time/               |          |
|    episodes         | 944      |
|    fps              | 1058     |
|    time_elapsed     | 168      |
|    total_timesteps  | 178811   |
| train/              |          |
|    learning_rate    | 0.0001   |
|    loss             | 0.0169   |
|    n_updates        | 19702    |
----------------------------------
----------------------------------
| rollout/            |          |
|    ep_len_mean      | 2.73e+03 |
|    ep_rew_mean      | 250      |
|    exploration_rate | 0.01     |
| time/               |          |
|    episodes         | 948      |
|    fps              | 1056     |
|    time_elapsed     | 169      |
|    total_timesteps  | 179496   |
| train/              |          |
|    learning_rate    | 0.0001   |
|    loss             | 0.0349   |
|    n_updates        | 19873    |
----------------------------------
----------------------------------
| rollout/            |          |
|    ep_len_mean      | 2.72e+03 |
|    ep_rew_mean      | 251      |
|    exploration_rate | 0.01     |
| time/               |          |
|    episodes         | 952      |
|    fps              | 1054     |
|    time_elapsed     | 171      |
|    total_timesteps  | 180509   |
| train/              |          |
|    learning_rate    | 0.0001   |
|    loss             | 0.00349  |
|    n_updates        | 20127    |
----------------------------------
----------------------------------
| rollout/            |          |
|    ep_len_mean      | 2.73e+03 |
|    ep_rew_mean      | 252      |
|    exploration_rate | 0.01     |
| time/               |          |
|    episodes         | 956      |
|    fps              | 1052     |
|    time_elapsed     | 172      |
|    total_timesteps  | 181098   |
| train/              |          |
|    learning_rate    | 0.0001   |
|    loss             | 0.00339  |
|    n_updates        | 20274    |
----------------------------------
----------------------------------
| rollout/            |          |
|    ep_len_mean      | 2.72e+03 |
|    ep_rew_mean      | 250      |
|    exploration_rate | 0.01     |
| time/               |          |
|    episodes         | 960      |
|    fps              | 1050     |
|    time_elapsed     | 173      |
|    total_timesteps  | 181959   |
| train/              |          |
|    learning_rate    | 0.0001   |
|    loss             | 0.0248   |
|    n_updates        | 20489    |
----------------------------------
----------------------------------
| rollout/            |          |
|    ep_len_mean      | 2.7e+03  |
|    ep_rew_mean      | 248      |
|    exploration_rate | 0.01     |
| time/               |          |
|    episodes         | 964      |
|    fps              | 1048     |
|    time_elapsed     | 174      |
|    total_timesteps  | 182602   |
| train/              |          |
|    learning_rate    | 0.0001   |
|    loss             | 0.00899  |
|    n_updates        | 20650    |
----------------------------------
----------------------------------
| rollout/            |          |
|    ep_len_mean      | 2.67e+03 |
|    ep_rew_mean      | 245      |
|    exploration_rate | 0.01     |
| time/               |          |
|    episodes         | 968      |
|    fps              | 1047     |
|    time_elapsed     | 174      |
|    total_timesteps  | 183216   |
| train/              |          |
|    learning_rate    | 0.0001   |
|    loss             | 0.0146   |
|    n_updates        | 20803    |
----------------------------------
----------------------------------
| rollout/            |          |
|    ep_len_mean      | 2.67e+03 |
|    ep_rew_mean      | 245      |
|    exploration_rate | 0.01     |
| time/               |          |
|    episodes         | 972      |
|    fps              | 1044     |
|    time_elapsed     | 176      |
|    total_timesteps  | 184189   |
| train/              |          |
|    learning_rate    | 0.0001   |
|    loss             | 0.0521   |
|    n_updates        | 21047    |
----------------------------------
----------------------------------
| rollout/            |          |
|    ep_len_mean      | 2.68e+03 |
|    ep_rew_mean      | 242      |
|    exploration_rate | 0.01     |
| time/               |          |
|    episodes         | 976      |
|    fps              | 1042     |
|    time_elapsed     | 177      |
|    total_timesteps  | 185188   |
| train/              |          |
|    learning_rate    | 0.0001   |
|    loss             | 0.0771   |
|    n_updates        | 21296    |
----------------------------------
----------------------------------
| rollout/            |          |
|    ep_len_mean      | 2.67e+03 |
|    ep_rew_mean      | 240      |
|    exploration_rate | 0.01     |
| time/               |          |
|    episodes         | 980      |
|    fps              | 1040     |
|    time_elapsed     | 178      |
|    total_timesteps  | 185766   |
| train/              |          |
|    learning_rate    | 0.0001   |
|    loss             | 0.0442   |
|    n_updates        | 21441    |
----------------------------------
----------------------------------
| rollout/            |          |
|    ep_len_mean      | 2.67e+03 |
|    ep_rew_mean      | 241      |
|    exploration_rate | 0.01     |
| time/               |          |
|    episodes         | 984      |
|    fps              | 1039     |
|    time_elapsed     | 179      |
|    total_timesteps  | 186544   |
| train/              |          |
|    learning_rate    | 0.0001   |
|    loss             | 0.0139   |
|    n_updates        | 21635    |
----------------------------------
----------------------------------
| rollout/            |          |
|    ep_len_mean      | 2.67e+03 |
|    ep_rew_mean      | 240      |
|    exploration_rate | 0.01     |
| time/               |          |
|    episodes         | 988      |
|    fps              | 1037     |
|    time_elapsed     | 180      |
|    total_timesteps  | 187175   |
| train/              |          |
|    learning_rate    | 0.0001   |
|    loss             | 0.00326  |
|    n_updates        | 21793    |
----------------------------------
----------------------------------
| rollout/            |          |
|    ep_len_mean      | 2.69e+03 |
|    ep_rew_mean      | 243      |
|    exploration_rate | 0.01     |
| time/               |          |
|    episodes         | 992      |
|    fps              | 1035     |
|    time_elapsed     | 181      |
|    total_timesteps  | 188269   |
| train/              |          |
|    learning_rate    | 0.0001   |
|    loss             | 0.0341   |
|    n_updates        | 22067    |
----------------------------------
----------------------------------
| rollout/            |          |
|    ep_len_mean      | 2.7e+03  |
|    ep_rew_mean      | 245      |
|    exploration_rate | 0.01     |
| time/               |          |
|    episodes         | 996      |
|    fps              | 1033     |
|    time_elapsed     | 182      |
|    total_timesteps  | 188988   |
| train/              |          |
|    learning_rate    | 0.0001   |
|    loss             | 0.00519  |
|    n_updates        | 22246    |
----------------------------------
----------------------------------
| rollout/            |          |
|    ep_len_mean      | 2.67e+03 |
|    ep_rew_mean      | 240      |
|    exploration_rate | 0.01     |
| time/               |          |
|    episodes         | 1000     |
|    fps              | 1032     |
|    time_elapsed     | 183      |
|    total_timesteps  | 189342   |
| train/              |          |
|    learning_rate    | 0.0001   |
|    loss             | 0.0146   |
|    n_updates        | 22335    |
----------------------------------
----------------------------------
| rollout/            |          |
|    ep_len_mean      | 2.67e+03 |
|    ep_rew_mean      | 242      |
|    exploration_rate | 0.01     |
| time/               |          |
|    episodes         | 1004     |
|    fps              | 1030     |
|    time_elapsed     | 184      |
|    total_timesteps  | 190082   |
| train/              |          |
|    learning_rate    | 0.0001   |
|    loss             | 0.0385   |
|    n_updates        | 22520    |
----------------------------------
----------------------------------
| rollout/            |          |
|    ep_len_mean      | 2.66e+03 |
|    ep_rew_mean      | 241      |
|    exploration_rate | 0.01     |
| time/               |          |
|    episodes         | 1008     |
|    fps              | 1029     |
|    time_elapsed     | 185      |
|    total_timesteps  | 190698   |
| train/              |          |
|    learning_rate    | 0.0001   |
|    loss             | 0.0334   |
|    n_updates        | 22674    |
----------------------------------
----------------------------------
| rollout/            |          |
|    ep_len_mean      | 2.65e+03 |
|    ep_rew_mean      | 240      |
|    exploration_rate | 0.01     |
| time/               |          |
|    episodes         | 1012     |
|    fps              | 1027     |
|    time_elapsed     | 186      |
|    total_timesteps  | 191458   |
| train/              |          |
|    learning_rate    | 0.0001   |
|    loss             | 0.00545  |
|    n_updates        | 22864    |
----------------------------------
----------------------------------
| rollout/            |          |
|    ep_len_mean      | 2.68e+03 |
|    ep_rew_mean      | 243      |
|    exploration_rate | 0.01     |
| time/               |          |
|    episodes         | 1016     |
|    fps              | 1023     |
|    time_elapsed     | 189      |
|    total_timesteps  | 193598   |
| train/              |          |
|    learning_rate    | 0.0001   |
|    loss             | 0.0196   |
|    n_updates        | 23399    |
----------------------------------
----------------------------------
| rollout/            |          |
|    ep_len_mean      | 2.67e+03 |
|    ep_rew_mean      | 242      |
|    exploration_rate | 0.01     |
| time/               |          |
|    episodes         | 1020     |
|    fps              | 1022     |
|    time_elapsed     | 189      |
|    total_timesteps  | 194127   |
| train/              |          |
|    learning_rate    | 0.0001   |
|    loss             | 0.00355  |
|    n_updates        | 23531    |
----------------------------------
----------------------------------
| rollout/            |          |
|    ep_len_mean      | 2.66e+03 |
|    ep_rew_mean      | 242      |
|    exploration_rate | 0.01     |
| time/               |          |
|    episodes         | 1024     |
|    fps              | 1020     |
|    time_elapsed     | 191      |
|    total_timesteps  | 195097   |
| train/              |          |
|    learning_rate    | 0.0001   |
|    loss             | 0.027    |
|    n_updates        | 23774    |
----------------------------------
----------------------------------
| rollout/            |          |
|    ep_len_mean      | 2.68e+03 |
|    ep_rew_mean      | 242      |
|    exploration_rate | 0.01     |
| time/               |          |
|    episodes         | 1028     |
|    fps              | 1017     |
|    time_elapsed     | 192      |
|    total_timesteps  | 196238   |
| train/              |          |
|    learning_rate    | 0.0001   |
|    loss             | 0.0058   |
|    n_updates        | 24059    |
----------------------------------
----------------------------------
| rollout/            |          |
|    ep_len_mean      | 2.66e+03 |
|    ep_rew_mean      | 241      |
|    exploration_rate | 0.01     |
| time/               |          |
|    episodes         | 1032     |
|    fps              | 1016     |
|    time_elapsed     | 193      |
|    total_timesteps  | 197036   |
| train/              |          |
|    learning_rate    | 0.0001   |
|    loss             | 0.00637  |
|    n_updates        | 24258    |
----------------------------------
----------------------------------
| rollout/            |          |
|    ep_len_mean      | 2.64e+03 |
|    ep_rew_mean      | 239      |
|    exploration_rate | 0.01     |
| time/               |          |
|    episodes         | 1036     |
|    fps              | 1014     |
|    time_elapsed     | 195      |
|    total_timesteps  | 197865   |
| train/              |          |
|    learning_rate    | 0.0001   |
|    loss             | 0.0145   |
|    n_updates        | 24466    |
----------------------------------
----------------------------------
| rollout/            |          |
|    ep_len_mean      | 2.64e+03 |
|    ep_rew_mean      | 241      |
|    exploration_rate | 0.01     |
| time/               |          |
|    episodes         | 1040     |
|    fps              | 1012     |
|    time_elapsed     | 196      |
|    total_timesteps  | 198554   |
| train/              |          |
|    learning_rate    | 0.0001   |
|    loss             | 0.0029   |
|    n_updates        | 24638    |
----------------------------------
----------------------------------
| rollout/            |          |
|    ep_len_mean      | 2.64e+03 |
|    ep_rew_mean      | 241      |
|    exploration_rate | 0.01     |
| time/               |          |
|    episodes         | 1044     |
|    fps              | 1011     |
|    time_elapsed     | 196      |
|    total_timesteps  | 199101   |
| train/              |          |
|    learning_rate    | 0.0001   |
|    loss             | 0.00837  |
|    n_updates        | 24775    |
----------------------------------
----------------------------------
| rollout/            |          |
|    ep_len_mean      | 2.63e+03 |
|    ep_rew_mean      | 242      |
|    exploration_rate | 0.01     |
| time/               |          |
|    episodes         | 1048     |
|    fps              | 1009     |
|    time_elapsed     | 197      |
|    total_timesteps  | 199876   |
| train/              |          |
|    learning_rate    | 0.0001   |
|    loss             | 0.00609  |
|    n_updates        | 24968    |
----------------------------------
Eval num_timesteps=200000, episode_reward=198.00 +/- 54.09
Episode length: 2679.80 +/- 444.94
----------------------------------
| eval/               |          |
|    mean_ep_length   | 2.68e+03 |
|    mean_reward      | 198      |
| rollout/            |          |
|    exploration_rate | 0.01     |
| time/               |          |
|    total_timesteps  | 200000   |
| train/              |          |
|    learning_rate    | 0.0001   |
|    loss             | 0.00452  |
|    n_updates        | 24999    |
----------------------------------
----------------------------------
| rollout/            |          |
|    ep_len_mean      | 2.61e+03 |
|    ep_rew_mean      | 240      |
|    exploration_rate | 0.01     |
| time/               |          |
|    episodes         | 1052     |
|    fps              | 994      |
|    time_elapsed     | 201      |
|    total_timesteps  | 200623   |
| train/              |          |
|    learning_rate    | 0.0001   |
|    loss             | 0.0581   |
|    n_updates        | 25155    |
----------------------------------
----------------------------------
| rollout/            |          |
|    ep_len_mean      | 2.61e+03 |
|    ep_rew_mean      | 241      |
|    exploration_rate | 0.01     |
| time/               |          |
|    episodes         | 1056     |
|    fps              | 992      |
|    time_elapsed     | 202      |
|    total_timesteps  | 201338   |
| train/              |          |
|    learning_rate    | 0.0001   |
|    loss             | 0.106    |
|    n_updates        | 25334    |
----------------------------------
----------------------------------
| rollout/            |          |
|    ep_len_mean      | 2.62e+03 |
|    ep_rew_mean      | 243      |
|    exploration_rate | 0.01     |
| time/               |          |
|    episodes         | 1060     |
|    fps              | 991      |
|    time_elapsed     | 203      |
|    total_timesteps  | 202150   |
| train/              |          |
|    learning_rate    | 0.0001   |
|    loss             | 0.0264   |
|    n_updates        | 25537    |
----------------------------------
----------------------------------
| rollout/            |          |
|    ep_len_mean      | 2.65e+03 |
|    ep_rew_mean      | 245      |
|    exploration_rate | 0.01     |
| time/               |          |
|    episodes         | 1064     |
|    fps              | 988      |
|    time_elapsed     | 205      |
|    total_timesteps  | 203596   |
| train/              |          |
|    learning_rate    | 0.0001   |
|    loss             | 0.00426  |
|    n_updates        | 25898    |
----------------------------------
----------------------------------
| rollout/            |          |
|    ep_len_mean      | 2.61e+03 |
|    ep_rew_mean      | 242      |
|    exploration_rate | 0.01     |
| time/               |          |
|    episodes         | 1068     |
|    fps              | 987      |
|    time_elapsed     | 206      |
|    total_timesteps  | 204241   |
| train/              |          |
|    learning_rate    | 0.0001   |
|    loss             | 0.0273   |
|    n_updates        | 26060    |
----------------------------------
----------------------------------
| rollout/            |          |
|    ep_len_mean      | 2.59e+03 |
|    ep_rew_mean      | 241      |
|    exploration_rate | 0.01     |
| time/               |          |
|    episodes         | 1072     |
|    fps              | 986      |
|    time_elapsed     | 207      |
|    total_timesteps  | 204993   |
| train/              |          |
|    learning_rate    | 0.0001   |
|    loss             | 0.018    |
|    n_updates        | 26248    |
----------------------------------
----------------------------------
| rollout/            |          |
|    ep_len_mean      | 2.59e+03 |
|    ep_rew_mean      | 243      |
|    exploration_rate | 0.01     |
| time/               |          |
|    episodes         | 1076     |
|    fps              | 985      |
|    time_elapsed     | 208      |
|    total_timesteps  | 205761   |
| train/              |          |
|    learning_rate    | 0.0001   |
|    loss             | 0.00619  |
|    n_updates        | 26440    |
----------------------------------
----------------------------------
| rollout/            |          |
|    ep_len_mean      | 2.57e+03 |
|    ep_rew_mean      | 240      |
|    exploration_rate | 0.01     |
| time/               |          |
|    episodes         | 1080     |
|    fps              | 984      |
|    time_elapsed     | 209      |
|    total_timesteps  | 206319   |
| train/              |          |
|    learning_rate    | 0.0001   |
|    loss             | 0.00696  |
|    n_updates        | 26579    |
----------------------------------
----------------------------------
| rollout/            |          |
|    ep_len_mean      | 2.6e+03  |
|    ep_rew_mean      | 245      |
|    exploration_rate | 0.01     |
| time/               |          |
|    episodes         | 1084     |
|    fps              | 982      |
|    time_elapsed     | 210      |
|    total_timesteps  | 207333   |
| train/              |          |
|    learning_rate    | 0.0001   |
|    loss             | 0.00357  |
|    n_updates        | 26833    |
----------------------------------
----------------------------------
| rollout/            |          |
|    ep_len_mean      | 2.59e+03 |
|    ep_rew_mean      | 244      |
|    exploration_rate | 0.01     |
| time/               |          |
|    episodes         | 1088     |
|    fps              | 981      |
|    time_elapsed     | 212      |
|    total_timesteps  | 208098   |
| train/              |          |
|    learning_rate    | 0.0001   |
|    loss             | 0.00738  |
|    n_updates        | 27024    |
----------------------------------
----------------------------------
| rollout/            |          |
|    ep_len_mean      | 2.58e+03 |
|    ep_rew_mean      | 243      |
|    exploration_rate | 0.01     |
| time/               |          |
|    episodes         | 1092     |
|    fps              | 980      |
|    time_elapsed     | 213      |
|    total_timesteps  | 208892   |
| train/              |          |
|    learning_rate    | 0.0001   |
|    loss             | 0.00484  |
|    n_updates        | 27222    |
----------------------------------
----------------------------------
| rollout/            |          |
|    ep_len_mean      | 2.58e+03 |
|    ep_rew_mean      | 242      |
|    exploration_rate | 0.01     |
| time/               |          |
|    episodes         | 1096     |
|    fps              | 979      |
|    time_elapsed     | 213      |
|    total_timesteps  | 209311   |
| train/              |          |
|    learning_rate    | 0.0001   |
|    loss             | 0.0112   |
|    n_updates        | 27327    |
----------------------------------
----------------------------------
| rollout/            |          |
|    ep_len_mean      | 2.61e+03 |
|    ep_rew_mean      | 248      |
|    exploration_rate | 0.01     |
| time/               |          |
|    episodes         | 1100     |
|    fps              | 977      |
|    time_elapsed     | 215      |
|    total_timesteps  | 210573   |
| train/              |          |
|    learning_rate    | 0.0001   |
|    loss             | 0.0275   |
|    n_updates        | 27643    |
----------------------------------
----------------------------------
| rollout/            |          |
|    ep_len_mean      | 2.59e+03 |
|    ep_rew_mean      | 244      |
|    exploration_rate | 0.01     |
| time/               |          |
|    episodes         | 1104     |
|    fps              | 976      |
|    time_elapsed     | 216      |
|    total_timesteps  | 211162   |
| train/              |          |
|    learning_rate    | 0.0001   |
|    loss             | 0.0888   |
|    n_updates        | 27790    |
----------------------------------
----------------------------------
| rollout/            |          |
|    ep_len_mean      | 2.57e+03 |
|    ep_rew_mean      | 239      |
|    exploration_rate | 0.01     |
| time/               |          |
|    episodes         | 1108     |
|    fps              | 975      |
|    time_elapsed     | 216      |
|    total_timesteps  | 211718   |
| train/              |          |
|    learning_rate    | 0.0001   |
|    loss             | 0.0666   |
|    n_updates        | 27929    |
----------------------------------
----------------------------------
| rollout/            |          |
|    ep_len_mean      | 2.57e+03 |
|    ep_rew_mean      | 238      |
|    exploration_rate | 0.01     |
| time/               |          |
|    episodes         | 1112     |
|    fps              | 974      |
|    time_elapsed     | 218      |
|    total_timesteps  | 212546   |
| train/              |          |
|    learning_rate    | 0.0001   |
|    loss             | 0.00772  |
|    n_updates        | 28136    |
----------------------------------
----------------------------------
| rollout/            |          |
|    ep_len_mean      | 2.55e+03 |
|    ep_rew_mean      | 234      |
|    exploration_rate | 0.01     |
| time/               |          |
|    episodes         | 1116     |
|    fps              | 973      |
|    time_elapsed     | 219      |
|    total_timesteps  | 213167   |
| train/              |          |
|    learning_rate    | 0.0001   |
|    loss             | 0.00727  |
|    n_updates        | 28291    |
----------------------------------
----------------------------------
| rollout/            |          |
|    ep_len_mean      | 2.55e+03 |
|    ep_rew_mean      | 235      |
|    exploration_rate | 0.01     |
| time/               |          |
|    episodes         | 1120     |
|    fps              | 972      |
|    time_elapsed     | 219      |
|    total_timesteps  | 213725   |
| train/              |          |
|    learning_rate    | 0.0001   |
|    loss             | 0.00501  |
|    n_updates        | 28431    |
----------------------------------
----------------------------------
| rollout/            |          |
|    ep_len_mean      | 2.53e+03 |
|    ep_rew_mean      | 234      |
|    exploration_rate | 0.01     |
| time/               |          |
|    episodes         | 1124     |
|    fps              | 971      |
|    time_elapsed     | 220      |
|    total_timesteps  | 214201   |
| train/              |          |
|    learning_rate    | 0.0001   |
|    loss             | 0.00787  |
|    n_updates        | 28550    |
----------------------------------
----------------------------------
| rollout/            |          |
|    ep_len_mean      | 2.54e+03 |
|    ep_rew_mean      | 236      |
|    exploration_rate | 0.01     |
| time/               |          |
|    episodes         | 1128     |
|    fps              | 970      |
|    time_elapsed     | 221      |
|    total_timesteps  | 214984   |
| train/              |          |
|    learning_rate    | 0.0001   |
|    loss             | 0.00727  |
|    n_updates        | 28745    |
----------------------------------
----------------------------------
| rollout/            |          |
|    ep_len_mean      | 2.53e+03 |
|    ep_rew_mean      | 235      |
|    exploration_rate | 0.01     |
| time/               |          |
|    episodes         | 1132     |
|    fps              | 969      |
|    time_elapsed     | 222      |
|    total_timesteps  | 215474   |
| train/              |          |
|    learning_rate    | 0.0001   |
|    loss             | 0.0308   |
|    n_updates        | 28868    |
----------------------------------
----------------------------------
| rollout/            |          |
|    ep_len_mean      | 2.54e+03 |
|    ep_rew_mean      | 233      |
|    exploration_rate | 0.01     |
| time/               |          |
|    episodes         | 1136     |
|    fps              | 967      |
|    time_elapsed     | 223      |
|    total_timesteps  | 216596   |
| train/              |          |
|    learning_rate    | 0.0001   |
|    loss             | 0.00418  |
|    n_updates        | 29148    |
----------------------------------
----------------------------------
| rollout/            |          |
|    ep_len_mean      | 2.54e+03 |
|    ep_rew_mean      | 233      |
|    exploration_rate | 0.01     |
| time/               |          |
|    episodes         | 1140     |
|    fps              | 966      |
|    time_elapsed     | 224      |
|    total_timesteps  | 217406   |
| train/              |          |
|    learning_rate    | 0.0001   |
|    loss             | 0.0234   |
|    n_updates        | 29351    |
----------------------------------
----------------------------------
| rollout/            |          |
|    ep_len_mean      | 2.54e+03 |
|    ep_rew_mean      | 233      |
|    exploration_rate | 0.01     |
| time/               |          |
|    episodes         | 1144     |
|    fps              | 965      |
|    time_elapsed     | 226      |
|    total_timesteps  | 218355   |
| train/              |          |
|    learning_rate    | 0.0001   |
|    loss             | 0.00736  |
|    n_updates        | 29588    |
----------------------------------
----------------------------------
| rollout/            |          |
|    ep_len_mean      | 2.53e+03 |
|    ep_rew_mean      | 233      |
|    exploration_rate | 0.01     |
| time/               |          |
|    episodes         | 1148     |
|    fps              | 964      |
|    time_elapsed     | 227      |
|    total_timesteps  | 219269   |
| train/              |          |
|    learning_rate    | 0.0001   |
|    loss             | 0.0236   |
|    n_updates        | 29817    |
----------------------------------
----------------------------------
| rollout/            |          |
|    ep_len_mean      | 2.51e+03 |
|    ep_rew_mean      | 232      |
|    exploration_rate | 0.01     |
| time/               |          |
|    episodes         | 1152     |
|    fps              | 963      |
|    time_elapsed     | 228      |
|    total_timesteps  | 219895   |
| train/              |          |
|    learning_rate    | 0.0001   |
|    loss             | 0.0328   |
|    n_updates        | 29973    |
----------------------------------
----------------------------------
| rollout/            |          |
|    ep_len_mean      | 2.52e+03 |
|    ep_rew_mean      | 232      |
|    exploration_rate | 0.01     |
| time/               |          |
|    episodes         | 1156     |
|    fps              | 961      |
|    time_elapsed     | 230      |
|    total_timesteps  | 221182   |
| train/              |          |
|    learning_rate    | 0.0001   |
|    loss             | 0.0121   |
|    n_updates        | 30295    |
----------------------------------
----------------------------------
| rollout/            |          |
|    ep_len_mean      | 2.5e+03  |
|    ep_rew_mean      | 229      |
|    exploration_rate | 0.01     |
| time/               |          |
|    episodes         | 1160     |
|    fps              | 960      |
|    time_elapsed     | 231      |
|    total_timesteps  | 221947   |
| train/              |          |
|    learning_rate    | 0.0001   |
|    loss             | 0.00723  |
|    n_updates        | 30486    |
----------------------------------
----------------------------------
| rollout/            |          |
|    ep_len_mean      | 2.51e+03 |
|    ep_rew_mean      | 233      |
|    exploration_rate | 0.01     |
| time/               |          |
|    episodes         | 1164     |
|    fps              | 959      |
|    time_elapsed     | 232      |
|    total_timesteps  | 222938   |
| train/              |          |
|    learning_rate    | 0.0001   |
|    loss             | 0.068    |
|    n_updates        | 30734    |
----------------------------------
----------------------------------
| rollout/            |          |
|    ep_len_mean      | 2.51e+03 |
|    ep_rew_mean      | 232      |
|    exploration_rate | 0.01     |
| time/               |          |
|    episodes         | 1168     |
|    fps              | 958      |
|    time_elapsed     | 233      |
|    total_timesteps  | 223638   |
| train/              |          |
|    learning_rate    | 0.0001   |
|    loss             | 0.0294   |
|    n_updates        | 30909    |
----------------------------------
----------------------------------
| rollout/            |          |
|    ep_len_mean      | 2.51e+03 |
|    ep_rew_mean      | 234      |
|    exploration_rate | 0.01     |
| time/               |          |
|    episodes         | 1172     |
|    fps              | 956      |
|    time_elapsed     | 234      |
|    total_timesteps  | 224756   |
| train/              |          |
|    learning_rate    | 0.0001   |
|    loss             | 0.0147   |
|    n_updates        | 31188    |
----------------------------------
Eval num_timesteps=225000, episode_reward=209.00 +/- 49.23
Episode length: 2193.00 +/- 370.35
----------------------------------
| eval/               |          |
|    mean_ep_length   | 2.19e+03 |
|    mean_reward      | 209      |
| rollout/            |          |
|    exploration_rate | 0.01     |
| time/               |          |
|    total_timesteps  | 225000   |
| train/              |          |
|    learning_rate    | 0.0001   |
|    loss             | 0.0255   |
|    n_updates        | 31249    |
----------------------------------
----------------------------------
| rollout/            |          |
|    ep_len_mean      | 2.48e+03 |
|    ep_rew_mean      | 232      |
|    exploration_rate | 0.01     |
| time/               |          |
|    episodes         | 1176     |
|    fps              | 946      |
|    time_elapsed     | 238      |
|    total_timesteps  | 225435   |
| train/              |          |
|    learning_rate    | 0.0001   |
|    loss             | 0.006    |
|    n_updates        | 31358    |
----------------------------------
----------------------------------
| rollout/            |          |
|    ep_len_mean      | 2.47e+03 |
|    ep_rew_mean      | 231      |
|    exploration_rate | 0.01     |
| time/               |          |
|    episodes         | 1180     |
|    fps              | 945      |
|    time_elapsed     | 239      |
|    total_timesteps  | 226009   |
| train/              |          |
|    learning_rate    | 0.0001   |
|    loss             | 0.00755  |
|    n_updates        | 31502    |
----------------------------------
----------------------------------
| rollout/            |          |
|    ep_len_mean      | 2.49e+03 |
|    ep_rew_mean      | 231      |
|    exploration_rate | 0.01     |
| time/               |          |
|    episodes         | 1184     |
|    fps              | 944      |
|    time_elapsed     | 240      |
|    total_timesteps  | 227095   |
| train/              |          |
|    learning_rate    | 0.0001   |
|    loss             | 0.0532   |
|    n_updates        | 31773    |
----------------------------------
----------------------------------
| rollout/            |          |
|    ep_len_mean      | 2.49e+03 |
|    ep_rew_mean      | 233      |
|    exploration_rate | 0.01     |
| time/               |          |
|    episodes         | 1188     |
|    fps              | 942      |
|    time_elapsed     | 241      |
|    total_timesteps  | 227989   |
| train/              |          |
|    learning_rate    | 0.0001   |
|    loss             | 0.00566  |
|    n_updates        | 31997    |
----------------------------------
----------------------------------
| rollout/            |          |
|    ep_len_mean      | 2.48e+03 |
|    ep_rew_mean      | 231      |
|    exploration_rate | 0.01     |
| time/               |          |
|    episodes         | 1192     |
|    fps              | 941      |
|    time_elapsed     | 242      |
|    total_timesteps  | 228738   |
| train/              |          |
|    learning_rate    | 0.0001   |
|    loss             | 0.00699  |
|    n_updates        | 32184    |
----------------------------------
----------------------------------
| rollout/            |          |
|    ep_len_mean      | 2.46e+03 |
|    ep_rew_mean      | 227      |
|    exploration_rate | 0.01     |
| time/               |          |
|    episodes         | 1196     |
|    fps              | 940      |
|    time_elapsed     | 244      |
|    total_timesteps  | 229604   |
| train/              |          |
|    learning_rate    | 0.0001   |
|    loss             | 0.0114   |
|    n_updates        | 32400    |
----------------------------------
----------------------------------
| rollout/            |          |
|    ep_len_mean      | 2.45e+03 |
|    ep_rew_mean      | 228      |
|    exploration_rate | 0.01     |
| time/               |          |
|    episodes         | 1200     |
|    fps              | 939      |
|    time_elapsed     | 245      |
|    total_timesteps  | 230413   |
| train/              |          |
|    learning_rate    | 0.0001   |
|    loss             | 0.0074   |
|    n_updates        | 32603    |
----------------------------------
----------------------------------
| rollout/            |          |
|    ep_len_mean      | 2.43e+03 |
|    ep_rew_mean      | 229      |
|    exploration_rate | 0.01     |
| time/               |          |
|    episodes         | 1204     |
|    fps              | 938      |
|    time_elapsed     | 246      |
|    total_timesteps  | 231151   |
| train/              |          |
|    learning_rate    | 0.0001   |
|    loss             | 0.0341   |
|    n_updates        | 32787    |
----------------------------------
----------------------------------
| rollout/            |          |
|    ep_len_mean      | 2.43e+03 |
|    ep_rew_mean      | 225      |
|    exploration_rate | 0.01     |
| time/               |          |
|    episodes         | 1208     |
|    fps              | 937      |
|    time_elapsed     | 247      |
|    total_timesteps  | 232105   |
| train/              |          |
|    learning_rate    | 0.0001   |
|    loss             | 0.0349   |
|    n_updates        | 33026    |
----------------------------------
----------------------------------
| rollout/            |          |
|    ep_len_mean      | 2.44e+03 |
|    ep_rew_mean      | 226      |
|    exploration_rate | 0.01     |
| time/               |          |
|    episodes         | 1212     |
|    fps              | 936      |
|    time_elapsed     | 248      |
|    total_timesteps  | 232883   |
| train/              |          |
|    learning_rate    | 0.0001   |
|    loss             | 0.0296   |
|    n_updates        | 33220    |
----------------------------------
----------------------------------
| rollout/            |          |
|    ep_len_mean      | 2.43e+03 |
|    ep_rew_mean      | 223      |
|    exploration_rate | 0.01     |
| time/               |          |
|    episodes         | 1216     |
|    fps              | 935      |
|    time_elapsed     | 249      |
|    total_timesteps  | 233785   |
| train/              |          |
|    learning_rate    | 0.0001   |
|    loss             | 0.0237   |
|    n_updates        | 33446    |
----------------------------------
----------------------------------
| rollout/            |          |
|    ep_len_mean      | 2.42e+03 |
|    ep_rew_mean      | 224      |
|    exploration_rate | 0.01     |
| time/               |          |
|    episodes         | 1220     |
|    fps              | 935      |
|    time_elapsed     | 250      |
|    total_timesteps  | 234108   |
| train/              |          |
|    learning_rate    | 0.0001   |
|    loss             | 0.00275  |
|    n_updates        | 33526    |
----------------------------------
----------------------------------
| rollout/            |          |
|    ep_len_mean      | 2.42e+03 |
|    ep_rew_mean      | 225      |
|    exploration_rate | 0.01     |
| time/               |          |
|    episodes         | 1224     |
|    fps              | 934      |
|    time_elapsed     | 251      |
|    total_timesteps  | 234839   |
| train/              |          |
|    learning_rate    | 0.0001   |
|    loss             | 0.0104   |
|    n_updates        | 33709    |
----------------------------------
----------------------------------
| rollout/            |          |
|    ep_len_mean      | 2.42e+03 |
|    ep_rew_mean      | 224      |
|    exploration_rate | 0.01     |
| time/               |          |
|    episodes         | 1228     |
|    fps              | 933      |
|    time_elapsed     | 252      |
|    total_timesteps  | 235844   |
| train/              |          |
|    learning_rate    | 0.0001   |
|    loss             | 0.0621   |
|    n_updates        | 33960    |
----------------------------------
----------------------------------
| rollout/            |          |
|    ep_len_mean      | 2.42e+03 |
|    ep_rew_mean      | 225      |
|    exploration_rate | 0.01     |
| time/               |          |
|    episodes         | 1232     |
|    fps              | 932      |
|    time_elapsed     | 253      |
|    total_timesteps  | 236384   |
| train/              |          |
|    learning_rate    | 0.0001   |
|    loss             | 0.00492  |
|    n_updates        | 34095    |
----------------------------------
----------------------------------
| rollout/            |          |
|    ep_len_mean      | 2.43e+03 |
|    ep_rew_mean      | 226      |
|    exploration_rate | 0.01     |
| time/               |          |
|    episodes         | 1236     |
|    fps              | 932      |
|    time_elapsed     | 254      |
|    total_timesteps  | 237060   |
| train/              |          |
|    learning_rate    | 0.0001   |
|    loss             | 0.0103   |
|    n_updates        | 34264    |
----------------------------------
----------------------------------
| rollout/            |          |
|    ep_len_mean      | 2.43e+03 |
|    ep_rew_mean      | 227      |
|    exploration_rate | 0.01     |
| time/               |          |
|    episodes         | 1240     |
|    fps              | 931      |
|    time_elapsed     | 255      |
|    total_timesteps  | 237854   |
| train/              |          |
|    learning_rate    | 0.0001   |
|    loss             | 0.0116   |
|    n_updates        | 34463    |
----------------------------------
----------------------------------
| rollout/            |          |
|    ep_len_mean      | 2.42e+03 |
|    ep_rew_mean      | 227      |
|    exploration_rate | 0.01     |
| time/               |          |
|    episodes         | 1244     |
|    fps              | 930      |
|    time_elapsed     | 255      |
|    total_timesteps  | 238268   |
| train/              |          |
|    learning_rate    | 0.0001   |
|    loss             | 0.0104   |
|    n_updates        | 34566    |
----------------------------------
----------------------------------
| rollout/            |          |
|    ep_len_mean      | 2.43e+03 |
|    ep_rew_mean      | 228      |
|    exploration_rate | 0.01     |
| time/               |          |
|    episodes         | 1248     |
|    fps              | 930      |
|    time_elapsed     | 256      |
|    total_timesteps  | 239015   |
| train/              |          |
|    learning_rate    | 0.0001   |
|    loss             | 0.0261   |
|    n_updates        | 34753    |
----------------------------------
----------------------------------
| rollout/            |          |
|    ep_len_mean      | 2.42e+03 |
|    ep_rew_mean      | 227      |
|    exploration_rate | 0.01     |
| time/               |          |
|    episodes         | 1252     |
|    fps              | 929      |
|    time_elapsed     | 257      |
|    total_timesteps  | 239666   |
| train/              |          |
|    learning_rate    | 0.0001   |
|    loss             | 0.00779  |
|    n_updates        | 34916    |
----------------------------------
----------------------------------
| rollout/            |          |
|    ep_len_mean      | 2.45e+03 |
|    ep_rew_mean      | 231      |
|    exploration_rate | 0.01     |
| time/               |          |
|    episodes         | 1256     |
|    fps              | 927      |
|    time_elapsed     | 259      |
|    total_timesteps  | 241128   |
| train/              |          |
|    learning_rate    | 0.0001   |
|    loss             | 0.0109   |
|    n_updates        | 35281    |
----------------------------------
----------------------------------
| rollout/            |          |
|    ep_len_mean      | 2.45e+03 |
|    ep_rew_mean      | 234      |
|    exploration_rate | 0.01     |
| time/               |          |
|    episodes         | 1260     |
|    fps              | 926      |
|    time_elapsed     | 261      |
|    total_timesteps  | 242131   |
| train/              |          |
|    learning_rate    | 0.0001   |
|    loss             | 0.00874  |
|    n_updates        | 35532    |
----------------------------------
----------------------------------
| rollout/            |          |
|    ep_len_mean      | 2.46e+03 |
|    ep_rew_mean      | 236      |
|    exploration_rate | 0.01     |
| time/               |          |
|    episodes         | 1264     |
|    fps              | 926      |
|    time_elapsed     | 262      |
|    total_timesteps  | 242723   |
| train/              |          |
|    learning_rate    | 0.0001   |
|    loss             | 0.0341   |
|    n_updates        | 35680    |
----------------------------------
----------------------------------
| rollout/            |          |
|    ep_len_mean      | 2.45e+03 |
|    ep_rew_mean      | 235      |
|    exploration_rate | 0.01     |
| time/               |          |
|    episodes         | 1268     |
|    fps              | 925      |
|    time_elapsed     | 262      |
|    total_timesteps  | 243232   |
| train/              |          |
|    learning_rate    | 0.0001   |
|    loss             | 0.0931   |
|    n_updates        | 35807    |
----------------------------------
----------------------------------
| rollout/            |          |
|    ep_len_mean      | 2.44e+03 |
|    ep_rew_mean      | 234      |
|    exploration_rate | 0.01     |
| time/               |          |
|    episodes         | 1272     |
|    fps              | 924      |
|    time_elapsed     | 263      |
|    total_timesteps  | 243898   |
| train/              |          |
|    learning_rate    | 0.0001   |
|    loss             | 0.00949  |
|    n_updates        | 35974    |
----------------------------------
----------------------------------
| rollout/            |          |
|    ep_len_mean      | 2.43e+03 |
|    ep_rew_mean      | 234      |
|    exploration_rate | 0.01     |
| time/               |          |
|    episodes         | 1276     |
|    fps              | 923      |
|    time_elapsed     | 265      |
|    total_timesteps  | 244984   |
| train/              |          |
|    learning_rate    | 0.0001   |
|    loss             | 0.0144   |
|    n_updates        | 36245    |
----------------------------------
----------------------------------
| rollout/            |          |
|    ep_len_mean      | 2.44e+03 |
|    ep_rew_mean      | 235      |
|    exploration_rate | 0.01     |
| time/               |          |
|    episodes         | 1280     |
|    fps              | 923      |
|    time_elapsed     | 265      |
|    total_timesteps  | 245542   |
| train/              |          |
|    learning_rate    | 0.0001   |
|    loss             | 0.0418   |
|    n_updates        | 36385    |
----------------------------------
----------------------------------
| rollout/            |          |
|    ep_len_mean      | 2.43e+03 |
|    ep_rew_mean      | 235      |
|    exploration_rate | 0.01     |
| time/               |          |
|    episodes         | 1284     |
|    fps              | 922      |
|    time_elapsed     | 267      |
|    total_timesteps  | 246525   |
| train/              |          |
|    learning_rate    | 0.0001   |
|    loss             | 0.0219   |
|    n_updates        | 36631    |
----------------------------------
----------------------------------
| rollout/            |          |
|    ep_len_mean      | 2.44e+03 |
|    ep_rew_mean      | 236      |
|    exploration_rate | 0.01     |
| time/               |          |
|    episodes         | 1288     |
|    fps              | 921      |
|    time_elapsed     | 268      |
|    total_timesteps  | 247145   |
| train/              |          |
|    learning_rate    | 0.0001   |
|    loss             | 0.0175   |
|    n_updates        | 36786    |
----------------------------------
----------------------------------
| rollout/            |          |
|    ep_len_mean      | 2.43e+03 |
|    ep_rew_mean      | 236      |
|    exploration_rate | 0.01     |
| time/               |          |
|    episodes         | 1292     |
|    fps              | 920      |
|    time_elapsed     | 269      |
|    total_timesteps  | 247810   |
| train/              |          |
|    learning_rate    | 0.0001   |
|    loss             | 0.0219   |
|    n_updates        | 36952    |
----------------------------------
----------------------------------
| rollout/            |          |
|    ep_len_mean      | 2.43e+03 |
|    ep_rew_mean      | 238      |
|    exploration_rate | 0.01     |
| time/               |          |
|    episodes         | 1296     |
|    fps              | 920      |
|    time_elapsed     | 270      |
|    total_timesteps  | 248518   |
| train/              |          |
|    learning_rate    | 0.0001   |
|    loss             | 0.0185   |
|    n_updates        | 37129    |
----------------------------------
----------------------------------
| rollout/            |          |
|    ep_len_mean      | 2.43e+03 |
|    ep_rew_mean      | 239      |
|    exploration_rate | 0.01     |
| time/               |          |
|    episodes         | 1300     |
|    fps              | 919      |
|    time_elapsed     | 271      |
|    total_timesteps  | 249216   |
| train/              |          |
|    learning_rate    | 0.0001   |
|    loss             | 0.00686  |
|    n_updates        | 37303    |
----------------------------------
Eval num_timesteps=250000, episode_reward=243.00 +/- 34.44
Episode length: 1919.80 +/- 147.30
----------------------------------
| eval/               |          |
|    mean_ep_length   | 1.92e+03 |
|    mean_reward      | 243      |
| rollout/            |          |
|    exploration_rate | 0.01     |
| time/               |          |
|    total_timesteps  | 250000   |
| train/              |          |
|    learning_rate    | 0.0001   |
|    loss             | 0.0176   |
|    n_updates        | 37499    |
----------------------------------
----------------------------------
| rollout/            |          |
|    ep_len_mean      | 2.45e+03 |
|    ep_rew_mean      | 242      |
|    exploration_rate | 0.01     |
| time/               |          |
|    episodes         | 1304     |
|    fps              | 911      |
|    time_elapsed     | 274      |
|    total_timesteps  | 250043   |
| train/              |          |
|    learning_rate    | 0.0001   |
|    loss             | 0.00721  |
|    n_updates        | 37510    |
----------------------------------
----------------------------------
| rollout/            |          |
|    ep_len_mean      | 2.45e+03 |
|    ep_rew_mean      | 242      |
|    exploration_rate | 0.01     |
| time/               |          |
|    episodes         | 1308     |
|    fps              | 911      |
|    time_elapsed     | 275      |
|    total_timesteps  | 250749   |
| train/              |          |
|    learning_rate    | 0.0001   |
|    loss             | 0.0189   |
|    n_updates        | 37687    |
----------------------------------
----------------------------------
| rollout/            |          |
|    ep_len_mean      | 2.44e+03 |
|    ep_rew_mean      | 242      |
|    exploration_rate | 0.01     |
| time/               |          |
|    episodes         | 1312     |
|    fps              | 910      |
|    time_elapsed     | 275      |
|    total_timesteps  | 251237   |
| train/              |          |
|    learning_rate    | 0.0001   |
|    loss             | 0.0126   |
|    n_updates        | 37809    |
----------------------------------
----------------------------------
| rollout/            |          |
|    ep_len_mean      | 2.39e+03 |
|    ep_rew_mean      | 238      |
|    exploration_rate | 0.01     |
| time/               |          |
|    episodes         | 1316     |
|    fps              | 910      |
|    time_elapsed     | 277      |
|    total_timesteps  | 252153   |
| train/              |          |
|    learning_rate    | 0.0001   |
|    loss             | 0.00722  |
|    n_updates        | 38038    |
----------------------------------
----------------------------------
| rollout/            |          |
|    ep_len_mean      | 2.39e+03 |
|    ep_rew_mean      | 239      |
|    exploration_rate | 0.01     |
| time/               |          |
|    episodes         | 1320     |
|    fps              | 909      |
|    time_elapsed     | 277      |
|    total_timesteps  | 252756   |
| train/              |          |
|    learning_rate    | 0.0001   |
|    loss             | 0.0208   |
|    n_updates        | 38188    |
----------------------------------
----------------------------------
| rollout/            |          |
|    ep_len_mean      | 2.4e+03  |
|    ep_rew_mean      | 239      |
|    exploration_rate | 0.01     |
| time/               |          |
|    episodes         | 1324     |
|    fps              | 908      |
|    time_elapsed     | 279      |
|    total_timesteps  | 253667   |
| train/              |          |
|    learning_rate    | 0.0001   |
|    loss             | 0.0586   |
|    n_updates        | 38416    |
----------------------------------
----------------------------------
| rollout/            |          |
|    ep_len_mean      | 2.38e+03 |
|    ep_rew_mean      | 239      |
|    exploration_rate | 0.01     |
| time/               |          |
|    episodes         | 1328     |
|    fps              | 907      |
|    time_elapsed     | 280      |
|    total_timesteps  | 254629   |
| train/              |          |
|    learning_rate    | 0.0001   |
|    loss             | 0.0506   |
|    n_updates        | 38657    |
----------------------------------
----------------------------------
| rollout/            |          |
|    ep_len_mean      | 2.39e+03 |
|    ep_rew_mean      | 240      |
|    exploration_rate | 0.01     |
| time/               |          |
|    episodes         | 1332     |
|    fps              | 906      |
|    time_elapsed     | 281      |
|    total_timesteps  | 255661   |
| train/              |          |
|    learning_rate    | 0.0001   |
|    loss             | 0.00512  |
|    n_updates        | 38915    |
----------------------------------
----------------------------------
| rollout/            |          |
|    ep_len_mean      | 2.4e+03  |
|    ep_rew_mean      | 242      |
|    exploration_rate | 0.01     |
| time/               |          |
|    episodes         | 1336     |
|    fps              | 906      |
|    time_elapsed     | 282      |
|    total_timesteps  | 256433   |
| train/              |          |
|    learning_rate    | 0.0001   |
|    loss             | 0.108    |
|    n_updates        | 39108    |
----------------------------------
----------------------------------
| rollout/            |          |
|    ep_len_mean      | 2.39e+03 |
|    ep_rew_mean      | 238      |
|    exploration_rate | 0.01     |
| time/               |          |
|    episodes         | 1340     |
|    fps              | 905      |
|    time_elapsed     | 283      |
|    total_timesteps  | 257080   |
| train/              |          |
|    learning_rate    | 0.0001   |
|    loss             | 0.0297   |
|    n_updates        | 39269    |
----------------------------------
----------------------------------
| rollout/            |          |
|    ep_len_mean      | 2.41e+03 |
|    ep_rew_mean      | 240      |
|    exploration_rate | 0.01     |
| time/               |          |
|    episodes         | 1344     |
|    fps              | 904      |
|    time_elapsed     | 285      |
|    total_timesteps  | 258501   |
| train/              |          |
|    learning_rate    | 0.0001   |
|    loss             | 0.0307   |
|    n_updates        | 39625    |
----------------------------------
----------------------------------
| rollout/            |          |
|    ep_len_mean      | 2.41e+03 |
|    ep_rew_mean      | 240      |
|    exploration_rate | 0.01     |
| time/               |          |
|    episodes         | 1348     |
|    fps              | 904      |
|    time_elapsed     | 286      |
|    total_timesteps  | 258893   |
| train/              |          |
|    learning_rate    | 0.0001   |
|    loss             | 0.0105   |
|    n_updates        | 39723    |
----------------------------------
----------------------------------
| rollout/            |          |
|    ep_len_mean      | 2.41e+03 |
|    ep_rew_mean      | 241      |
|    exploration_rate | 0.01     |
| time/               |          |
|    episodes         | 1352     |
|    fps              | 903      |
|    time_elapsed     | 287      |
|    total_timesteps  | 259788   |
| train/              |          |
|    learning_rate    | 0.0001   |
|    loss             | 0.0207   |
|    n_updates        | 39946    |
----------------------------------
----------------------------------
| rollout/            |          |
|    ep_len_mean      | 2.41e+03 |
|    ep_rew_mean      | 240      |
|    exploration_rate | 0.01     |
| time/               |          |
|    episodes         | 1356     |
|    fps              | 902      |
|    time_elapsed     | 288      |
|    total_timesteps  | 260468   |
| train/              |          |
|    learning_rate    | 0.0001   |
|    loss             | 0.0115   |
|    n_updates        | 40116    |
----------------------------------
----------------------------------
| rollout/            |          |
|    ep_len_mean      | 2.42e+03 |
|    ep_rew_mean      | 243      |
|    exploration_rate | 0.01     |
| time/               |          |
|    episodes         | 1360     |
|    fps              | 901      |
|    time_elapsed     | 290      |
|    total_timesteps  | 261782   |
| train/              |          |
|    learning_rate    | 0.0001   |
|    loss             | 0.0396   |
|    n_updates        | 40445    |
----------------------------------
----------------------------------
| rollout/            |          |
|    ep_len_mean      | 2.42e+03 |
|    ep_rew_mean      | 247      |
|    exploration_rate | 0.01     |
| time/               |          |
|    episodes         | 1364     |
|    fps              | 900      |
|    time_elapsed     | 291      |
|    total_timesteps  | 263013   |
| train/              |          |
|    learning_rate    | 0.0001   |
|    loss             | 0.0901   |
|    n_updates        | 40753    |
----------------------------------
----------------------------------
| rollout/            |          |
|    ep_len_mean      | 2.44e+03 |
|    ep_rew_mean      | 248      |
|    exploration_rate | 0.01     |
| time/               |          |
|    episodes         | 1368     |
|    fps              | 900      |
|    time_elapsed     | 293      |
|    total_timesteps  | 264136   |
| train/              |          |
|    learning_rate    | 0.0001   |
|    loss             | 0.0305   |
|    n_updates        | 41033    |
----------------------------------
----------------------------------
| rollout/            |          |
|    ep_len_mean      | 2.44e+03 |
|    ep_rew_mean      | 248      |
|    exploration_rate | 0.01     |
| time/               |          |
|    episodes         | 1372     |
|    fps              | 899      |
|    time_elapsed     | 294      |
|    total_timesteps  | 265127   |
| train/              |          |
|    learning_rate    | 0.0001   |
|    loss             | 0.00748  |
|    n_updates        | 41281    |
----------------------------------
----------------------------------
| rollout/            |          |
|    ep_len_mean      | 2.45e+03 |
|    ep_rew_mean      | 248      |
|    exploration_rate | 0.01     |
| time/               |          |
|    episodes         | 1376     |
|    fps              | 898      |
|    time_elapsed     | 295      |
|    total_timesteps  | 265747   |
| train/              |          |
|    learning_rate    | 0.0001   |
|    loss             | 0.00644  |
|    n_updates        | 41436    |
----------------------------------
----------------------------------
| rollout/            |          |
|    ep_len_mean      | 2.45e+03 |
|    ep_rew_mean      | 249      |
|    exploration_rate | 0.01     |
| time/               |          |
|    episodes         | 1380     |
|    fps              | 898      |
|    time_elapsed     | 296      |
|    total_timesteps  | 266478   |
| train/              |          |
|    learning_rate    | 0.0001   |
|    loss             | 0.00597  |
|    n_updates        | 41619    |
----------------------------------
----------------------------------
| rollout/            |          |
|    ep_len_mean      | 2.44e+03 |
|    ep_rew_mean      | 248      |
|    exploration_rate | 0.01     |
| time/               |          |
|    episodes         | 1384     |
|    fps              | 897      |
|    time_elapsed     | 297      |
|    total_timesteps  | 267402   |
| train/              |          |
|    learning_rate    | 0.0001   |
|    loss             | 0.0337   |
|    n_updates        | 41850    |
----------------------------------
----------------------------------
| rollout/            |          |
|    ep_len_mean      | 2.45e+03 |
|    ep_rew_mean      | 249      |
|    exploration_rate | 0.01     |
| time/               |          |
|    episodes         | 1388     |
|    fps              | 896      |
|    time_elapsed     | 299      |
|    total_timesteps  | 268269   |
| train/              |          |
|    learning_rate    | 0.0001   |
|    loss             | 0.0146   |
|    n_updates        | 42067    |
----------------------------------
----------------------------------
| rollout/            |          |
|    ep_len_mean      | 2.45e+03 |
|    ep_rew_mean      | 249      |
|    exploration_rate | 0.01     |
| time/               |          |
|    episodes         | 1392     |
|    fps              | 896      |
|    time_elapsed     | 300      |
|    total_timesteps  | 269022   |
| train/              |          |
|    learning_rate    | 0.0001   |
|    loss             | 0.0286   |
|    n_updates        | 42255    |
----------------------------------
----------------------------------
| rollout/            |          |
|    ep_len_mean      | 2.47e+03 |
|    ep_rew_mean      | 250      |
|    exploration_rate | 0.01     |
| time/               |          |
|    episodes         | 1396     |
|    fps              | 895      |
|    time_elapsed     | 301      |
|    total_timesteps  | 270258   |
| train/              |          |
|    learning_rate    | 0.0001   |
|    loss             | 0.0172   |
|    n_updates        | 42564    |
----------------------------------
----------------------------------
| rollout/            |          |
|    ep_len_mean      | 2.47e+03 |
|    ep_rew_mean      | 250      |
|    exploration_rate | 0.01     |
| time/               |          |
|    episodes         | 1400     |
|    fps              | 894      |
|    time_elapsed     | 302      |
|    total_timesteps  | 271063   |
| train/              |          |
|    learning_rate    | 0.0001   |
|    loss             | 0.0107   |
|    n_updates        | 42765    |
----------------------------------
----------------------------------
| rollout/            |          |
|    ep_len_mean      | 2.48e+03 |
|    ep_rew_mean      | 252      |
|    exploration_rate | 0.01     |
| time/               |          |
|    episodes         | 1404     |
|    fps              | 893      |
|    time_elapsed     | 304      |
|    total_timesteps  | 272278   |
| train/              |          |
|    learning_rate    | 0.0001   |
|    loss             | 0.0881   |
|    n_updates        | 43069    |
----------------------------------
----------------------------------
| rollout/            |          |
|    ep_len_mean      | 2.48e+03 |
|    ep_rew_mean      | 252      |
|    exploration_rate | 0.01     |
| time/               |          |
|    episodes         | 1408     |
|    fps              | 893      |
|    time_elapsed     | 305      |
|    total_timesteps  | 272665   |
| train/              |          |
|    learning_rate    | 0.0001   |
|    loss             | 0.0143   |
|    n_updates        | 43166    |
----------------------------------
----------------------------------
| rollout/            |          |
|    ep_len_mean      | 2.47e+03 |
|    ep_rew_mean      | 251      |
|    exploration_rate | 0.01     |
| time/               |          |
|    episodes         | 1412     |
|    fps              | 892      |
|    time_elapsed     | 306      |
|    total_timesteps  | 273333   |
| train/              |          |
|    learning_rate    | 0.0001   |
|    loss             | 0.0198   |
|    n_updates        | 43333    |
----------------------------------
----------------------------------
| rollout/            |          |
|    ep_len_mean      | 2.47e+03 |
|    ep_rew_mean      | 252      |
|    exploration_rate | 0.01     |
| time/               |          |
|    episodes         | 1416     |
|    fps              | 892      |
|    time_elapsed     | 306      |
|    total_timesteps  | 273773   |
| train/              |          |
|    learning_rate    | 0.0001   |
|    loss             | 0.00655  |
|    n_updates        | 43443    |
----------------------------------
----------------------------------
| rollout/            |          |
|    ep_len_mean      | 2.48e+03 |
|    ep_rew_mean      | 254      |
|    exploration_rate | 0.01     |
| time/               |          |
|    episodes         | 1420     |
|    fps              | 891      |
|    time_elapsed     | 308      |
|    total_timesteps  | 274798   |
| train/              |          |
|    learning_rate    | 0.0001   |
|    loss             | 0.0312   |
|    n_updates        | 43699    |
----------------------------------
Eval num_timesteps=275000, episode_reward=420.00 +/- 265.42
Episode length: 2433.00 +/- 729.91
----------------------------------
| eval/               |          |
|    mean_ep_length   | 2.43e+03 |
|    mean_reward      | 420      |
| rollout/            |          |
|    exploration_rate | 0.01     |
| time/               |          |
|    total_timesteps  | 275000   |
| train/              |          |
|    learning_rate    | 0.0001   |
|    loss             | 0.0172   |
|    n_updates        | 43749    |
----------------------------------
New best mean reward!
----------------------------------
| rollout/            |          |
|    ep_len_mean      | 2.49e+03 |
|    ep_rew_mean      | 255      |
|    exploration_rate | 0.01     |
| time/               |          |
|    episodes         | 1424     |
|    fps              | 883      |
|    time_elapsed     | 311      |
|    total_timesteps  | 275551   |
| train/              |          |
|    learning_rate    | 0.0001   |
|    loss             | 0.0212   |
|    n_updates        | 43887    |
----------------------------------
----------------------------------
| rollout/            |          |
|    ep_len_mean      | 2.49e+03 |
|    ep_rew_mean      | 255      |
|    exploration_rate | 0.01     |
| time/               |          |
|    episodes         | 1428     |
|    fps              | 883      |
|    time_elapsed     | 312      |
|    total_timesteps  | 276188   |
| train/              |          |
|    learning_rate    | 0.0001   |
|    loss             | 0.0052   |
|    n_updates        | 44046    |
----------------------------------
----------------------------------
| rollout/            |          |
|    ep_len_mean      | 2.5e+03  |
|    ep_rew_mean      | 258      |
|    exploration_rate | 0.01     |
| time/               |          |
|    episodes         | 1432     |
|    fps              | 882      |
|    time_elapsed     | 313      |
|    total_timesteps  | 276944   |
| train/              |          |
|    learning_rate    | 0.0001   |
|    loss             | 0.0145   |
|    n_updates        | 44235    |
----------------------------------
----------------------------------
| rollout/            |          |
|    ep_len_mean      | 2.49e+03 |
|    ep_rew_mean      | 257      |
|    exploration_rate | 0.01     |
| time/               |          |
|    episodes         | 1436     |
|    fps              | 881      |
|    time_elapsed     | 315      |
|    total_timesteps  | 278499   |
| train/              |          |
|    learning_rate    | 0.0001   |
|    loss             | 0.0172   |
|    n_updates        | 44624    |
----------------------------------
----------------------------------
| rollout/            |          |
|    ep_len_mean      | 2.5e+03  |
|    ep_rew_mean      | 259      |
|    exploration_rate | 0.01     |
| time/               |          |
|    episodes         | 1440     |
|    fps              | 881      |
|    time_elapsed     | 316      |
|    total_timesteps  | 279309   |
| train/              |          |
|    learning_rate    | 0.0001   |
|    loss             | 0.0338   |
|    n_updates        | 44827    |
----------------------------------
----------------------------------
| rollout/            |          |
|    ep_len_mean      | 2.49e+03 |
|    ep_rew_mean      | 257      |
|    exploration_rate | 0.01     |
| time/               |          |
|    episodes         | 1444     |
|    fps              | 880      |
|    time_elapsed     | 317      |
|    total_timesteps  | 279733   |
| train/              |          |
|    learning_rate    | 0.0001   |
|    loss             | 0.0119   |
|    n_updates        | 44933    |
----------------------------------
----------------------------------
| rollout/            |          |
|    ep_len_mean      | 2.49e+03 |
|    ep_rew_mean      | 258      |
|    exploration_rate | 0.01     |
| time/               |          |
|    episodes         | 1448     |
|    fps              | 880      |
|    time_elapsed     | 319      |
|    total_timesteps  | 280880   |
| train/              |          |
|    learning_rate    | 0.0001   |
|    loss             | 0.00742  |
|    n_updates        | 45219    |
----------------------------------
----------------------------------
| rollout/            |          |
|    ep_len_mean      | 2.5e+03  |
|    ep_rew_mean      | 258      |
|    exploration_rate | 0.01     |
| time/               |          |
|    episodes         | 1452     |
|    fps              | 879      |
|    time_elapsed     | 319      |
|    total_timesteps  | 281223   |
| train/              |          |
|    learning_rate    | 0.0001   |
|    loss             | 0.0137   |
|    n_updates        | 45305    |
----------------------------------
----------------------------------
| rollout/            |          |
|    ep_len_mean      | 2.47e+03 |
|    ep_rew_mean      | 255      |
|    exploration_rate | 0.01     |
| time/               |          |
|    episodes         | 1456     |
|    fps              | 879      |
|    time_elapsed     | 320      |
|    total_timesteps  | 281949   |
| train/              |          |
|    learning_rate    | 0.0001   |
|    loss             | 0.00465  |
|    n_updates        | 45487    |
----------------------------------
----------------------------------
| rollout/            |          |
|    ep_len_mean      | 2.47e+03 |
|    ep_rew_mean      | 255      |
|    exploration_rate | 0.01     |
| time/               |          |
|    episodes         | 1460     |
|    fps              | 878      |
|    time_elapsed     | 321      |
|    total_timesteps  | 282751   |
| train/              |          |
|    learning_rate    | 0.0001   |
|    loss             | 0.00868  |
|    n_updates        | 45687    |
----------------------------------
----------------------------------
| rollout/            |          |
|    ep_len_mean      | 2.47e+03 |
|    ep_rew_mean      | 254      |
|    exploration_rate | 0.01     |
| time/               |          |
|    episodes         | 1464     |
|    fps              | 878      |
|    time_elapsed     | 322      |
|    total_timesteps  | 283685   |
| train/              |          |
|    learning_rate    | 0.0001   |
|    loss             | 0.0344   |
|    n_updates        | 45921    |
----------------------------------
----------------------------------
| rollout/            |          |
|    ep_len_mean      | 2.48e+03 |
|    ep_rew_mean      | 253      |
|    exploration_rate | 0.01     |
| time/               |          |
|    episodes         | 1468     |
|    fps              | 877      |
|    time_elapsed     | 324      |
|    total_timesteps  | 284637   |
| train/              |          |
|    learning_rate    | 0.0001   |
|    loss             | 0.0128   |
|    n_updates        | 46159    |
----------------------------------
----------------------------------
| rollout/            |          |
|    ep_len_mean      | 2.47e+03 |
|    ep_rew_mean      | 252      |
|    exploration_rate | 0.01     |
| time/               |          |
|    episodes         | 1472     |
|    fps              | 877      |
|    time_elapsed     | 325      |
|    total_timesteps  | 285602   |
| train/              |          |
|    learning_rate    | 0.0001   |
|    loss             | 0.014    |
|    n_updates        | 46400    |
----------------------------------
----------------------------------
| rollout/            |          |
|    ep_len_mean      | 2.48e+03 |
|    ep_rew_mean      | 254      |
|    exploration_rate | 0.01     |
| time/               |          |
|    episodes         | 1476     |
|    fps              | 876      |
|    time_elapsed     | 326      |
|    total_timesteps  | 286333   |
| train/              |          |
|    learning_rate    | 0.0001   |
|    loss             | 0.0185   |
|    n_updates        | 46583    |
----------------------------------
----------------------------------
| rollout/            |          |
|    ep_len_mean      | 2.49e+03 |
|    ep_rew_mean      | 256      |
|    exploration_rate | 0.01     |
| time/               |          |
|    episodes         | 1480     |
|    fps              | 876      |
|    time_elapsed     | 327      |
|    total_timesteps  | 287232   |
| train/              |          |
|    learning_rate    | 0.0001   |
|    loss             | 0.0307   |
|    n_updates        | 46807    |
----------------------------------
----------------------------------
| rollout/            |          |
|    ep_len_mean      | 2.47e+03 |
|    ep_rew_mean      | 253      |
|    exploration_rate | 0.01     |
| time/               |          |
|    episodes         | 1484     |
|    fps              | 875      |
|    time_elapsed     | 328      |
|    total_timesteps  | 287849   |
| train/              |          |
|    learning_rate    | 0.0001   |
|    loss             | 0.0108   |
|    n_updates        | 46962    |
----------------------------------
----------------------------------
| rollout/            |          |
|    ep_len_mean      | 2.49e+03 |
|    ep_rew_mean      | 255      |
|    exploration_rate | 0.01     |
| time/               |          |
|    episodes         | 1488     |
|    fps              | 874      |
|    time_elapsed     | 330      |
|    total_timesteps  | 289403   |
| train/              |          |
|    learning_rate    | 0.0001   |
|    loss             | 0.0199   |
|    n_updates        | 47350    |
----------------------------------
----------------------------------
| rollout/            |          |
|    ep_len_mean      | 2.49e+03 |
|    ep_rew_mean      | 255      |
|    exploration_rate | 0.01     |
| time/               |          |
|    episodes         | 1492     |
|    fps              | 874      |
|    time_elapsed     | 332      |
|    total_timesteps  | 290335   |
| train/              |          |
|    learning_rate    | 0.0001   |
|    loss             | 0.0642   |
|    n_updates        | 47583    |
----------------------------------
----------------------------------
| rollout/            |          |
|    ep_len_mean      | 2.49e+03 |
|    ep_rew_mean      | 255      |
|    exploration_rate | 0.01     |
| time/               |          |
|    episodes         | 1496     |
|    fps              | 873      |
|    time_elapsed     | 333      |
|    total_timesteps  | 291091   |
| train/              |          |
|    learning_rate    | 0.0001   |
|    loss             | 0.0356   |
|    n_updates        | 47772    |
----------------------------------
----------------------------------
| rollout/            |          |
|    ep_len_mean      | 2.48e+03 |
|    ep_rew_mean      | 251      |
|    exploration_rate | 0.01     |
| time/               |          |
|    episodes         | 1500     |
|    fps              | 873      |
|    time_elapsed     | 334      |
|    total_timesteps  | 291856   |
| train/              |          |
|    learning_rate    | 0.0001   |
|    loss             | 0.0141   |
|    n_updates        | 47963    |
----------------------------------
----------------------------------
| rollout/            |          |
|    ep_len_mean      | 2.49e+03 |
|    ep_rew_mean      | 255      |
|    exploration_rate | 0.01     |
| time/               |          |
|    episodes         | 1504     |
|    fps              | 872      |
|    time_elapsed     | 335      |
|    total_timesteps  | 293102   |
| train/              |          |
|    learning_rate    | 0.0001   |
|    loss             | 0.0807   |
|    n_updates        | 48275    |
----------------------------------
----------------------------------
| rollout/            |          |
|    ep_len_mean      | 2.49e+03 |
|    ep_rew_mean      | 258      |
|    exploration_rate | 0.01     |
| time/               |          |
|    episodes         | 1508     |
|    fps              | 871      |
|    time_elapsed     | 337      |
|    total_timesteps  | 294300   |
| train/              |          |
|    learning_rate    | 0.0001   |
|    loss             | 0.00643  |
|    n_updates        | 48574    |
----------------------------------
----------------------------------
| rollout/            |          |
|    ep_len_mean      | 2.5e+03  |
|    ep_rew_mean      | 260      |
|    exploration_rate | 0.01     |
| time/               |          |
|    episodes         | 1512     |
|    fps              | 871      |
|    time_elapsed     | 338      |
|    total_timesteps  | 294662   |
| train/              |          |
|    learning_rate    | 0.0001   |
|    loss             | 0.00996  |
|    n_updates        | 48665    |
----------------------------------
----------------------------------
| rollout/            |          |
|    ep_len_mean      | 2.52e+03 |
|    ep_rew_mean      | 264      |
|    exploration_rate | 0.01     |
| time/               |          |
|    episodes         | 1516     |
|    fps              | 870      |
|    time_elapsed     | 340      |
|    total_timesteps  | 296102   |
| train/              |          |
|    learning_rate    | 0.0001   |
|    loss             | 0.00799  |
|    n_updates        | 49025    |
----------------------------------
----------------------------------
| rollout/            |          |
|    ep_len_mean      | 2.52e+03 |
|    ep_rew_mean      | 263      |
|    exploration_rate | 0.01     |
| time/               |          |
|    episodes         | 1520     |
|    fps              | 870      |
|    time_elapsed     | 340      |
|    total_timesteps  | 296738   |
| train/              |          |
|    learning_rate    | 0.0001   |
|    loss             | 0.0394   |
|    n_updates        | 49184    |
----------------------------------
----------------------------------
| rollout/            |          |
|    ep_len_mean      | 2.52e+03 |
|    ep_rew_mean      | 263      |
|    exploration_rate | 0.01     |
| time/               |          |
|    episodes         | 1524     |
|    fps              | 869      |
|    time_elapsed     | 342      |
|    total_timesteps  | 297750   |
| train/              |          |
|    learning_rate    | 0.0001   |
|    loss             | 0.0384   |
|    n_updates        | 49437    |
----------------------------------
----------------------------------
| rollout/            |          |
|    ep_len_mean      | 2.53e+03 |
|    ep_rew_mean      | 267      |
|    exploration_rate | 0.01     |
| time/               |          |
|    episodes         | 1528     |
|    fps              | 869      |
|    time_elapsed     | 343      |
|    total_timesteps  | 298674   |
| train/              |          |
|    learning_rate    | 0.0001   |
|    loss             | 0.00919  |
|    n_updates        | 49668    |
----------------------------------
----------------------------------
| rollout/            |          |
|    ep_len_mean      | 2.54e+03 |
|    ep_rew_mean      | 268      |
|    exploration_rate | 0.01     |
| time/               |          |
|    episodes         | 1532     |
|    fps              | 869      |
|    time_elapsed     | 344      |
|    total_timesteps  | 299354   |
| train/              |          |
|    learning_rate    | 0.0001   |
|    loss             | 0.0474   |
|    n_updates        | 49838    |
----------------------------------
Eval num_timesteps=300000, episode_reward=236.00 +/- 124.03
Episode length: 2598.60 +/- 442.85
----------------------------------
| eval/               |          |
|    mean_ep_length   | 2.6e+03  |
|    mean_reward      | 236      |
| rollout/            |          |
|    exploration_rate | 0.01     |
| time/               |          |
|    total_timesteps  | 300000   |
| train/              |          |
|    learning_rate    | 0.0001   |
|    loss             | 0.00591  |
|    n_updates        | 49999    |
----------------------------------
----------------------------------
| rollout/            |          |
|    ep_len_mean      | 2.55e+03 |
|    ep_rew_mean      | 269      |
|    exploration_rate | 0.01     |
| time/               |          |
|    episodes         | 1536     |
|    fps              | 861      |
|    time_elapsed     | 348      |
|    total_timesteps  | 300470   |
| train/              |          |
|    learning_rate    | 0.0001   |
|    loss             | 0.0141   |
|    n_updates        | 50117    |
----------------------------------
----------------------------------
| rollout/            |          |
|    ep_len_mean      | 2.56e+03 |
|    ep_rew_mean      | 270      |
|    exploration_rate | 0.01     |
| time/               |          |
|    episodes         | 1540     |
|    fps              | 861      |
|    time_elapsed     | 349      |
|    total_timesteps  | 301209   |
| train/              |          |
|    learning_rate    | 0.0001   |
|    loss             | 0.0211   |
|    n_updates        | 50302    |
----------------------------------
----------------------------------
| rollout/            |          |
|    ep_len_mean      | 2.55e+03 |
|    ep_rew_mean      | 269      |
|    exploration_rate | 0.01     |
| time/               |          |
|    episodes         | 1544     |
|    fps              | 860      |
|    time_elapsed     | 350      |
|    total_timesteps  | 301974   |
| train/              |          |
|    learning_rate    | 0.0001   |
|    loss             | 0.0157   |
|    n_updates        | 50493    |
----------------------------------
----------------------------------
| rollout/            |          |
|    ep_len_mean      | 2.53e+03 |
|    ep_rew_mean      | 266      |
|    exploration_rate | 0.01     |
| time/               |          |
|    episodes         | 1548     |
|    fps              | 860      |
|    time_elapsed     | 351      |
|    total_timesteps  | 302541   |
| train/              |          |
|    learning_rate    | 0.0001   |
|    loss             | 0.0341   |
|    n_updates        | 50635    |
----------------------------------
----------------------------------
| rollout/            |          |
|    ep_len_mean      | 2.52e+03 |
|    ep_rew_mean      | 266      |
|    exploration_rate | 0.01     |
| time/               |          |
|    episodes         | 1552     |
|    fps              | 860      |
|    time_elapsed     | 352      |
|    total_timesteps  | 303251   |
| train/              |          |
|    learning_rate    | 0.0001   |
|    loss             | 0.0105   |
|    n_updates        | 50812    |
----------------------------------
----------------------------------
| rollout/            |          |
|    ep_len_mean      | 2.53e+03 |
|    ep_rew_mean      | 265      |
|    exploration_rate | 0.01     |
| time/               |          |
|    episodes         | 1556     |
|    fps              | 859      |
|    time_elapsed     | 354      |
|    total_timesteps  | 304417   |
| train/              |          |
|    learning_rate    | 0.0001   |
|    loss             | 0.0197   |
|    n_updates        | 51104    |
----------------------------------
----------------------------------
| rollout/            |          |
|    ep_len_mean      | 2.54e+03 |
|    ep_rew_mean      | 265      |
|    exploration_rate | 0.01     |
| time/               |          |
|    episodes         | 1560     |
|    fps              | 858      |
|    time_elapsed     | 355      |
|    total_timesteps  | 305199   |
| train/              |          |
|    learning_rate    | 0.0001   |
|    loss             | 0.0157   |
|    n_updates        | 51299    |
----------------------------------
----------------------------------
| rollout/            |          |
|    ep_len_mean      | 2.54e+03 |
|    ep_rew_mean      | 265      |
|    exploration_rate | 0.01     |
| time/               |          |
|    episodes         | 1564     |
|    fps              | 858      |
|    time_elapsed     | 356      |
|    total_timesteps  | 306279   |
| train/              |          |
|    learning_rate    | 0.0001   |
|    loss             | 0.0337   |
|    n_updates        | 51569    |
----------------------------------
----------------------------------
| rollout/            |          |
|    ep_len_mean      | 2.56e+03 |
|    ep_rew_mean      | 269      |
|    exploration_rate | 0.01     |
| time/               |          |
|    episodes         | 1568     |
|    fps              | 858      |
|    time_elapsed     | 357      |
|    total_timesteps  | 306847   |
| train/              |          |
|    learning_rate    | 0.0001   |
|    loss             | 0.00711  |
|    n_updates        | 51711    |
----------------------------------
----------------------------------
| rollout/            |          |
|    ep_len_mean      | 2.55e+03 |
|    ep_rew_mean      | 266      |
|    exploration_rate | 0.01     |
| time/               |          |
|    episodes         | 1572     |
|    fps              | 857      |
|    time_elapsed     | 358      |
|    total_timesteps  | 307684   |
| train/              |          |
|    learning_rate    | 0.0001   |
|    loss             | 0.0466   |
|    n_updates        | 51920    |
----------------------------------
----------------------------------
| rollout/            |          |
|    ep_len_mean      | 2.57e+03 |
|    ep_rew_mean      | 268      |
|    exploration_rate | 0.01     |
| time/               |          |
|    episodes         | 1576     |
|    fps              | 856      |
|    time_elapsed     | 360      |
|    total_timesteps  | 309234   |
| train/              |          |
|    learning_rate    | 0.0001   |
|    loss             | 0.00871  |
|    n_updates        | 52308    |
----------------------------------
----------------------------------
| rollout/            |          |
|    ep_len_mean      | 2.57e+03 |
|    ep_rew_mean      | 268      |
|    exploration_rate | 0.01     |
| time/               |          |
|    episodes         | 1580     |
|    fps              | 856      |
|    time_elapsed     | 362      |
|    total_timesteps  | 310093   |
| train/              |          |
|    learning_rate    | 0.0001   |
|    loss             | 0.0148   |
|    n_updates        | 52523    |
----------------------------------
----------------------------------
| rollout/            |          |
|    ep_len_mean      | 2.58e+03 |
|    ep_rew_mean      | 274      |
|    exploration_rate | 0.01     |
| time/               |          |
|    episodes         | 1584     |
|    fps              | 855      |
|    time_elapsed     | 363      |
|    total_timesteps  | 311300   |
| train/              |          |
|    learning_rate    | 0.0001   |
|    loss             | 0.0147   |
|    n_updates        | 52824    |
----------------------------------
----------------------------------
| rollout/            |          |
|    ep_len_mean      | 2.59e+03 |
|    ep_rew_mean      | 271      |
|    exploration_rate | 0.01     |
| time/               |          |
|    episodes         | 1588     |
|    fps              | 855      |
|    time_elapsed     | 364      |
|    total_timesteps  | 312113   |
| train/              |          |
|    learning_rate    | 0.0001   |
|    loss             | 0.0232   |
|    n_updates        | 53028    |
----------------------------------
----------------------------------
| rollout/            |          |
|    ep_len_mean      | 2.61e+03 |
|    ep_rew_mean      | 274      |
|    exploration_rate | 0.01     |
| time/               |          |
|    episodes         | 1592     |
|    fps              | 854      |
|    time_elapsed     | 366      |
|    total_timesteps  | 313355   |
| train/              |          |
|    learning_rate    | 0.0001   |
|    loss             | 0.0214   |
|    n_updates        | 53338    |
----------------------------------
----------------------------------
| rollout/            |          |
|    ep_len_mean      | 2.61e+03 |
|    ep_rew_mean      | 274      |
|    exploration_rate | 0.01     |
| time/               |          |
|    episodes         | 1596     |
|    fps              | 854      |
|    time_elapsed     | 367      |
|    total_timesteps  | 314089   |
| train/              |          |
|    learning_rate    | 0.0001   |
|    loss             | 0.00667  |
|    n_updates        | 53522    |
----------------------------------
----------------------------------
| rollout/            |          |
|    ep_len_mean      | 2.6e+03  |
|    ep_rew_mean      | 275      |
|    exploration_rate | 0.01     |
| time/               |          |
|    episodes         | 1600     |
|    fps              | 853      |
|    time_elapsed     | 368      |
|    total_timesteps  | 314731   |
| train/              |          |
|    learning_rate    | 0.0001   |
|    loss             | 0.0108   |
|    n_updates        | 53682    |
----------------------------------
----------------------------------
| rollout/            |          |
|    ep_len_mean      | 2.63e+03 |
|    ep_rew_mean      | 280      |
|    exploration_rate | 0.01     |
| time/               |          |
|    episodes         | 1604     |
|    fps              | 853      |
|    time_elapsed     | 370      |
|    total_timesteps  | 316081   |
| train/              |          |
|    learning_rate    | 0.0001   |
|    loss             | 0.0146   |
|    n_updates        | 54020    |
----------------------------------
----------------------------------
| rollout/            |          |
|    ep_len_mean      | 2.63e+03 |
|    ep_rew_mean      | 280      |
|    exploration_rate | 0.01     |
| time/               |          |
|    episodes         | 1608     |
|    fps              | 852      |
|    time_elapsed     | 371      |
|    total_timesteps  | 316727   |
| train/              |          |
|    learning_rate    | 0.0001   |
|    loss             | 0.0106   |
|    n_updates        | 54181    |
----------------------------------
----------------------------------
| rollout/            |          |
|    ep_len_mean      | 2.63e+03 |
|    ep_rew_mean      | 279      |
|    exploration_rate | 0.01     |
| time/               |          |
|    episodes         | 1612     |
|    fps              | 852      |
|    time_elapsed     | 372      |
|    total_timesteps  | 317336   |
| train/              |          |
|    learning_rate    | 0.0001   |
|    loss             | 0.0212   |
|    n_updates        | 54333    |
----------------------------------
----------------------------------
| rollout/            |          |
|    ep_len_mean      | 2.62e+03 |
|    ep_rew_mean      | 280      |
|    exploration_rate | 0.01     |
| time/               |          |
|    episodes         | 1616     |
|    fps              | 852      |
|    time_elapsed     | 372      |
|    total_timesteps  | 317905   |
| train/              |          |
|    learning_rate    | 0.0001   |
|    loss             | 0.0114   |
|    n_updates        | 54476    |
----------------------------------
----------------------------------
| rollout/            |          |
|    ep_len_mean      | 2.6e+03  |
|    ep_rew_mean      | 275      |
|    exploration_rate | 0.01     |
| time/               |          |
|    episodes         | 1620     |
|    fps              | 852      |
|    time_elapsed     | 373      |
|    total_timesteps  | 318571   |
| train/              |          |
|    learning_rate    | 0.0001   |
|    loss             | 0.00538  |
|    n_updates        | 54642    |
----------------------------------
----------------------------------
| rollout/            |          |
|    ep_len_mean      | 2.58e+03 |
|    ep_rew_mean      | 273      |
|    exploration_rate | 0.01     |
| time/               |          |
|    episodes         | 1624     |
|    fps              | 851      |
|    time_elapsed     | 374      |
|    total_timesteps  | 319100   |
| train/              |          |
|    learning_rate    | 0.0001   |
|    loss             | 0.0241   |
|    n_updates        | 54774    |
----------------------------------
----------------------------------
| rollout/            |          |
|    ep_len_mean      | 2.58e+03 |
|    ep_rew_mean      | 271      |
|    exploration_rate | 0.01     |
| time/               |          |
|    episodes         | 1628     |
|    fps              | 851      |
|    time_elapsed     | 375      |
|    total_timesteps  | 319961   |
| train/              |          |
|    learning_rate    | 0.0001   |
|    loss             | 0.0226   |
|    n_updates        | 54990    |
----------------------------------
----------------------------------
| rollout/            |          |
|    ep_len_mean      | 2.59e+03 |
|    ep_rew_mean      | 273      |
|    exploration_rate | 0.01     |
| time/               |          |
|    episodes         | 1632     |
|    fps              | 850      |
|    time_elapsed     | 376      |
|    total_timesteps  | 320734   |
| train/              |          |
|    learning_rate    | 0.0001   |
|    loss             | 0.00682  |
|    n_updates        | 55183    |
----------------------------------
----------------------------------
| rollout/            |          |
|    ep_len_mean      | 2.59e+03 |
|    ep_rew_mean      | 274      |
|    exploration_rate | 0.01     |
| time/               |          |
|    episodes         | 1636     |
|    fps              | 850      |
|    time_elapsed     | 378      |
|    total_timesteps  | 321610   |
| train/              |          |
|    learning_rate    | 0.0001   |
|    loss             | 0.0143   |
|    n_updates        | 55402    |
----------------------------------
----------------------------------
| rollout/            |          |
|    ep_len_mean      | 2.58e+03 |
|    ep_rew_mean      | 275      |
|    exploration_rate | 0.01     |
| time/               |          |
|    episodes         | 1640     |
|    fps              | 850      |
|    time_elapsed     | 379      |
|    total_timesteps  | 322632   |
| train/              |          |
|    learning_rate    | 0.0001   |
|    loss             | 0.0255   |
|    n_updates        | 55657    |
----------------------------------
----------------------------------
| rollout/            |          |
|    ep_len_mean      | 2.61e+03 |
|    ep_rew_mean      | 278      |
|    exploration_rate | 0.01     |
| time/               |          |
|    episodes         | 1644     |
|    fps              | 849      |
|    time_elapsed     | 381      |
|    total_timesteps  | 323897   |
| train/              |          |
|    learning_rate    | 0.0001   |
|    loss             | 0.00715  |
|    n_updates        | 55974    |
----------------------------------
----------------------------------
| rollout/            |          |
|    ep_len_mean      | 2.6e+03  |
|    ep_rew_mean      | 277      |
|    exploration_rate | 0.01     |
| time/               |          |
|    episodes         | 1648     |
|    fps              | 849      |
|    time_elapsed     | 381      |
|    total_timesteps  | 324377   |
| train/              |          |
|    learning_rate    | 0.0001   |
|    loss             | 0.00781  |
|    n_updates        | 56094    |
----------------------------------
Eval num_timesteps=325000, episode_reward=306.00 +/- 151.41
Episode length: 2278.60 +/- 514.27
----------------------------------
| eval/               |          |
|    mean_ep_length   | 2.28e+03 |
|    mean_reward      | 306      |
| rollout/            |          |
|    exploration_rate | 0.01     |
| time/               |          |
|    total_timesteps  | 325000   |
| train/              |          |
|    learning_rate    | 0.0001   |
|    loss             | 0.00932  |
|    n_updates        | 56249    |
----------------------------------
----------------------------------
| rollout/            |          |
|    ep_len_mean      | 2.59e+03 |
|    ep_rew_mean      | 274      |
|    exploration_rate | 0.01     |
| time/               |          |
|    episodes         | 1652     |
|    fps              | 843      |
|    time_elapsed     | 385      |
|    total_timesteps  | 325179   |
| train/              |          |
|    learning_rate    | 0.0001   |
|    loss             | 0.0576   |
|    n_updates        | 56294    |
----------------------------------
----------------------------------
| rollout/            |          |
|    ep_len_mean      | 2.56e+03 |
|    ep_rew_mean      | 269      |
|    exploration_rate | 0.01     |
| time/               |          |
|    episodes         | 1656     |
|    fps              | 843      |
|    time_elapsed     | 386      |
|    total_timesteps  | 325939   |
| train/              |          |
|    learning_rate    | 0.0001   |
|    loss             | 0.0359   |
|    n_updates        | 56484    |
----------------------------------
----------------------------------
| rollout/            |          |
|    ep_len_mean      | 2.54e+03 |
|    ep_rew_mean      | 266      |
|    exploration_rate | 0.01     |
| time/               |          |
|    episodes         | 1660     |
|    fps              | 843      |
|    time_elapsed     | 387      |
|    total_timesteps  | 326505   |
| train/              |          |
|    learning_rate    | 0.0001   |
|    loss             | 0.0122   |
|    n_updates        | 56626    |
----------------------------------
----------------------------------
| rollout/            |          |
|    ep_len_mean      | 2.54e+03 |
|    ep_rew_mean      | 267      |
|    exploration_rate | 0.01     |
| time/               |          |
|    episodes         | 1664     |
|    fps              | 842      |
|    time_elapsed     | 388      |
|    total_timesteps  | 327441   |
| train/              |          |
|    learning_rate    | 0.0001   |
|    loss             | 0.00612  |
|    n_updates        | 56860    |
----------------------------------
----------------------------------
| rollout/            |          |
|    ep_len_mean      | 2.55e+03 |
|    ep_rew_mean      | 271      |
|    exploration_rate | 0.01     |
| time/               |          |
|    episodes         | 1668     |
|    fps              | 842      |
|    time_elapsed     | 390      |
|    total_timesteps  | 328449   |
| train/              |          |
|    learning_rate    | 0.0001   |
|    loss             | 0.0225   |
|    n_updates        | 57112    |
----------------------------------
----------------------------------
| rollout/            |          |
|    ep_len_mean      | 2.55e+03 |
|    ep_rew_mean      | 271      |
|    exploration_rate | 0.01     |
| time/               |          |
|    episodes         | 1672     |
|    fps              | 841      |
|    time_elapsed     | 391      |
|    total_timesteps  | 329165   |
| train/              |          |
|    learning_rate    | 0.0001   |
|    loss             | 0.0255   |
|    n_updates        | 57291    |
----------------------------------
----------------------------------
| rollout/            |          |
|    ep_len_mean      | 2.53e+03 |
|    ep_rew_mean      | 268      |
|    exploration_rate | 0.01     |
| time/               |          |
|    episodes         | 1676     |
|    fps              | 841      |
|    time_elapsed     | 391      |
|    total_timesteps  | 329763   |
| train/              |          |
|    learning_rate    | 0.0001   |
|    loss             | 0.00724  |
|    n_updates        | 57440    |
----------------------------------
----------------------------------
| rollout/            |          |
|    ep_len_mean      | 2.56e+03 |
|    ep_rew_mean      | 273      |
|    exploration_rate | 0.01     |
| time/               |          |
|    episodes         | 1680     |
|    fps              | 840      |
|    time_elapsed     | 393      |
|    total_timesteps  | 331050   |
| train/              |          |
|    learning_rate    | 0.0001   |
|    loss             | 0.0259   |
|    n_updates        | 57762    |
----------------------------------
----------------------------------
| rollout/            |          |
|    ep_len_mean      | 2.55e+03 |
|    ep_rew_mean      | 272      |
|    exploration_rate | 0.01     |
| time/               |          |
|    episodes         | 1684     |
|    fps              | 840      |
|    time_elapsed     | 394      |
|    total_timesteps  | 331648   |
| train/              |          |
|    learning_rate    | 0.0001   |
|    loss             | 0.00883  |
|    n_updates        | 57911    |
----------------------------------
----------------------------------
| rollout/            |          |
|    ep_len_mean      | 2.55e+03 |
|    ep_rew_mean      | 274      |
|    exploration_rate | 0.01     |
| time/               |          |
|    episodes         | 1688     |
|    fps              | 840      |
|    time_elapsed     | 396      |
|    total_timesteps  | 332966   |
| train/              |          |
|    learning_rate    | 0.0001   |
|    loss             | 0.0264   |
|    n_updates        | 58241    |
----------------------------------
----------------------------------
| rollout/            |          |
|    ep_len_mean      | 2.54e+03 |
|    ep_rew_mean      | 272      |
|    exploration_rate | 0.01     |
| time/               |          |
|    episodes         | 1692     |
|    fps              | 839      |
|    time_elapsed     | 396      |
|    total_timesteps  | 333425   |
| train/              |          |
|    learning_rate    | 0.0001   |
|    loss             | 0.0306   |
|    n_updates        | 58356    |
----------------------------------
----------------------------------
| rollout/            |          |
|    ep_len_mean      | 2.53e+03 |
|    ep_rew_mean      | 269      |
|    exploration_rate | 0.01     |
| time/               |          |
|    episodes         | 1696     |
|    fps              | 839      |
|    time_elapsed     | 398      |
|    total_timesteps  | 334257   |
| train/              |          |
|    learning_rate    | 0.0001   |
|    loss             | 0.0341   |
|    n_updates        | 58564    |
----------------------------------
----------------------------------
| rollout/            |          |
|    ep_len_mean      | 2.53e+03 |
|    ep_rew_mean      | 269      |
|    exploration_rate | 0.01     |
| time/               |          |
|    episodes         | 1700     |
|    fps              | 839      |
|    time_elapsed     | 399      |
|    total_timesteps  | 334974   |
| train/              |          |
|    learning_rate    | 0.0001   |
|    loss             | 0.0153   |
|    n_updates        | 58743    |
----------------------------------
----------------------------------
| rollout/            |          |
|    ep_len_mean      | 2.56e+03 |
|    ep_rew_mean      | 272      |
|    exploration_rate | 0.01     |
| time/               |          |
|    episodes         | 1704     |
|    fps              | 838      |
|    time_elapsed     | 400      |
|    total_timesteps  | 335880   |
| train/              |          |
|    learning_rate    | 0.0001   |
|    loss             | 0.0455   |
|    n_updates        | 58969    |
----------------------------------
----------------------------------
| rollout/            |          |
|    ep_len_mean      | 2.57e+03 |
|    ep_rew_mean      | 273      |
|    exploration_rate | 0.01     |
| time/               |          |
|    episodes         | 1708     |
|    fps              | 838      |
|    time_elapsed     | 402      |
|    total_timesteps  | 337060   |
| train/              |          |
|    learning_rate    | 0.0001   |
|    loss             | 0.00615  |
|    n_updates        | 59264    |
----------------------------------
----------------------------------
| rollout/            |          |
|    ep_len_mean      | 2.58e+03 |
|    ep_rew_mean      | 276      |
|    exploration_rate | 0.01     |
| time/               |          |
|    episodes         | 1712     |
|    fps              | 838      |
|    time_elapsed     | 402      |
|    total_timesteps  | 337714   |
| train/              |          |
|    learning_rate    | 0.0001   |
|    loss             | 0.0415   |
|    n_updates        | 59428    |
----------------------------------
----------------------------------
| rollout/            |          |
|    ep_len_mean      | 2.57e+03 |
|    ep_rew_mean      | 275      |
|    exploration_rate | 0.01     |
| time/               |          |
|    episodes         | 1716     |
|    fps              | 837      |
|    time_elapsed     | 404      |
|    total_timesteps  | 338544   |
| train/              |          |
|    learning_rate    | 0.0001   |
|    loss             | 0.0207   |
|    n_updates        | 59635    |
----------------------------------
----------------------------------
| rollout/            |          |
|    ep_len_mean      | 2.57e+03 |
|    ep_rew_mean      | 274      |
|    exploration_rate | 0.01     |
| time/               |          |
|    episodes         | 1720     |
|    fps              | 837      |
|    time_elapsed     | 405      |
|    total_timesteps  | 339251   |
| train/              |          |
|    learning_rate    | 0.0001   |
|    loss             | 0.0151   |
|    n_updates        | 59812    |
----------------------------------
----------------------------------
| rollout/            |          |
|    ep_len_mean      | 2.58e+03 |
|    ep_rew_mean      | 275      |
|    exploration_rate | 0.01     |
| time/               |          |
|    episodes         | 1724     |
|    fps              | 837      |
|    time_elapsed     | 406      |
|    total_timesteps  | 340022   |
| train/              |          |
|    learning_rate    | 0.0001   |
|    loss             | 0.0234   |
|    n_updates        | 60005    |
----------------------------------
----------------------------------
| rollout/            |          |
|    ep_len_mean      | 2.56e+03 |
|    ep_rew_mean      | 276      |
|    exploration_rate | 0.01     |
| time/               |          |
|    episodes         | 1728     |
|    fps              | 836      |
|    time_elapsed     | 407      |
|    total_timesteps  | 340691   |
| train/              |          |
|    learning_rate    | 0.0001   |
|    loss             | 0.105    |
|    n_updates        | 60172    |
----------------------------------
----------------------------------
| rollout/            |          |
|    ep_len_mean      | 2.56e+03 |
|    ep_rew_mean      | 275      |
|    exploration_rate | 0.01     |
| time/               |          |
|    episodes         | 1732     |
|    fps              | 836      |
|    time_elapsed     | 408      |
|    total_timesteps  | 341614   |
| train/              |          |
|    learning_rate    | 0.0001   |
|    loss             | 0.102    |
|    n_updates        | 60403    |
----------------------------------
----------------------------------
| rollout/            |          |
|    ep_len_mean      | 2.55e+03 |
|    ep_rew_mean      | 276      |
|    exploration_rate | 0.01     |
| time/               |          |
|    episodes         | 1736     |
|    fps              | 836      |
|    time_elapsed     | 409      |
|    total_timesteps  | 342615   |
| train/              |          |
|    learning_rate    | 0.0001   |
|    loss             | 0.00904  |
|    n_updates        | 60653    |
----------------------------------
----------------------------------
| rollout/            |          |
|    ep_len_mean      | 2.58e+03 |
|    ep_rew_mean      | 283      |
|    exploration_rate | 0.01     |
| time/               |          |
|    episodes         | 1740     |
|    fps              | 835      |
|    time_elapsed     | 411      |
|    total_timesteps  | 343891   |
| train/              |          |
|    learning_rate    | 0.0001   |
|    loss             | 0.0175   |
|    n_updates        | 60972    |
----------------------------------
----------------------------------
| rollout/            |          |
|    ep_len_mean      | 2.58e+03 |
|    ep_rew_mean      | 282      |
|    exploration_rate | 0.01     |
| time/               |          |
|    episodes         | 1744     |
|    fps              | 835      |
|    time_elapsed     | 412      |
|    total_timesteps  | 344555   |
| train/              |          |
|    learning_rate    | 0.0001   |
|    loss             | 0.00913  |
|    n_updates        | 61138    |
----------------------------------
----------------------------------
| rollout/            |          |
|    ep_len_mean      | 2.58e+03 |
|    ep_rew_mean      | 282      |
|    exploration_rate | 0.01     |
| time/               |          |
|    episodes         | 1748     |
|    fps              | 835      |
|    time_elapsed     | 413      |
|    total_timesteps  | 345370   |
| train/              |          |
|    learning_rate    | 0.0001   |
|    loss             | 0.0347   |
|    n_updates        | 61342    |
----------------------------------
----------------------------------
| rollout/            |          |
|    ep_len_mean      | 2.57e+03 |
|    ep_rew_mean      | 280      |
|    exploration_rate | 0.01     |
| time/               |          |
|    episodes         | 1752     |
|    fps              | 834      |
|    time_elapsed     | 414      |
|    total_timesteps  | 345848   |
| train/              |          |
|    learning_rate    | 0.0001   |
|    loss             | 0.012    |
|    n_updates        | 61461    |
----------------------------------
----------------------------------
| rollout/            |          |
|    ep_len_mean      | 2.57e+03 |
|    ep_rew_mean      | 278      |
|    exploration_rate | 0.01     |
| time/               |          |
|    episodes         | 1756     |
|    fps              | 834      |
|    time_elapsed     | 415      |
|    total_timesteps  | 346865   |
| train/              |          |
|    learning_rate    | 0.0001   |
|    loss             | 0.0355   |
|    n_updates        | 61716    |
----------------------------------
----------------------------------
| rollout/            |          |
|    ep_len_mean      | 2.57e+03 |
|    ep_rew_mean      | 279      |
|    exploration_rate | 0.01     |
| time/               |          |
|    episodes         | 1760     |
|    fps              | 834      |
|    time_elapsed     | 416      |
|    total_timesteps  | 347179   |
| train/              |          |
|    learning_rate    | 0.0001   |
|    loss             | 0.0202   |
|    n_updates        | 61794    |
----------------------------------
----------------------------------
| rollout/            |          |
|    ep_len_mean      | 2.54e+03 |
|    ep_rew_mean      | 276      |
|    exploration_rate | 0.01     |
| time/               |          |
|    episodes         | 1764     |
|    fps              | 834      |
|    time_elapsed     | 416      |
|    total_timesteps  | 347840   |
| train/              |          |
|    learning_rate    | 0.0001   |
|    loss             | 0.0272   |
|    n_updates        | 61959    |
----------------------------------
----------------------------------
| rollout/            |          |
|    ep_len_mean      | 2.53e+03 |
|    ep_rew_mean      | 273      |
|    exploration_rate | 0.01     |
| time/               |          |
|    episodes         | 1768     |
|    fps              | 834      |
|    time_elapsed     | 417      |
|    total_timesteps  | 348463   |
| train/              |          |
|    learning_rate    | 0.0001   |
|    loss             | 0.0154   |
|    n_updates        | 62115    |
----------------------------------
----------------------------------
| rollout/            |          |
|    ep_len_mean      | 2.52e+03 |
|    ep_rew_mean      | 272      |
|    exploration_rate | 0.01     |
| time/               |          |
|    episodes         | 1772     |
|    fps              | 833      |
|    time_elapsed     | 418      |
|    total_timesteps  | 349279   |
| train/              |          |
|    learning_rate    | 0.0001   |
|    loss             | 0.00495  |
|    n_updates        | 62319    |
----------------------------------
----------------------------------
| rollout/            |          |
|    ep_len_mean      | 2.53e+03 |
|    ep_rew_mean      | 273      |
|    exploration_rate | 0.01     |
| time/               |          |
|    episodes         | 1776     |
|    fps              | 833      |
|    time_elapsed     | 419      |
|    total_timesteps  | 349921   |
| train/              |          |
|    learning_rate    | 0.0001   |
|    loss             | 0.0964   |
|    n_updates        | 62480    |
----------------------------------
Eval num_timesteps=350000, episode_reward=236.00 +/- 92.49
Episode length: 2817.80 +/- 514.13
----------------------------------
| eval/               |          |
|    mean_ep_length   | 2.82e+03 |
|    mean_reward      | 236      |
| rollout/            |          |
|    exploration_rate | 0.01     |
| time/               |          |
|    total_timesteps  | 350000   |
| train/              |          |
|    learning_rate    | 0.0001   |
|    loss             | 0.114    |
|    n_updates        | 62499    |
----------------------------------
----------------------------------
| rollout/            |          |
|    ep_len_mean      | 2.53e+03 |
|    ep_rew_mean      | 273      |
|    exploration_rate | 0.01     |
| time/               |          |
|    episodes         | 1780     |
|    fps              | 827      |
|    time_elapsed     | 424      |
|    total_timesteps  | 350744   |
| train/              |          |
|    learning_rate    | 0.0001   |
|    loss             | 0.00994  |
|    n_updates        | 62685    |
----------------------------------
----------------------------------
| rollout/            |          |
|    ep_len_mean      | 2.51e+03 |
|    ep_rew_mean      | 269      |
|    exploration_rate | 0.01     |
| time/               |          |
|    episodes         | 1784     |
|    fps              | 826      |
|    time_elapsed     | 424      |
|    total_timesteps  | 351424   |
| train/              |          |
|    learning_rate    | 0.0001   |
|    loss             | 0.0278   |
|    n_updates        | 62855    |
----------------------------------
----------------------------------
| rollout/            |          |
|    ep_len_mean      | 2.49e+03 |
|    ep_rew_mean      | 267      |
|    exploration_rate | 0.01     |
| time/               |          |
|    episodes         | 1788     |
|    fps              | 826      |
|    time_elapsed     | 425      |
|    total_timesteps  | 351890   |
| train/              |          |
|    learning_rate    | 0.0001   |
|    loss             | 0.0113   |
|    n_updates        | 62972    |
----------------------------------
----------------------------------
| rollout/            |          |
|    ep_len_mean      | 2.49e+03 |
|    ep_rew_mean      | 268      |
|    exploration_rate | 0.01     |
| time/               |          |
|    episodes         | 1792     |
|    fps              | 826      |
|    time_elapsed     | 426      |
|    total_timesteps  | 352694   |
| train/              |          |
|    learning_rate    | 0.0001   |
|    loss             | 0.0895   |
|    n_updates        | 63173    |
----------------------------------
----------------------------------
| rollout/            |          |
|    ep_len_mean      | 2.49e+03 |
|    ep_rew_mean      | 268      |
|    exploration_rate | 0.01     |
| time/               |          |
|    episodes         | 1796     |
|    fps              | 826      |
|    time_elapsed     | 427      |
|    total_timesteps  | 353304   |
| train/              |          |
|    learning_rate    | 0.0001   |
|    loss             | 0.0437   |
|    n_updates        | 63325    |
----------------------------------
----------------------------------
| rollout/            |          |
|    ep_len_mean      | 2.49e+03 |
|    ep_rew_mean      | 267      |
|    exploration_rate | 0.01     |
| time/               |          |
|    episodes         | 1800     |
|    fps              | 825      |
|    time_elapsed     | 428      |
|    total_timesteps  | 354209   |
| train/              |          |
|    learning_rate    | 0.0001   |
|    loss             | 0.0368   |
|    n_updates        | 63552    |
----------------------------------
----------------------------------
| rollout/            |          |
|    ep_len_mean      | 2.49e+03 |
|    ep_rew_mean      | 265      |
|    exploration_rate | 0.01     |
| time/               |          |
|    episodes         | 1804     |
|    fps              | 825      |
|    time_elapsed     | 430      |
|    total_timesteps  | 355559   |
| train/              |          |
|    learning_rate    | 0.0001   |
|    loss             | 0.014    |
|    n_updates        | 63889    |
----------------------------------
----------------------------------
| rollout/            |          |
|    ep_len_mean      | 2.5e+03  |
|    ep_rew_mean      | 266      |
|    exploration_rate | 0.01     |
| time/               |          |
|    episodes         | 1808     |
|    fps              | 825      |
|    time_elapsed     | 431      |
|    total_timesteps  | 356159   |
| train/              |          |
|    learning_rate    | 0.0001   |
|    loss             | 0.0119   |
|    n_updates        | 64039    |
----------------------------------
----------------------------------
| rollout/            |          |
|    ep_len_mean      | 2.5e+03  |
|    ep_rew_mean      | 266      |
|    exploration_rate | 0.01     |
| time/               |          |
|    episodes         | 1812     |
|    fps              | 825      |
|    time_elapsed     | 433      |
|    total_timesteps  | 357381   |
| train/              |          |
|    learning_rate    | 0.0001   |
|    loss             | 0.0567   |
|    n_updates        | 64345    |
----------------------------------
----------------------------------
| rollout/            |          |
|    ep_len_mean      | 2.49e+03 |
|    ep_rew_mean      | 265      |
|    exploration_rate | 0.01     |
| time/               |          |
|    episodes         | 1816     |
|    fps              | 824      |
|    time_elapsed     | 433      |
|    total_timesteps  | 357961   |
| train/              |          |
|    learning_rate    | 0.0001   |
|    loss             | 0.0539   |
|    n_updates        | 64490    |
----------------------------------
----------------------------------
| rollout/            |          |
|    ep_len_mean      | 2.51e+03 |
|    ep_rew_mean      | 266      |
|    exploration_rate | 0.01     |
| time/               |          |
|    episodes         | 1820     |
|    fps              | 824      |
|    time_elapsed     | 435      |
|    total_timesteps  | 359262   |
| train/              |          |
|    learning_rate    | 0.0001   |
|    loss             | 0.0112   |
|    n_updates        | 64815    |
----------------------------------
----------------------------------
| rollout/            |          |
|    ep_len_mean      | 2.49e+03 |
|    ep_rew_mean      | 262      |
|    exploration_rate | 0.01     |
| time/               |          |
|    episodes         | 1824     |
|    fps              | 824      |
|    time_elapsed     | 436      |
|    total_timesteps  | 359730   |
| train/              |          |
|    learning_rate    | 0.0001   |
|    loss             | 0.0133   |
|    n_updates        | 64932    |
----------------------------------
----------------------------------
| rollout/            |          |
|    ep_len_mean      | 2.48e+03 |
|    ep_rew_mean      | 261      |
|    exploration_rate | 0.01     |
| time/               |          |
|    episodes         | 1828     |
|    fps              | 824      |
|    time_elapsed     | 437      |
|    total_timesteps  | 360401   |
| train/              |          |
|    learning_rate    | 0.0001   |
|    loss             | 0.016    |
|    n_updates        | 65100    |
----------------------------------
----------------------------------
| rollout/            |          |
|    ep_len_mean      | 2.47e+03 |
|    ep_rew_mean      | 260      |
|    exploration_rate | 0.01     |
| time/               |          |
|    episodes         | 1832     |
|    fps              | 823      |
|    time_elapsed     | 438      |
|    total_timesteps  | 361129   |
| train/              |          |
|    learning_rate    | 0.0001   |
|    loss             | 0.0323   |
|    n_updates        | 65282    |
----------------------------------
----------------------------------
| rollout/            |          |
|    ep_len_mean      | 2.47e+03 |
|    ep_rew_mean      | 259      |
|    exploration_rate | 0.01     |
| time/               |          |
|    episodes         | 1836     |
|    fps              | 823      |
|    time_elapsed     | 439      |
|    total_timesteps  | 361927   |
| train/              |          |
|    learning_rate    | 0.0001   |
|    loss             | 0.0157   |
|    n_updates        | 65481    |
----------------------------------
----------------------------------
| rollout/            |          |
|    ep_len_mean      | 2.49e+03 |
|    ep_rew_mean      | 261      |
|    exploration_rate | 0.01     |
| time/               |          |
|    episodes         | 1840     |
|    fps              | 823      |
|    time_elapsed     | 441      |
|    total_timesteps  | 363049   |
| train/              |          |
|    learning_rate    | 0.0001   |
|    loss             | 0.0356   |
|    n_updates        | 65762    |
----------------------------------
----------------------------------
| rollout/            |          |
|    ep_len_mean      | 2.51e+03 |
|    ep_rew_mean      | 267      |
|    exploration_rate | 0.01     |
| time/               |          |
|    episodes         | 1844     |
|    fps              | 822      |
|    time_elapsed     | 442      |
|    total_timesteps  | 364147   |
| train/              |          |
|    learning_rate    | 0.0001   |
|    loss             | 0.0184   |
|    n_updates        | 66036    |
----------------------------------
----------------------------------
| rollout/            |          |
|    ep_len_mean      | 2.51e+03 |
|    ep_rew_mean      | 266      |
|    exploration_rate | 0.01     |
| time/               |          |
|    episodes         | 1848     |
|    fps              | 822      |
|    time_elapsed     | 443      |
|    total_timesteps  | 364970   |
| train/              |          |
|    learning_rate    | 0.0001   |
|    loss             | 0.0171   |
|    n_updates        | 66242    |
----------------------------------
----------------------------------
| rollout/            |          |
|    ep_len_mean      | 2.5e+03  |
|    ep_rew_mean      | 264      |
|    exploration_rate | 0.01     |
| time/               |          |
|    episodes         | 1852     |
|    fps              | 822      |
|    time_elapsed     | 444      |
|    total_timesteps  | 365502   |
| train/              |          |
|    learning_rate    | 0.0001   |
|    loss             | 0.0465   |
|    n_updates        | 66375    |
----------------------------------
----------------------------------
| rollout/            |          |
|    ep_len_mean      | 2.51e+03 |
|    ep_rew_mean      | 266      |
|    exploration_rate | 0.01     |
| time/               |          |
|    episodes         | 1856     |
|    fps              | 822      |
|    time_elapsed     | 446      |
|    total_timesteps  | 366727   |
| train/              |          |
|    learning_rate    | 0.0001   |
|    loss             | 0.0369   |
|    n_updates        | 66681    |
----------------------------------
----------------------------------
| rollout/            |          |
|    ep_len_mean      | 2.5e+03  |
|    ep_rew_mean      | 264      |
|    exploration_rate | 0.01     |
| time/               |          |
|    episodes         | 1860     |
|    fps              | 821      |
|    time_elapsed     | 447      |
|    total_timesteps  | 367503   |
| train/              |          |
|    learning_rate    | 0.0001   |
|    loss             | 0.0187   |
|    n_updates        | 66875    |
----------------------------------
----------------------------------
| rollout/            |          |
|    ep_len_mean      | 2.5e+03  |
|    ep_rew_mean      | 263      |
|    exploration_rate | 0.01     |
| time/               |          |
|    episodes         | 1864     |
|    fps              | 821      |
|    time_elapsed     | 448      |
|    total_timesteps  | 368193   |
| train/              |          |
|    learning_rate    | 0.0001   |
|    loss             | 0.0268   |
|    n_updates        | 67048    |
----------------------------------
----------------------------------
| rollout/            |          |
|    ep_len_mean      | 2.5e+03  |
|    ep_rew_mean      | 266      |
|    exploration_rate | 0.01     |
| time/               |          |
|    episodes         | 1868     |
|    fps              | 821      |
|    time_elapsed     | 449      |
|    total_timesteps  | 368983   |
| train/              |          |
|    learning_rate    | 0.0001   |
|    loss             | 0.118    |
|    n_updates        | 67245    |
----------------------------------
----------------------------------
| rollout/            |          |
|    ep_len_mean      | 2.48e+03 |
|    ep_rew_mean      | 266      |
|    exploration_rate | 0.01     |
| time/               |          |
|    episodes         | 1872     |
|    fps              | 821      |
|    time_elapsed     | 450      |
|    total_timesteps  | 369707   |
| train/              |          |
|    learning_rate    | 0.0001   |
|    loss             | 0.0373   |
|    n_updates        | 67426    |
----------------------------------
----------------------------------
| rollout/            |          |
|    ep_len_mean      | 2.48e+03 |
|    ep_rew_mean      | 265      |
|    exploration_rate | 0.01     |
| time/               |          |
|    episodes         | 1876     |
|    fps              | 821      |
|    time_elapsed     | 451      |
|    total_timesteps  | 370590   |
| train/              |          |
|    learning_rate    | 0.0001   |
|    loss             | 0.0069   |
|    n_updates        | 67647    |
----------------------------------
----------------------------------
| rollout/            |          |
|    ep_len_mean      | 2.48e+03 |
|    ep_rew_mean      | 262      |
|    exploration_rate | 0.01     |
| time/               |          |
|    episodes         | 1880     |
|    fps              | 820      |
|    time_elapsed     | 452      |
|    total_timesteps  | 371319   |
| train/              |          |
|    learning_rate    | 0.0001   |
|    loss             | 0.0377   |
|    n_updates        | 67829    |
----------------------------------
----------------------------------
| rollout/            |          |
|    ep_len_mean      | 2.47e+03 |
|    ep_rew_mean      | 257      |
|    exploration_rate | 0.01     |
| time/               |          |
|    episodes         | 1884     |
|    fps              | 820      |
|    time_elapsed     | 453      |
|    total_timesteps  | 372006   |
| train/              |          |
|    learning_rate    | 0.0001   |
|    loss             | 0.00632  |
|    n_updates        | 68001    |
----------------------------------
----------------------------------
| rollout/            |          |
|    ep_len_mean      | 2.47e+03 |
|    ep_rew_mean      | 257      |
|    exploration_rate | 0.01     |
| time/               |          |
|    episodes         | 1888     |
|    fps              | 820      |
|    time_elapsed     | 454      |
|    total_timesteps  | 372825   |
| train/              |          |
|    learning_rate    | 0.0001   |
|    loss             | 0.0124   |
|    n_updates        | 68206    |
----------------------------------
----------------------------------
| rollout/            |          |
|    ep_len_mean      | 2.44e+03 |
|    ep_rew_mean      | 253      |
|    exploration_rate | 0.01     |
| time/               |          |
|    episodes         | 1892     |
|    fps              | 820      |
|    time_elapsed     | 455      |
|    total_timesteps  | 373376   |
| train/              |          |
|    learning_rate    | 0.0001   |
|    loss             | 0.0412   |
|    n_updates        | 68343    |
----------------------------------
----------------------------------
| rollout/            |          |
|    ep_len_mean      | 2.45e+03 |
|    ep_rew_mean      | 255      |
|    exploration_rate | 0.01     |
| time/               |          |
|    episodes         | 1896     |
|    fps              | 819      |
|    time_elapsed     | 456      |
|    total_timesteps  | 374388   |
| train/              |          |
|    learning_rate    | 0.0001   |
|    loss             | 0.0118   |
|    n_updates        | 68596    |
----------------------------------
Eval num_timesteps=375000, episode_reward=300.00 +/- 124.10
Episode length: 2146.20 +/- 532.90
----------------------------------
| eval/               |          |
|    mean_ep_length   | 2.15e+03 |
|    mean_reward      | 300      |
| rollout/            |          |
|    exploration_rate | 0.01     |
| time/               |          |
|    total_timesteps  | 375000   |
| train/              |          |
|    learning_rate    | 0.0001   |
|    loss             | 0.0305   |
|    n_updates        | 68749    |
----------------------------------
----------------------------------
| rollout/            |          |
|    ep_len_mean      | 2.46e+03 |
|    ep_rew_mean      | 255      |
|    exploration_rate | 0.01     |
| time/               |          |
|    episodes         | 1900     |
|    fps              | 815      |
|    time_elapsed     | 460      |
|    total_timesteps  | 375224   |
| train/              |          |
|    learning_rate    | 0.0001   |
|    loss             | 0.0276   |
|    n_updates        | 68805    |
----------------------------------
----------------------------------
| rollout/            |          |
|    ep_len_mean      | 2.43e+03 |
|    ep_rew_mean      | 249      |
|    exploration_rate | 0.01     |
| time/               |          |
|    episodes         | 1904     |
|    fps              | 815      |
|    time_elapsed     | 460      |
|    total_timesteps  | 375826   |
| train/              |          |
|    learning_rate    | 0.0001   |
|    loss             | 0.0139   |
|    n_updates        | 68956    |
----------------------------------
----------------------------------
| rollout/            |          |
|    ep_len_mean      | 2.43e+03 |
|    ep_rew_mean      | 249      |
|    exploration_rate | 0.01     |
| time/               |          |
|    episodes         | 1908     |
|    fps              | 815      |
|    time_elapsed     | 461      |
|    total_timesteps  | 376455   |
| train/              |          |
|    learning_rate    | 0.0001   |
|    loss             | 0.0149   |
|    n_updates        | 69113    |
----------------------------------
----------------------------------
| rollout/            |          |
|    ep_len_mean      | 2.43e+03 |
|    ep_rew_mean      | 250      |
|    exploration_rate | 0.01     |
| time/               |          |
|    episodes         | 1912     |
|    fps              | 815      |
|    time_elapsed     | 462      |
|    total_timesteps  | 377229   |
| train/              |          |
|    learning_rate    | 0.0001   |
|    loss             | 0.00699  |
|    n_updates        | 69307    |
----------------------------------
----------------------------------
| rollout/            |          |
|    ep_len_mean      | 2.45e+03 |
|    ep_rew_mean      | 254      |
|    exploration_rate | 0.01     |
| time/               |          |
|    episodes         | 1916     |
|    fps              | 814      |
|    time_elapsed     | 464      |
|    total_timesteps  | 378250   |
| train/              |          |
|    learning_rate    | 0.0001   |
|    loss             | 0.0351   |
|    n_updates        | 69562    |
----------------------------------
----------------------------------
| rollout/            |          |
|    ep_len_mean      | 2.46e+03 |
|    ep_rew_mean      | 254      |
|    exploration_rate | 0.01     |
| time/               |          |
|    episodes         | 1920     |
|    fps              | 814      |
|    time_elapsed     | 465      |
|    total_timesteps  | 379050   |
| train/              |          |
|    learning_rate    | 0.0001   |
|    loss             | 0.00913  |
|    n_updates        | 69762    |
----------------------------------
----------------------------------
| rollout/            |          |
|    ep_len_mean      | 2.47e+03 |
|    ep_rew_mean      | 256      |
|    exploration_rate | 0.01     |
| time/               |          |
|    episodes         | 1924     |
|    fps              | 814      |
|    time_elapsed     | 466      |
|    total_timesteps  | 379678   |
| train/              |          |
|    learning_rate    | 0.0001   |
|    loss             | 0.0178   |
|    n_updates        | 69919    |
----------------------------------
----------------------------------
| rollout/            |          |
|    ep_len_mean      | 2.48e+03 |
|    ep_rew_mean      | 258      |
|    exploration_rate | 0.01     |
| time/               |          |
|    episodes         | 1928     |
|    fps              | 813      |
|    time_elapsed     | 468      |
|    total_timesteps  | 380954   |
| train/              |          |
|    learning_rate    | 0.0001   |
|    loss             | 0.0178   |
|    n_updates        | 70238    |
----------------------------------
----------------------------------
| rollout/            |          |
|    ep_len_mean      | 2.47e+03 |
|    ep_rew_mean      | 258      |
|    exploration_rate | 0.01     |
| time/               |          |
|    episodes         | 1932     |
|    fps              | 813      |
|    time_elapsed     | 468      |
|    total_timesteps  | 381628   |
| train/              |          |
|    learning_rate    | 0.0001   |
|    loss             | 0.0465   |
|    n_updates        | 70406    |
----------------------------------
----------------------------------
| rollout/            |          |
|    ep_len_mean      | 2.47e+03 |
|    ep_rew_mean      | 258      |
|    exploration_rate | 0.01     |
| time/               |          |
|    episodes         | 1936     |
|    fps              | 813      |
|    time_elapsed     | 470      |
|    total_timesteps  | 382638   |
| train/              |          |
|    learning_rate    | 0.0001   |
|    loss             | 0.022    |
|    n_updates        | 70659    |
----------------------------------
----------------------------------
| rollout/            |          |
|    ep_len_mean      | 2.47e+03 |
|    ep_rew_mean      | 257      |
|    exploration_rate | 0.01     |
| time/               |          |
|    episodes         | 1940     |
|    fps              | 813      |
|    time_elapsed     | 471      |
|    total_timesteps  | 383579   |
| train/              |          |
|    learning_rate    | 0.0001   |
|    loss             | 0.0157   |
|    n_updates        | 70894    |
----------------------------------
----------------------------------
| rollout/            |          |
|    ep_len_mean      | 2.46e+03 |
|    ep_rew_mean      | 257      |
|    exploration_rate | 0.01     |
| time/               |          |
|    episodes         | 1944     |
|    fps              | 813      |
|    time_elapsed     | 473      |
|    total_timesteps  | 384677   |
| train/              |          |
|    learning_rate    | 0.0001   |
|    loss             | 0.0238   |
|    n_updates        | 71169    |
----------------------------------
----------------------------------
| rollout/            |          |
|    ep_len_mean      | 2.48e+03 |
|    ep_rew_mean      | 262      |
|    exploration_rate | 0.01     |
| time/               |          |
|    episodes         | 1948     |
|    fps              | 812      |
|    time_elapsed     | 474      |
|    total_timesteps  | 385353   |
| train/              |          |
|    learning_rate    | 0.0001   |
|    loss             | 0.0117   |
|    n_updates        | 71338    |
----------------------------------
----------------------------------
| rollout/            |          |
|    ep_len_mean      | 2.47e+03 |
|    ep_rew_mean      | 259      |
|    exploration_rate | 0.01     |
| time/               |          |
|    episodes         | 1952     |
|    fps              | 812      |
|    time_elapsed     | 474      |
|    total_timesteps  | 386046   |
| train/              |          |
|    learning_rate    | 0.0001   |
|    loss             | 0.0143   |
|    n_updates        | 71511    |
----------------------------------
----------------------------------
| rollout/            |          |
|    ep_len_mean      | 2.48e+03 |
|    ep_rew_mean      | 261      |
|    exploration_rate | 0.01     |
| time/               |          |
|    episodes         | 1956     |
|    fps              | 812      |
|    time_elapsed     | 475      |
|    total_timesteps  | 386789   |
| train/              |          |
|    learning_rate    | 0.0001   |
|    loss             | 0.0172   |
|    n_updates        | 71697    |
----------------------------------
----------------------------------
| rollout/            |          |
|    ep_len_mean      | 2.48e+03 |
|    ep_rew_mean      | 262      |
|    exploration_rate | 0.01     |
| time/               |          |
|    episodes         | 1960     |
|    fps              | 812      |
|    time_elapsed     | 477      |
|    total_timesteps  | 387724   |
| train/              |          |
|    learning_rate    | 0.0001   |
|    loss             | 0.0163   |
|    n_updates        | 71930    |
----------------------------------
----------------------------------
| rollout/            |          |
|    ep_len_mean      | 2.48e+03 |
|    ep_rew_mean      | 260      |
|    exploration_rate | 0.01     |
| time/               |          |
|    episodes         | 1964     |
|    fps              | 812      |
|    time_elapsed     | 478      |
|    total_timesteps  | 388265   |
| train/              |          |
|    learning_rate    | 0.0001   |
|    loss             | 0.00647  |
|    n_updates        | 72066    |
----------------------------------
----------------------------------
| rollout/            |          |
|    ep_len_mean      | 2.46e+03 |
|    ep_rew_mean      | 256      |
|    exploration_rate | 0.01     |
| time/               |          |
|    episodes         | 1968     |
|    fps              | 812      |
|    time_elapsed     | 478      |
|    total_timesteps  | 388839   |
| train/              |          |
|    learning_rate    | 0.0001   |
|    loss             | 0.0156   |
|    n_updates        | 72209    |
----------------------------------
----------------------------------
| rollout/            |          |
|    ep_len_mean      | 2.46e+03 |
|    ep_rew_mean      | 256      |
|    exploration_rate | 0.01     |
| time/               |          |
|    episodes         | 1972     |
|    fps              | 811      |
|    time_elapsed     | 479      |
|    total_timesteps  | 389483   |
| train/              |          |
|    learning_rate    | 0.0001   |
|    loss             | 0.0179   |
|    n_updates        | 72370    |
----------------------------------
----------------------------------
| rollout/            |          |
|    ep_len_mean      | 2.45e+03 |
|    ep_rew_mean      | 255      |
|    exploration_rate | 0.01     |
| time/               |          |
|    episodes         | 1976     |
|    fps              | 811      |
|    time_elapsed     | 480      |
|    total_timesteps  | 390024   |
| train/              |          |
|    learning_rate    | 0.0001   |
|    loss             | 0.0102   |
|    n_updates        | 72505    |
----------------------------------
----------------------------------
| rollout/            |          |
|    ep_len_mean      | 2.42e+03 |
|    ep_rew_mean      | 250      |
|    exploration_rate | 0.01     |
| time/               |          |
|    episodes         | 1980     |
|    fps              | 811      |
|    time_elapsed     | 481      |
|    total_timesteps  | 390603   |
| train/              |          |
|    learning_rate    | 0.0001   |
|    loss             | 0.0194   |
|    n_updates        | 72650    |
----------------------------------
----------------------------------
| rollout/            |          |
|    ep_len_mean      | 2.42e+03 |
|    ep_rew_mean      | 250      |
|    exploration_rate | 0.01     |
| time/               |          |
|    episodes         | 1984     |
|    fps              | 811      |
|    time_elapsed     | 482      |
|    total_timesteps  | 391619   |
| train/              |          |
|    learning_rate    | 0.0001   |
|    loss             | 0.0192   |
|    n_updates        | 72904    |
----------------------------------
----------------------------------
| rollout/            |          |
|    ep_len_mean      | 2.41e+03 |
|    ep_rew_mean      | 249      |
|    exploration_rate | 0.01     |
| time/               |          |
|    episodes         | 1988     |
|    fps              | 811      |
|    time_elapsed     | 483      |
|    total_timesteps  | 392258   |
| train/              |          |
|    learning_rate    | 0.0001   |
|    loss             | 0.0136   |
|    n_updates        | 73064    |
----------------------------------
----------------------------------
| rollout/            |          |
|    ep_len_mean      | 2.42e+03 |
|    ep_rew_mean      | 251      |
|    exploration_rate | 0.01     |
| time/               |          |
|    episodes         | 1992     |
|    fps              | 811      |
|    time_elapsed     | 484      |
|    total_timesteps  | 393068   |
| train/              |          |
|    learning_rate    | 0.0001   |
|    loss             | 0.0291   |
|    n_updates        | 73266    |
----------------------------------
----------------------------------
| rollout/            |          |
|    ep_len_mean      | 2.42e+03 |
|    ep_rew_mean      | 252      |
|    exploration_rate | 0.01     |
| time/               |          |
|    episodes         | 1996     |
|    fps              | 810      |
|    time_elapsed     | 485      |
|    total_timesteps  | 393957   |
| train/              |          |
|    learning_rate    | 0.0001   |
|    loss             | 0.0117   |
|    n_updates        | 73489    |
----------------------------------
----------------------------------
| rollout/            |          |
|    ep_len_mean      | 2.41e+03 |
|    ep_rew_mean      | 251      |
|    exploration_rate | 0.01     |
| time/               |          |
|    episodes         | 2000     |
|    fps              | 810      |
|    time_elapsed     | 486      |
|    total_timesteps  | 394438   |
| train/              |          |
|    learning_rate    | 0.0001   |
|    loss             | 0.0345   |
|    n_updates        | 73609    |
----------------------------------
----------------------------------
| rollout/            |          |
|    ep_len_mean      | 2.4e+03  |
|    ep_rew_mean      | 249      |
|    exploration_rate | 0.01     |
| time/               |          |
|    episodes         | 2004     |
|    fps              | 810      |
|    time_elapsed     | 487      |
|    total_timesteps  | 395318   |
| train/              |          |
|    learning_rate    | 0.0001   |
|    loss             | 0.0585   |
|    n_updates        | 73829    |
----------------------------------
----------------------------------
| rollout/            |          |
|    ep_len_mean      | 2.39e+03 |
|    ep_rew_mean      | 248      |
|    exploration_rate | 0.01     |
| time/               |          |
|    episodes         | 2008     |
|    fps              | 810      |
|    time_elapsed     | 488      |
|    total_timesteps  | 395881   |
| train/              |          |
|    learning_rate    | 0.0001   |
|    loss             | 0.0101   |
|    n_updates        | 73970    |
----------------------------------
----------------------------------
| rollout/            |          |
|    ep_len_mean      | 2.39e+03 |
|    ep_rew_mean      | 247      |
|    exploration_rate | 0.01     |
| time/               |          |
|    episodes         | 2012     |
|    fps              | 810      |
|    time_elapsed     | 489      |
|    total_timesteps  | 396347   |
| train/              |          |
|    learning_rate    | 0.0001   |
|    loss             | 0.0179   |
|    n_updates        | 74086    |
----------------------------------
----------------------------------
| rollout/            |          |
|    ep_len_mean      | 2.39e+03 |
|    ep_rew_mean      | 247      |
|    exploration_rate | 0.01     |
| time/               |          |
|    episodes         | 2016     |
|    fps              | 809      |
|    time_elapsed     | 490      |
|    total_timesteps  | 397178   |
| train/              |          |
|    learning_rate    | 0.0001   |
|    loss             | 0.015    |
|    n_updates        | 74294    |
----------------------------------
----------------------------------
| rollout/            |          |
|    ep_len_mean      | 2.37e+03 |
|    ep_rew_mean      | 244      |
|    exploration_rate | 0.01     |
| time/               |          |
|    episodes         | 2020     |
|    fps              | 809      |
|    time_elapsed     | 491      |
|    total_timesteps  | 397733   |
| train/              |          |
|    learning_rate    | 0.0001   |
|    loss             | 0.0252   |
|    n_updates        | 74433    |
----------------------------------
----------------------------------
| rollout/            |          |
|    ep_len_mean      | 2.36e+03 |
|    ep_rew_mean      | 243      |
|    exploration_rate | 0.01     |
| time/               |          |
|    episodes         | 2024     |
|    fps              | 809      |
|    time_elapsed     | 491      |
|    total_timesteps  | 398238   |
| train/              |          |
|    learning_rate    | 0.0001   |
|    loss             | 0.0199   |
|    n_updates        | 74559    |
----------------------------------
----------------------------------
| rollout/            |          |
|    ep_len_mean      | 2.36e+03 |
|    ep_rew_mean      | 242      |
|    exploration_rate | 0.01     |
| time/               |          |
|    episodes         | 2028     |
|    fps              | 809      |
|    time_elapsed     | 492      |
|    total_timesteps  | 398813   |
| train/              |          |
|    learning_rate    | 0.0001   |
|    loss             | 0.0183   |
|    n_updates        | 74703    |
----------------------------------
----------------------------------
| rollout/            |          |
|    ep_len_mean      | 2.33e+03 |
|    ep_rew_mean      | 239      |
|    exploration_rate | 0.01     |
| time/               |          |
|    episodes         | 2032     |
|    fps              | 809      |
|    time_elapsed     | 493      |
|    total_timesteps  | 399332   |
| train/              |          |
|    learning_rate    | 0.0001   |
|    loss             | 0.0191   |
|    n_updates        | 74832    |
----------------------------------
Eval num_timesteps=400000, episode_reward=173.00 +/- 55.73
Episode length: 1954.60 +/- 302.61
----------------------------------
| eval/               |          |
|    mean_ep_length   | 1.95e+03 |
|    mean_reward      | 173      |
| rollout/            |          |
|    exploration_rate | 0.01     |
| time/               |          |
|    total_timesteps  | 400000   |
| train/              |          |
|    learning_rate    | 0.0001   |
|    loss             | 0.0128   |
|    n_updates        | 74999    |
----------------------------------
----------------------------------
| rollout/            |          |
|    ep_len_mean      | 2.33e+03 |
|    ep_rew_mean      | 238      |
|    exploration_rate | 0.01     |
| time/               |          |
|    episodes         | 2036     |
|    fps              | 805      |
|    time_elapsed     | 496      |
|    total_timesteps  | 400189   |
| train/              |          |
|    learning_rate    | 0.0001   |
|    loss             | 0.057    |
|    n_updates        | 75047    |
----------------------------------
----------------------------------
| rollout/            |          |
|    ep_len_mean      | 2.31e+03 |
|    ep_rew_mean      | 232      |
|    exploration_rate | 0.01     |
| time/               |          |
|    episodes         | 2040     |
|    fps              | 805      |
|    time_elapsed     | 497      |
|    total_timesteps  | 400869   |
| train/              |          |
|    learning_rate    | 0.0001   |
|    loss             | 0.0117   |
|    n_updates        | 75217    |
----------------------------------
----------------------------------
| rollout/            |          |
|    ep_len_mean      | 2.32e+03 |
|    ep_rew_mean      | 236      |
|    exploration_rate | 0.01     |
| time/               |          |
|    episodes         | 2044     |
|    fps              | 805      |
|    time_elapsed     | 498      |
|    total_timesteps  | 401715   |
| train/              |          |
|    learning_rate    | 0.0001   |
|    loss             | 0.0417   |
|    n_updates        | 75428    |
----------------------------------
----------------------------------
| rollout/            |          |
|    ep_len_mean      | 2.33e+03 |
|    ep_rew_mean      | 241      |
|    exploration_rate | 0.01     |
| time/               |          |
|    episodes         | 2048     |
|    fps              | 805      |
|    time_elapsed     | 500      |
|    total_timesteps  | 402760   |
| train/              |          |
|    learning_rate    | 0.0001   |
|    loss             | 0.0172   |
|    n_updates        | 75689    |
----------------------------------
----------------------------------
| rollout/            |          |
|    ep_len_mean      | 2.34e+03 |
|    ep_rew_mean      | 245      |
|    exploration_rate | 0.01     |
| time/               |          |
|    episodes         | 2052     |
|    fps              | 804      |
|    time_elapsed     | 501      |
|    total_timesteps  | 403343   |
| train/              |          |
|    learning_rate    | 0.0001   |
|    loss             | 0.0121   |
|    n_updates        | 75835    |
----------------------------------
----------------------------------
| rollout/            |          |
|    ep_len_mean      | 2.33e+03 |
|    ep_rew_mean      | 245      |
|    exploration_rate | 0.01     |
| time/               |          |
|    episodes         | 2056     |
|    fps              | 804      |
|    time_elapsed     | 501      |
|    total_timesteps  | 403973   |
| train/              |          |
|    learning_rate    | 0.0001   |
|    loss             | 0.00932  |
|    n_updates        | 75993    |
----------------------------------
----------------------------------
| rollout/            |          |
|    ep_len_mean      | 2.33e+03 |
|    ep_rew_mean      | 244      |
|    exploration_rate | 0.01     |
| time/               |          |
|    episodes         | 2060     |
|    fps              | 804      |
|    time_elapsed     | 502      |
|    total_timesteps  | 404497   |
| train/              |          |
|    learning_rate    | 0.0001   |
|    loss             | 0.0183   |
|    n_updates        | 76124    |
----------------------------------
----------------------------------
| rollout/            |          |
|    ep_len_mean      | 2.33e+03 |
|    ep_rew_mean      | 245      |
|    exploration_rate | 0.01     |
| time/               |          |
|    episodes         | 2064     |
|    fps              | 804      |
|    time_elapsed     | 503      |
|    total_timesteps  | 405015   |
| train/              |          |
|    learning_rate    | 0.0001   |
|    loss             | 0.0237   |
|    n_updates        | 76253    |
----------------------------------
----------------------------------
| rollout/            |          |
|    ep_len_mean      | 2.33e+03 |
|    ep_rew_mean      | 247      |
|    exploration_rate | 0.01     |
| time/               |          |
|    episodes         | 2068     |
|    fps              | 804      |
|    time_elapsed     | 504      |
|    total_timesteps  | 405808   |
| train/              |          |
|    learning_rate    | 0.0001   |
|    loss             | 0.0233   |
|    n_updates        | 76451    |
----------------------------------
----------------------------------
| rollout/            |          |
|    ep_len_mean      | 2.34e+03 |
|    ep_rew_mean      | 247      |
|    exploration_rate | 0.01     |
| time/               |          |
|    episodes         | 2072     |
|    fps              | 804      |
|    time_elapsed     | 506      |
|    total_timesteps  | 407023   |
| train/              |          |
|    learning_rate    | 0.0001   |
|    loss             | 0.0201   |
|    n_updates        | 76755    |
----------------------------------
----------------------------------
| rollout/            |          |
|    ep_len_mean      | 2.36e+03 |
|    ep_rew_mean      | 251      |
|    exploration_rate | 0.01     |
| time/               |          |
|    episodes         | 2076     |
|    fps              | 803      |
|    time_elapsed     | 507      |
|    total_timesteps  | 407882   |
| train/              |          |
|    learning_rate    | 0.0001   |
|    loss             | 0.0284   |
|    n_updates        | 76970    |
----------------------------------
----------------------------------
| rollout/            |          |
|    ep_len_mean      | 2.35e+03 |
|    ep_rew_mean      | 250      |
|    exploration_rate | 0.01     |
| time/               |          |
|    episodes         | 2080     |
|    fps              | 803      |
|    time_elapsed     | 508      |
|    total_timesteps  | 408676   |
| train/              |          |
|    learning_rate    | 0.0001   |
|    loss             | 0.0115   |
|    n_updates        | 77168    |
----------------------------------
----------------------------------
| rollout/            |          |
|    ep_len_mean      | 2.35e+03 |
|    ep_rew_mean      | 251      |
|    exploration_rate | 0.01     |
| time/               |          |
|    episodes         | 2084     |
|    fps              | 803      |
|    time_elapsed     | 509      |
|    total_timesteps  | 409332   |
| train/              |          |
|    learning_rate    | 0.0001   |
|    loss             | 0.00892  |
|    n_updates        | 77332    |
----------------------------------
----------------------------------
| rollout/            |          |
|    ep_len_mean      | 2.36e+03 |
|    ep_rew_mean      | 252      |
|    exploration_rate | 0.01     |
| time/               |          |
|    episodes         | 2088     |
|    fps              | 803      |
|    time_elapsed     | 510      |
|    total_timesteps  | 410213   |
| train/              |          |
|    learning_rate    | 0.0001   |
|    loss             | 0.0223   |
|    n_updates        | 77553    |
----------------------------------
----------------------------------
| rollout/            |          |
|    ep_len_mean      | 2.36e+03 |
|    ep_rew_mean      | 252      |
|    exploration_rate | 0.01     |
| time/               |          |
|    episodes         | 2092     |
|    fps              | 803      |
|    time_elapsed     | 511      |
|    total_timesteps  | 410823   |
| train/              |          |
|    learning_rate    | 0.0001   |
|    loss             | 0.0209   |
|    n_updates        | 77705    |
----------------------------------
----------------------------------
| rollout/            |          |
|    ep_len_mean      | 2.37e+03 |
|    ep_rew_mean      | 254      |
|    exploration_rate | 0.01     |
| time/               |          |
|    episodes         | 2096     |
|    fps              | 803      |
|    time_elapsed     | 512      |
|    total_timesteps  | 411620   |
| train/              |          |
|    learning_rate    | 0.0001   |
|    loss             | 0.0121   |
|    n_updates        | 77904    |
----------------------------------
----------------------------------
| rollout/            |          |
|    ep_len_mean      | 2.36e+03 |
|    ep_rew_mean      | 251      |
|    exploration_rate | 0.01     |
| time/               |          |
|    episodes         | 2100     |
|    fps              | 803      |
|    time_elapsed     | 513      |
|    total_timesteps  | 412278   |
| train/              |          |
|    learning_rate    | 0.0001   |
|    loss             | 0.0128   |
|    n_updates        | 78069    |
----------------------------------
----------------------------------
| rollout/            |          |
|    ep_len_mean      | 2.34e+03 |
|    ep_rew_mean      | 246      |
|    exploration_rate | 0.01     |
| time/               |          |
|    episodes         | 2104     |
|    fps              | 802      |
|    time_elapsed     | 514      |
|    total_timesteps  | 412987   |
| train/              |          |
|    learning_rate    | 0.0001   |
|    loss             | 0.0122   |
|    n_updates        | 78246    |
----------------------------------
----------------------------------
| rollout/            |          |
|    ep_len_mean      | 2.33e+03 |
|    ep_rew_mean      | 246      |
|    exploration_rate | 0.01     |
| time/               |          |
|    episodes         | 2108     |
|    fps              | 802      |
|    time_elapsed     | 515      |
|    total_timesteps  | 413738   |
| train/              |          |
|    learning_rate    | 0.0001   |
|    loss             | 0.0238   |
|    n_updates        | 78434    |
----------------------------------
----------------------------------
| rollout/            |          |
|    ep_len_mean      | 2.33e+03 |
|    ep_rew_mean      | 246      |
|    exploration_rate | 0.01     |
| time/               |          |
|    episodes         | 2112     |
|    fps              | 802      |
|    time_elapsed     | 516      |
|    total_timesteps  | 414715   |
| train/              |          |
|    learning_rate    | 0.0001   |
|    loss             | 0.0274   |
|    n_updates        | 78678    |
----------------------------------
----------------------------------
| rollout/            |          |
|    ep_len_mean      | 2.32e+03 |
|    ep_rew_mean      | 245      |
|    exploration_rate | 0.01     |
| time/               |          |
|    episodes         | 2116     |
|    fps              | 802      |
|    time_elapsed     | 517      |
|    total_timesteps  | 415514   |
| train/              |          |
|    learning_rate    | 0.0001   |
|    loss             | 0.0119   |
|    n_updates        | 78878    |
----------------------------------
----------------------------------
| rollout/            |          |
|    ep_len_mean      | 2.32e+03 |
|    ep_rew_mean      | 247      |
|    exploration_rate | 0.01     |
| time/               |          |
|    episodes         | 2120     |
|    fps              | 802      |
|    time_elapsed     | 518      |
|    total_timesteps  | 416311   |
| train/              |          |
|    learning_rate    | 0.0001   |
|    loss             | 0.0298   |
|    n_updates        | 79077    |
----------------------------------
----------------------------------
| rollout/            |          |
|    ep_len_mean      | 2.33e+03 |
|    ep_rew_mean      | 249      |
|    exploration_rate | 0.01     |
| time/               |          |
|    episodes         | 2124     |
|    fps              | 802      |
|    time_elapsed     | 520      |
|    total_timesteps  | 417272   |
| train/              |          |
|    learning_rate    | 0.0001   |
|    loss             | 0.0196   |
|    n_updates        | 79317    |
----------------------------------
----------------------------------
| rollout/            |          |
|    ep_len_mean      | 2.35e+03 |
|    ep_rew_mean      | 255      |
|    exploration_rate | 0.01     |
| time/               |          |
|    episodes         | 2128     |
|    fps              | 801      |
|    time_elapsed     | 521      |
|    total_timesteps  | 418012   |
| train/              |          |
|    learning_rate    | 0.0001   |
|    loss             | 0.0162   |
|    n_updates        | 79502    |
----------------------------------
----------------------------------
| rollout/            |          |
|    ep_len_mean      | 2.35e+03 |
|    ep_rew_mean      | 255      |
|    exploration_rate | 0.01     |
| time/               |          |
|    episodes         | 2132     |
|    fps              | 801      |
|    time_elapsed     | 522      |
|    total_timesteps  | 418894   |
| train/              |          |
|    learning_rate    | 0.0001   |
|    loss             | 0.0205   |
|    n_updates        | 79723    |
----------------------------------
----------------------------------
| rollout/            |          |
|    ep_len_mean      | 2.34e+03 |
|    ep_rew_mean      | 255      |
|    exploration_rate | 0.01     |
| time/               |          |
|    episodes         | 2136     |
|    fps              | 801      |
|    time_elapsed     | 523      |
|    total_timesteps  | 419859   |
| train/              |          |
|    learning_rate    | 0.0001   |
|    loss             | 0.00816  |
|    n_updates        | 79964    |
----------------------------------
----------------------------------
| rollout/            |          |
|    ep_len_mean      | 2.33e+03 |
|    ep_rew_mean      | 254      |
|    exploration_rate | 0.01     |
| time/               |          |
|    episodes         | 2140     |
|    fps              | 801      |
|    time_elapsed     | 525      |
|    total_timesteps  | 420825   |
| train/              |          |
|    learning_rate    | 0.0001   |
|    loss             | 0.0302   |
|    n_updates        | 80206    |
----------------------------------
----------------------------------
| rollout/            |          |
|    ep_len_mean      | 2.35e+03 |
|    ep_rew_mean      | 258      |
|    exploration_rate | 0.01     |
| time/               |          |
|    episodes         | 2144     |
|    fps              | 801      |
|    time_elapsed     | 527      |
|    total_timesteps  | 422184   |
| train/              |          |
|    learning_rate    | 0.0001   |
|    loss             | 0.0408   |
|    n_updates        | 80545    |
----------------------------------
----------------------------------
| rollout/            |          |
|    ep_len_mean      | 2.35e+03 |
|    ep_rew_mean      | 257      |
|    exploration_rate | 0.01     |
| time/               |          |
|    episodes         | 2148     |
|    fps              | 800      |
|    time_elapsed     | 527      |
|    total_timesteps  | 422755   |
| train/              |          |
|    learning_rate    | 0.0001   |
|    loss             | 0.0122   |
|    n_updates        | 80688    |
----------------------------------
----------------------------------
| rollout/            |          |
|    ep_len_mean      | 2.37e+03 |
|    ep_rew_mean      | 260      |
|    exploration_rate | 0.01     |
| time/               |          |
|    episodes         | 2152     |
|    fps              | 800      |
|    time_elapsed     | 529      |
|    total_timesteps  | 424235   |
| train/              |          |
|    learning_rate    | 0.0001   |
|    loss             | 0.0372   |
|    n_updates        | 81058    |
----------------------------------
Eval num_timesteps=425000, episode_reward=324.00 +/- 175.31
Episode length: 2821.00 +/- 575.11
----------------------------------
| eval/               |          |
|    mean_ep_length   | 2.82e+03 |
|    mean_reward      | 324      |
| rollout/            |          |
|    exploration_rate | 0.01     |
| time/               |          |
|    total_timesteps  | 425000   |
| train/              |          |
|    learning_rate    | 0.0001   |
|    loss             | 0.0227   |
|    n_updates        | 81249    |
----------------------------------
----------------------------------
| rollout/            |          |
|    ep_len_mean      | 2.37e+03 |
|    ep_rew_mean      | 261      |
|    exploration_rate | 0.01     |
| time/               |          |
|    episodes         | 2156     |
|    fps              | 796      |
|    time_elapsed     | 534      |
|    total_timesteps  | 425214   |
| train/              |          |
|    learning_rate    | 0.0001   |
|    loss             | 0.0232   |
|    n_updates        | 81303    |
----------------------------------
----------------------------------
| rollout/            |          |
|    ep_len_mean      | 2.37e+03 |
|    ep_rew_mean      | 261      |
|    exploration_rate | 0.01     |
| time/               |          |
|    episodes         | 2160     |
|    fps              | 795      |
|    time_elapsed     | 535      |
|    total_timesteps  | 426483   |
| train/              |          |
|    learning_rate    | 0.0001   |
|    loss             | 0.0178   |
|    n_updates        | 81620    |
----------------------------------
----------------------------------
| rollout/            |          |
|    ep_len_mean      | 2.38e+03 |
|    ep_rew_mean      | 266      |
|    exploration_rate | 0.01     |
| time/               |          |
|    episodes         | 2164     |
|    fps              | 795      |
|    time_elapsed     | 538      |
|    total_timesteps  | 428071   |
| train/              |          |
|    learning_rate    | 0.0001   |
|    loss             | 0.0476   |
|    n_updates        | 82017    |
----------------------------------
----------------------------------
| rollout/            |          |
|    ep_len_mean      | 2.41e+03 |
|    ep_rew_mean      | 270      |
|    exploration_rate | 0.01     |
| time/               |          |
|    episodes         | 2168     |
|    fps              | 795      |
|    time_elapsed     | 538      |
|    total_timesteps  | 428670   |
| train/              |          |
|    learning_rate    | 0.0001   |
|    loss             | 0.00782  |
|    n_updates        | 82167    |
----------------------------------
----------------------------------
| rollout/            |          |
|    ep_len_mean      | 2.42e+03 |
|    ep_rew_mean      | 273      |
|    exploration_rate | 0.01     |
| time/               |          |
|    episodes         | 2172     |
|    fps              | 795      |
|    time_elapsed     | 540      |
|    total_timesteps  | 429731   |
| train/              |          |
|    learning_rate    | 0.0001   |
|    loss             | 0.0636   |
|    n_updates        | 82432    |
----------------------------------
----------------------------------
| rollout/            |          |
|    ep_len_mean      | 2.41e+03 |
|    ep_rew_mean      | 272      |
|    exploration_rate | 0.01     |
| time/               |          |
|    episodes         | 2176     |
|    fps              | 795      |
|    time_elapsed     | 541      |
|    total_timesteps  | 430611   |
| train/              |          |
|    learning_rate    | 0.0001   |
|    loss             | 0.0346   |
|    n_updates        | 82652    |
----------------------------------
----------------------------------
| rollout/            |          |
|    ep_len_mean      | 2.42e+03 |
|    ep_rew_mean      | 275      |
|    exploration_rate | 0.01     |
| time/               |          |
|    episodes         | 2180     |
|    fps              | 795      |
|    time_elapsed     | 542      |
|    total_timesteps  | 431043   |
| train/              |          |
|    learning_rate    | 0.0001   |
|    loss             | 0.0332   |
|    n_updates        | 82760    |
----------------------------------
----------------------------------
| rollout/            |          |
|    ep_len_mean      | 2.42e+03 |
|    ep_rew_mean      | 275      |
|    exploration_rate | 0.01     |
| time/               |          |
|    episodes         | 2184     |
|    fps              | 794      |
|    time_elapsed     | 543      |
|    total_timesteps  | 432093   |
| train/              |          |
|    learning_rate    | 0.0001   |
|    loss             | 0.0279   |
|    n_updates        | 83023    |
----------------------------------
----------------------------------
| rollout/            |          |
|    ep_len_mean      | 2.44e+03 |
|    ep_rew_mean      | 279      |
|    exploration_rate | 0.01     |
| time/               |          |
|    episodes         | 2188     |
|    fps              | 794      |
|    time_elapsed     | 545      |
|    total_timesteps  | 433191   |
| train/              |          |
|    learning_rate    | 0.0001   |
|    loss             | 0.015    |
|    n_updates        | 83297    |
----------------------------------
----------------------------------
| rollout/            |          |
|    ep_len_mean      | 2.44e+03 |
|    ep_rew_mean      | 280      |
|    exploration_rate | 0.01     |
| time/               |          |
|    episodes         | 2192     |
|    fps              | 794      |
|    time_elapsed     | 546      |
|    total_timesteps  | 434264   |
| train/              |          |
|    learning_rate    | 0.0001   |
|    loss             | 0.0108   |
|    n_updates        | 83565    |
----------------------------------
----------------------------------
| rollout/            |          |
|    ep_len_mean      | 2.44e+03 |
|    ep_rew_mean      | 280      |
|    exploration_rate | 0.01     |
| time/               |          |
|    episodes         | 2196     |
|    fps              | 794      |
|    time_elapsed     | 548      |
|    total_timesteps  | 435302   |
| train/              |          |
|    learning_rate    | 0.0001   |
|    loss             | 0.0196   |
|    n_updates        | 83825    |
----------------------------------
----------------------------------
| rollout/            |          |
|    ep_len_mean      | 2.47e+03 |
|    ep_rew_mean      | 286      |
|    exploration_rate | 0.01     |
| time/               |          |
|    episodes         | 2200     |
|    fps              | 794      |
|    time_elapsed     | 549      |
|    total_timesteps  | 436401   |
| train/              |          |
|    learning_rate    | 0.0001   |
|    loss             | 0.0159   |
|    n_updates        | 84100    |
----------------------------------
----------------------------------
| rollout/            |          |
|    ep_len_mean      | 2.48e+03 |
|    ep_rew_mean      | 286      |
|    exploration_rate | 0.01     |
| time/               |          |
|    episodes         | 2204     |
|    fps              | 793      |
|    time_elapsed     | 550      |
|    total_timesteps  | 437393   |
| train/              |          |
|    learning_rate    | 0.0001   |
|    loss             | 0.0268   |
|    n_updates        | 84348    |
----------------------------------
----------------------------------
| rollout/            |          |
|    ep_len_mean      | 2.5e+03  |
|    ep_rew_mean      | 292      |
|    exploration_rate | 0.01     |
| time/               |          |
|    episodes         | 2208     |
|    fps              | 793      |
|    time_elapsed     | 552      |
|    total_timesteps  | 438673   |
| train/              |          |
|    learning_rate    | 0.0001   |
|    loss             | 0.0138   |
|    n_updates        | 84668    |
----------------------------------
----------------------------------
| rollout/            |          |
|    ep_len_mean      | 2.48e+03 |
|    ep_rew_mean      | 290      |
|    exploration_rate | 0.01     |
| time/               |          |
|    episodes         | 2212     |
|    fps              | 793      |
|    time_elapsed     | 553      |
|    total_timesteps  | 439348   |
| train/              |          |
|    learning_rate    | 0.0001   |
|    loss             | 0.0324   |
|    n_updates        | 84836    |
----------------------------------
----------------------------------
| rollout/            |          |
|    ep_len_mean      | 2.48e+03 |
|    ep_rew_mean      | 291      |
|    exploration_rate | 0.01     |
| time/               |          |
|    episodes         | 2216     |
|    fps              | 793      |
|    time_elapsed     | 554      |
|    total_timesteps  | 440096   |
| train/              |          |
|    learning_rate    | 0.0001   |
|    loss             | 0.0148   |
|    n_updates        | 85023    |
----------------------------------
----------------------------------
| rollout/            |          |
|    ep_len_mean      | 2.49e+03 |
|    ep_rew_mean      | 292      |
|    exploration_rate | 0.01     |
| time/               |          |
|    episodes         | 2220     |
|    fps              | 793      |
|    time_elapsed     | 555      |
|    total_timesteps  | 440846   |
| train/              |          |
|    learning_rate    | 0.0001   |
|    loss             | 0.011    |
|    n_updates        | 85211    |
----------------------------------
----------------------------------
| rollout/            |          |
|    ep_len_mean      | 2.47e+03 |
|    ep_rew_mean      | 293      |
|    exploration_rate | 0.01     |
| time/               |          |
|    episodes         | 2224     |
|    fps              | 792      |
|    time_elapsed     | 557      |
|    total_timesteps  | 442264   |
| train/              |          |
|    learning_rate    | 0.0001   |
|    loss             | 0.0176   |
|    n_updates        | 85565    |
----------------------------------
----------------------------------
| rollout/            |          |
|    ep_len_mean      | 2.49e+03 |
|    ep_rew_mean      | 295      |
|    exploration_rate | 0.01     |
| time/               |          |
|    episodes         | 2228     |
|    fps              | 792      |
|    time_elapsed     | 559      |
|    total_timesteps  | 443344   |
| train/              |          |
|    learning_rate    | 0.0001   |
|    loss             | 0.0184   |
|    n_updates        | 85835    |
----------------------------------
----------------------------------
| rollout/            |          |
|    ep_len_mean      | 2.51e+03 |
|    ep_rew_mean      | 293      |
|    exploration_rate | 0.01     |
| time/               |          |
|    episodes         | 2232     |
|    fps              | 792      |
|    time_elapsed     | 560      |
|    total_timesteps  | 444609   |
| train/              |          |
|    learning_rate    | 0.0001   |
|    loss             | 0.0235   |
|    n_updates        | 86152    |
----------------------------------
----------------------------------
| rollout/            |          |
|    ep_len_mean      | 2.52e+03 |
|    ep_rew_mean      | 295      |
|    exploration_rate | 0.01     |
| time/               |          |
|    episodes         | 2236     |
|    fps              | 792      |
|    time_elapsed     | 562      |
|    total_timesteps  | 445699   |
| train/              |          |
|    learning_rate    | 0.0001   |
|    loss             | 0.0162   |
|    n_updates        | 86424    |
----------------------------------
----------------------------------
| rollout/            |          |
|    ep_len_mean      | 2.52e+03 |
|    ep_rew_mean      | 297      |
|    exploration_rate | 0.01     |
| time/               |          |
|    episodes         | 2240     |
|    fps              | 792      |
|    time_elapsed     | 563      |
|    total_timesteps  | 446621   |
| train/              |          |
|    learning_rate    | 0.0001   |
|    loss             | 0.0171   |
|    n_updates        | 86655    |
----------------------------------
----------------------------------
| rollout/            |          |
|    ep_len_mean      | 2.54e+03 |
|    ep_rew_mean      | 299      |
|    exploration_rate | 0.01     |
| time/               |          |
|    episodes         | 2244     |
|    fps              | 792      |
|    time_elapsed     | 565      |
|    total_timesteps  | 447779   |
| train/              |          |
|    learning_rate    | 0.0001   |
|    loss             | 0.0162   |
|    n_updates        | 86944    |
----------------------------------
----------------------------------
| rollout/            |          |
|    ep_len_mean      | 2.53e+03 |
|    ep_rew_mean      | 299      |
|    exploration_rate | 0.01     |
| time/               |          |
|    episodes         | 2248     |
|    fps              | 791      |
|    time_elapsed     | 566      |
|    total_timesteps  | 448632   |
| train/              |          |
|    learning_rate    | 0.0001   |
|    loss             | 0.0141   |
|    n_updates        | 87157    |
----------------------------------
----------------------------------
| rollout/            |          |
|    ep_len_mean      | 2.54e+03 |
|    ep_rew_mean      | 300      |
|    exploration_rate | 0.01     |
| time/               |          |
|    episodes         | 2252     |
|    fps              | 791      |
|    time_elapsed     | 568      |
|    total_timesteps  | 449813   |
| train/              |          |
|    learning_rate    | 0.0001   |
|    loss             | 0.0428   |
|    n_updates        | 87453    |
----------------------------------
Eval num_timesteps=450000, episode_reward=245.00 +/- 131.42
Episode length: 2923.00 +/- 922.95
----------------------------------
| eval/               |          |
|    mean_ep_length   | 2.92e+03 |
|    mean_reward      | 245      |
| rollout/            |          |
|    exploration_rate | 0.01     |
| time/               |          |
|    total_timesteps  | 450000   |
| train/              |          |
|    learning_rate    | 0.0001   |
|    loss             | 0.0529   |
|    n_updates        | 87499    |
----------------------------------
----------------------------------
| rollout/            |          |
|    ep_len_mean      | 2.57e+03 |
|    ep_rew_mean      | 305      |
|    exploration_rate | 0.01     |
| time/               |          |
|    episodes         | 2256     |
|    fps              | 787      |
|    time_elapsed     | 572      |
|    total_timesteps  | 450918   |
| train/              |          |
|    learning_rate    | 0.0001   |
|    loss             | 0.0139   |
|    n_updates        | 87729    |
----------------------------------
----------------------------------
| rollout/            |          |
|    ep_len_mean      | 2.58e+03 |
|    ep_rew_mean      | 306      |
|    exploration_rate | 0.01     |
| time/               |          |
|    episodes         | 2260     |
|    fps              | 787      |
|    time_elapsed     | 573      |
|    total_timesteps  | 451786   |
| train/              |          |
|    learning_rate    | 0.0001   |
|    loss             | 0.0124   |
|    n_updates        | 87946    |
----------------------------------
----------------------------------
| rollout/            |          |
|    ep_len_mean      | 2.59e+03 |
|    ep_rew_mean      | 309      |
|    exploration_rate | 0.01     |
| time/               |          |
|    episodes         | 2264     |
|    fps              | 786      |
|    time_elapsed     | 575      |
|    total_timesteps  | 452930   |
| train/              |          |
|    learning_rate    | 0.0001   |
|    loss             | 0.0339   |
|    n_updates        | 88232    |
----------------------------------
----------------------------------
| rollout/            |          |
|    ep_len_mean      | 2.61e+03 |
|    ep_rew_mean      | 313      |
|    exploration_rate | 0.01     |
| time/               |          |
|    episodes         | 2268     |
|    fps              | 786      |
|    time_elapsed     | 576      |
|    total_timesteps  | 453961   |
| train/              |          |
|    learning_rate    | 0.0001   |
|    loss             | 0.0516   |
|    n_updates        | 88490    |
----------------------------------
----------------------------------
| rollout/            |          |
|    ep_len_mean      | 2.63e+03 |
|    ep_rew_mean      | 313      |
|    exploration_rate | 0.01     |
| time/               |          |
|    episodes         | 2272     |
|    fps              | 786      |
|    time_elapsed     | 578      |
|    total_timesteps  | 454798   |
| train/              |          |
|    learning_rate    | 0.0001   |
|    loss             | 0.0411   |
|    n_updates        | 88699    |
----------------------------------
----------------------------------
| rollout/            |          |
|    ep_len_mean      | 2.65e+03 |
|    ep_rew_mean      | 316      |
|    exploration_rate | 0.01     |
| time/               |          |
|    episodes         | 2276     |
|    fps              | 786      |
|    time_elapsed     | 579      |
|    total_timesteps  | 455947   |
| train/              |          |
|    learning_rate    | 0.0001   |
|    loss             | 0.0121   |
|    n_updates        | 88986    |
----------------------------------
----------------------------------
| rollout/            |          |
|    ep_len_mean      | 2.66e+03 |
|    ep_rew_mean      | 320      |
|    exploration_rate | 0.01     |
| time/               |          |
|    episodes         | 2280     |
|    fps              | 786      |
|    time_elapsed     | 581      |
|    total_timesteps  | 457018   |
| train/              |          |
|    learning_rate    | 0.0001   |
|    loss             | 0.0137   |
|    n_updates        | 89254    |
----------------------------------
----------------------------------
| rollout/            |          |
|    ep_len_mean      | 2.66e+03 |
|    ep_rew_mean      | 320      |
|    exploration_rate | 0.01     |
| time/               |          |
|    episodes         | 2284     |
|    fps              | 786      |
|    time_elapsed     | 582      |
|    total_timesteps  | 457749   |
| train/              |          |
|    learning_rate    | 0.0001   |
|    loss             | 0.0568   |
|    n_updates        | 89437    |
----------------------------------
----------------------------------
| rollout/            |          |
|    ep_len_mean      | 2.66e+03 |
|    ep_rew_mean      | 320      |
|    exploration_rate | 0.01     |
| time/               |          |
|    episodes         | 2288     |
|    fps              | 786      |
|    time_elapsed     | 583      |
|    total_timesteps  | 458571   |
| train/              |          |
|    learning_rate    | 0.0001   |
|    loss             | 0.0361   |
|    n_updates        | 89642    |
----------------------------------
----------------------------------
| rollout/            |          |
|    ep_len_mean      | 2.67e+03 |
|    ep_rew_mean      | 325      |
|    exploration_rate | 0.01     |
| time/               |          |
|    episodes         | 2292     |
|    fps              | 785      |
|    time_elapsed     | 584      |
|    total_timesteps  | 459463   |
| train/              |          |
|    learning_rate    | 0.0001   |
|    loss             | 0.0399   |
|    n_updates        | 89865    |
----------------------------------
----------------------------------
| rollout/            |          |
|    ep_len_mean      | 2.69e+03 |
|    ep_rew_mean      | 328      |
|    exploration_rate | 0.01     |
| time/               |          |
|    episodes         | 2296     |
|    fps              | 785      |
|    time_elapsed     | 585      |
|    total_timesteps  | 460441   |
| train/              |          |
|    learning_rate    | 0.0001   |
|    loss             | 0.0158   |
|    n_updates        | 90110    |
----------------------------------
----------------------------------
| rollout/            |          |
|    ep_len_mean      | 2.7e+03  |
|    ep_rew_mean      | 330      |
|    exploration_rate | 0.01     |
| time/               |          |
|    episodes         | 2300     |
|    fps              | 785      |
|    time_elapsed     | 587      |
|    total_timesteps  | 461487   |
| train/              |          |
|    learning_rate    | 0.0001   |
|    loss             | 0.0145   |
|    n_updates        | 90371    |
----------------------------------
----------------------------------
| rollout/            |          |
|    ep_len_mean      | 2.7e+03  |
|    ep_rew_mean      | 330      |
|    exploration_rate | 0.01     |
| time/               |          |
|    episodes         | 2304     |
|    fps              | 785      |
|    time_elapsed     | 588      |
|    total_timesteps  | 462209   |
| train/              |          |
|    learning_rate    | 0.0001   |
|    loss             | 0.0108   |
|    n_updates        | 90552    |
----------------------------------
----------------------------------
| rollout/            |          |
|    ep_len_mean      | 2.72e+03 |
|    ep_rew_mean      | 331      |
|    exploration_rate | 0.01     |
| time/               |          |
|    episodes         | 2308     |
|    fps              | 785      |
|    time_elapsed     | 589      |
|    total_timesteps  | 463144   |
| train/              |          |
|    learning_rate    | 0.0001   |
|    loss             | 0.0224   |
|    n_updates        | 90785    |
----------------------------------
----------------------------------
| rollout/            |          |
|    ep_len_mean      | 2.7e+03  |
|    ep_rew_mean      | 329      |
|    exploration_rate | 0.01     |
| time/               |          |
|    episodes         | 2312     |
|    fps              | 785      |
|    time_elapsed     | 590      |
|    total_timesteps  | 463856   |
| train/              |          |
|    learning_rate    | 0.0001   |
|    loss             | 0.0285   |
|    n_updates        | 90963    |
----------------------------------
----------------------------------
| rollout/            |          |
|    ep_len_mean      | 2.73e+03 |
|    ep_rew_mean      | 337      |
|    exploration_rate | 0.01     |
| time/               |          |
|    episodes         | 2316     |
|    fps              | 785      |
|    time_elapsed     | 591      |
|    total_timesteps  | 464763   |
| train/              |          |
|    learning_rate    | 0.0001   |
|    loss             | 0.0167   |
|    n_updates        | 91190    |
----------------------------------
----------------------------------
| rollout/            |          |
|    ep_len_mean      | 2.73e+03 |
|    ep_rew_mean      | 337      |
|    exploration_rate | 0.01     |
| time/               |          |
|    episodes         | 2320     |
|    fps              | 785      |
|    time_elapsed     | 593      |
|    total_timesteps  | 465817   |
| train/              |          |
|    learning_rate    | 0.0001   |
|    loss             | 0.016    |
|    n_updates        | 91454    |
----------------------------------
----------------------------------
| rollout/            |          |
|    ep_len_mean      | 2.75e+03 |
|    ep_rew_mean      | 342      |
|    exploration_rate | 0.01     |
| time/               |          |
|    episodes         | 2324     |
|    fps              | 784      |
|    time_elapsed     | 594      |
|    total_timesteps  | 466505   |
| train/              |          |
|    learning_rate    | 0.0001   |
|    loss             | 0.0273   |
|    n_updates        | 91626    |
----------------------------------
----------------------------------
| rollout/            |          |
|    ep_len_mean      | 2.77e+03 |
|    ep_rew_mean      | 347      |
|    exploration_rate | 0.01     |
| time/               |          |
|    episodes         | 2328     |
|    fps              | 784      |
|    time_elapsed     | 595      |
|    total_timesteps  | 467357   |
| train/              |          |
|    learning_rate    | 0.0001   |
|    loss             | 0.0232   |
|    n_updates        | 91839    |
----------------------------------
----------------------------------
| rollout/            |          |
|    ep_len_mean      | 2.77e+03 |
|    ep_rew_mean      | 348      |
|    exploration_rate | 0.01     |
| time/               |          |
|    episodes         | 2332     |
|    fps              | 784      |
|    time_elapsed     | 596      |
|    total_timesteps  | 468305   |
| train/              |          |
|    learning_rate    | 0.0001   |
|    loss             | 0.0957   |
|    n_updates        | 92076    |
----------------------------------
----------------------------------
| rollout/            |          |
|    ep_len_mean      | 2.78e+03 |
|    ep_rew_mean      | 350      |
|    exploration_rate | 0.01     |
| time/               |          |
|    episodes         | 2336     |
|    fps              | 784      |
|    time_elapsed     | 597      |
|    total_timesteps  | 469048   |
| train/              |          |
|    learning_rate    | 0.0001   |
|    loss             | 0.0278   |
|    n_updates        | 92261    |
----------------------------------
----------------------------------
| rollout/            |          |
|    ep_len_mean      | 2.77e+03 |
|    ep_rew_mean      | 348      |
|    exploration_rate | 0.01     |
| time/               |          |
|    episodes         | 2340     |
|    fps              | 784      |
|    time_elapsed     | 599      |
|    total_timesteps  | 469937   |
| train/              |          |
|    learning_rate    | 0.0001   |
|    loss             | 0.0322   |
|    n_updates        | 92484    |
----------------------------------
----------------------------------
| rollout/            |          |
|    ep_len_mean      | 2.77e+03 |
|    ep_rew_mean      | 344      |
|    exploration_rate | 0.01     |
| time/               |          |
|    episodes         | 2344     |
|    fps              | 784      |
|    time_elapsed     | 600      |
|    total_timesteps  | 470874   |
| train/              |          |
|    learning_rate    | 0.0001   |
|    loss             | 0.0198   |
|    n_updates        | 92718    |
----------------------------------
----------------------------------
| rollout/            |          |
|    ep_len_mean      | 2.77e+03 |
|    ep_rew_mean      | 342      |
|    exploration_rate | 0.01     |
| time/               |          |
|    episodes         | 2348     |
|    fps              | 784      |
|    time_elapsed     | 601      |
|    total_timesteps  | 471838   |
| train/              |          |
|    learning_rate    | 0.0001   |
|    loss             | 0.0386   |
|    n_updates        | 92959    |
----------------------------------
----------------------------------
| rollout/            |          |
|    ep_len_mean      | 2.79e+03 |
|    ep_rew_mean      | 345      |
|    exploration_rate | 0.01     |
| time/               |          |
|    episodes         | 2352     |
|    fps              | 784      |
|    time_elapsed     | 602      |
|    total_timesteps  | 472537   |
| train/              |          |
|    learning_rate    | 0.0001   |
|    loss             | 0.0444   |
|    n_updates        | 93134    |
----------------------------------
----------------------------------
| rollout/            |          |
|    ep_len_mean      | 2.79e+03 |
|    ep_rew_mean      | 346      |
|    exploration_rate | 0.01     |
| time/               |          |
|    episodes         | 2356     |
|    fps              | 784      |
|    time_elapsed     | 603      |
|    total_timesteps  | 473289   |
| train/              |          |
|    learning_rate    | 0.0001   |
|    loss             | 0.045    |
|    n_updates        | 93322    |
----------------------------------
----------------------------------
| rollout/            |          |
|    ep_len_mean      | 2.81e+03 |
|    ep_rew_mean      | 347      |
|    exploration_rate | 0.01     |
| time/               |          |
|    episodes         | 2360     |
|    fps              | 783      |
|    time_elapsed     | 605      |
|    total_timesteps  | 474481   |
| train/              |          |
|    learning_rate    | 0.0001   |
|    loss             | 0.0314   |
|    n_updates        | 93620    |
----------------------------------
Eval num_timesteps=475000, episode_reward=375.00 +/- 163.28
Episode length: 2969.00 +/- 652.04
----------------------------------
| eval/               |          |
|    mean_ep_length   | 2.97e+03 |
|    mean_reward      | 375      |
| rollout/            |          |
|    exploration_rate | 0.01     |
| time/               |          |
|    total_timesteps  | 475000   |
| train/              |          |
|    learning_rate    | 0.0001   |
|    loss             | 0.0149   |
|    n_updates        | 93749    |
----------------------------------
----------------------------------
| rollout/            |          |
|    ep_len_mean      | 2.82e+03 |
|    ep_rew_mean      | 351      |
|    exploration_rate | 0.01     |
| time/               |          |
|    episodes         | 2364     |
|    fps              | 779      |
|    time_elapsed     | 609      |
|    total_timesteps  | 475225   |
| train/              |          |
|    learning_rate    | 0.0001   |
|    loss             | 0.0343   |
|    n_updates        | 93806    |
----------------------------------
----------------------------------
| rollout/            |          |
|    ep_len_mean      | 2.81e+03 |
|    ep_rew_mean      | 349      |
|    exploration_rate | 0.01     |
| time/               |          |
|    episodes         | 2368     |
|    fps              | 779      |
|    time_elapsed     | 610      |
|    total_timesteps  | 476059   |
| train/              |          |
|    learning_rate    | 0.0001   |
|    loss             | 0.0183   |
|    n_updates        | 94014    |
----------------------------------
----------------------------------
| rollout/            |          |
|    ep_len_mean      | 2.8e+03  |
|    ep_rew_mean      | 348      |
|    exploration_rate | 0.01     |
| time/               |          |
|    episodes         | 2372     |
|    fps              | 779      |
|    time_elapsed     | 612      |
|    total_timesteps  | 477365   |
| train/              |          |
|    learning_rate    | 0.0001   |
|    loss             | 0.0167   |
|    n_updates        | 94341    |
----------------------------------
----------------------------------
| rollout/            |          |
|    ep_len_mean      | 2.82e+03 |
|    ep_rew_mean      | 352      |
|    exploration_rate | 0.01     |
| time/               |          |
|    episodes         | 2376     |
|    fps              | 779      |
|    time_elapsed     | 613      |
|    total_timesteps  | 478058   |
| train/              |          |
|    learning_rate    | 0.0001   |
|    loss             | 0.0144   |
|    n_updates        | 94514    |
----------------------------------
----------------------------------
| rollout/            |          |
|    ep_len_mean      | 2.85e+03 |
|    ep_rew_mean      | 355      |
|    exploration_rate | 0.01     |
| time/               |          |
|    episodes         | 2380     |
|    fps              | 779      |
|    time_elapsed     | 615      |
|    total_timesteps  | 479425   |
| train/              |          |
|    learning_rate    | 0.0001   |
|    loss             | 0.0199   |
|    n_updates        | 94856    |
----------------------------------
----------------------------------
| rollout/            |          |
|    ep_len_mean      | 2.84e+03 |
|    ep_rew_mean      | 355      |
|    exploration_rate | 0.01     |
| time/               |          |
|    episodes         | 2384     |
|    fps              | 779      |
|    time_elapsed     | 616      |
|    total_timesteps  | 480045   |
| train/              |          |
|    learning_rate    | 0.0001   |
|    loss             | 0.0336   |
|    n_updates        | 95011    |
----------------------------------
----------------------------------
| rollout/            |          |
|    ep_len_mean      | 2.85e+03 |
|    ep_rew_mean      | 357      |
|    exploration_rate | 0.01     |
| time/               |          |
|    episodes         | 2388     |
|    fps              | 779      |
|    time_elapsed     | 617      |
|    total_timesteps  | 480829   |
| train/              |          |
|    learning_rate    | 0.0001   |
|    loss             | 0.0288   |
|    n_updates        | 95207    |
----------------------------------
----------------------------------
| rollout/            |          |
|    ep_len_mean      | 2.84e+03 |
|    ep_rew_mean      | 357      |
|    exploration_rate | 0.01     |
| time/               |          |
|    episodes         | 2392     |
|    fps              | 779      |
|    time_elapsed     | 618      |
|    total_timesteps  | 481769   |
| train/              |          |
|    learning_rate    | 0.0001   |
|    loss             | 0.0179   |
|    n_updates        | 95442    |
----------------------------------
----------------------------------
| rollout/            |          |
|    ep_len_mean      | 2.85e+03 |
|    ep_rew_mean      | 361      |
|    exploration_rate | 0.01     |
| time/               |          |
|    episodes         | 2396     |
|    fps              | 778      |
|    time_elapsed     | 619      |
|    total_timesteps  | 482467   |
| train/              |          |
|    learning_rate    | 0.0001   |
|    loss             | 0.0379   |
|    n_updates        | 95616    |
----------------------------------
----------------------------------
| rollout/            |          |
|    ep_len_mean      | 2.86e+03 |
|    ep_rew_mean      | 362      |
|    exploration_rate | 0.01     |
| time/               |          |
|    episodes         | 2400     |
|    fps              | 778      |
|    time_elapsed     | 620      |
|    total_timesteps  | 483291   |
| train/              |          |
|    learning_rate    | 0.0001   |
|    loss             | 0.0462   |
|    n_updates        | 95822    |
----------------------------------
----------------------------------
| rollout/            |          |
|    ep_len_mean      | 2.86e+03 |
|    ep_rew_mean      | 363      |
|    exploration_rate | 0.01     |
| time/               |          |
|    episodes         | 2404     |
|    fps              | 778      |
|    time_elapsed     | 621      |
|    total_timesteps  | 484246   |
| train/              |          |
|    learning_rate    | 0.0001   |
|    loss             | 0.0188   |
|    n_updates        | 96061    |
----------------------------------
----------------------------------
| rollout/            |          |
|    ep_len_mean      | 2.86e+03 |
|    ep_rew_mean      | 361      |
|    exploration_rate | 0.01     |
| time/               |          |
|    episodes         | 2408     |
|    fps              | 778      |
|    time_elapsed     | 622      |
|    total_timesteps  | 484918   |
| train/              |          |
|    learning_rate    | 0.0001   |
|    loss             | 0.034    |
|    n_updates        | 96229    |
----------------------------------
----------------------------------
| rollout/            |          |
|    ep_len_mean      | 2.85e+03 |
|    ep_rew_mean      | 360      |
|    exploration_rate | 0.01     |
| time/               |          |
|    episodes         | 2412     |
|    fps              | 778      |
|    time_elapsed     | 623      |
|    total_timesteps  | 485678   |
| train/              |          |
|    learning_rate    | 0.0001   |
|    loss             | 0.0242   |
|    n_updates        | 96419    |
----------------------------------
----------------------------------
| rollout/            |          |
|    ep_len_mean      | 2.85e+03 |
|    ep_rew_mean      | 361      |
|    exploration_rate | 0.01     |
| time/               |          |
|    episodes         | 2416     |
|    fps              | 778      |
|    time_elapsed     | 624      |
|    total_timesteps  | 486483   |
| train/              |          |
|    learning_rate    | 0.0001   |
|    loss             | 0.0155   |
|    n_updates        | 96620    |
----------------------------------
----------------------------------
| rollout/            |          |
|    ep_len_mean      | 2.85e+03 |
|    ep_rew_mean      | 359      |
|    exploration_rate | 0.01     |
| time/               |          |
|    episodes         | 2420     |
|    fps              | 778      |
|    time_elapsed     | 626      |
|    total_timesteps  | 487449   |
| train/              |          |
|    learning_rate    | 0.0001   |
|    loss             | 0.0144   |
|    n_updates        | 96862    |
----------------------------------
----------------------------------
| rollout/            |          |
|    ep_len_mean      | 2.86e+03 |
|    ep_rew_mean      | 360      |
|    exploration_rate | 0.01     |
| time/               |          |
|    episodes         | 2424     |
|    fps              | 778      |
|    time_elapsed     | 627      |
|    total_timesteps  | 488406   |
| train/              |          |
|    learning_rate    | 0.0001   |
|    loss             | 0.0277   |
|    n_updates        | 97101    |
----------------------------------
----------------------------------
| rollout/            |          |
|    ep_len_mean      | 2.86e+03 |
|    ep_rew_mean      | 359      |
|    exploration_rate | 0.01     |
| time/               |          |
|    episodes         | 2428     |
|    fps              | 778      |
|    time_elapsed     | 628      |
|    total_timesteps  | 489366   |
| train/              |          |
|    learning_rate    | 0.0001   |
|    loss             | 0.0143   |
|    n_updates        | 97341    |
----------------------------------
----------------------------------
| rollout/            |          |
|    ep_len_mean      | 2.89e+03 |
|    ep_rew_mean      | 362      |
|    exploration_rate | 0.01     |
| time/               |          |
|    episodes         | 2432     |
|    fps              | 778      |
|    time_elapsed     | 630      |
|    total_timesteps  | 490941   |
| train/              |          |
|    learning_rate    | 0.0001   |
|    loss             | 0.0261   |
|    n_updates        | 97735    |
----------------------------------
----------------------------------
| rollout/            |          |
|    ep_len_mean      | 2.89e+03 |
|    ep_rew_mean      | 361      |
|    exploration_rate | 0.01     |
| time/               |          |
|    episodes         | 2436     |
|    fps              | 777      |
|    time_elapsed     | 633      |
|    total_timesteps  | 492552   |
| train/              |          |
|    learning_rate    | 0.0001   |
|    loss             | 0.0251   |
|    n_updates        | 98137    |
----------------------------------
----------------------------------
| rollout/            |          |
|    ep_len_mean      | 2.89e+03 |
|    ep_rew_mean      | 357      |
|    exploration_rate | 0.01     |
| time/               |          |
|    episodes         | 2440     |
|    fps              | 777      |
|    time_elapsed     | 633      |
|    total_timesteps  | 493151   |
| train/              |          |
|    learning_rate    | 0.0001   |
|    loss             | 0.0291   |
|    n_updates        | 98287    |
----------------------------------
----------------------------------
| rollout/            |          |
|    ep_len_mean      | 2.91e+03 |
|    ep_rew_mean      | 358      |
|    exploration_rate | 0.01     |
| time/               |          |
|    episodes         | 2444     |
|    fps              | 777      |
|    time_elapsed     | 635      |
|    total_timesteps  | 494392   |
| train/              |          |
|    learning_rate    | 0.0001   |
|    loss             | 0.0199   |
|    n_updates        | 98597    |
----------------------------------
----------------------------------
| rollout/            |          |
|    ep_len_mean      | 2.9e+03  |
|    ep_rew_mean      | 358      |
|    exploration_rate | 0.01     |
| time/               |          |
|    episodes         | 2448     |
|    fps              | 777      |
|    time_elapsed     | 637      |
|    total_timesteps  | 495460   |
| train/              |          |
|    learning_rate    | 0.0001   |
|    loss             | 0.0328   |
|    n_updates        | 98864    |
----------------------------------
----------------------------------
| rollout/            |          |
|    ep_len_mean      | 2.9e+03  |
|    ep_rew_mean      | 360      |
|    exploration_rate | 0.01     |
| time/               |          |
|    episodes         | 2452     |
|    fps              | 777      |
|    time_elapsed     | 638      |
|    total_timesteps  | 496413   |
| train/              |          |
|    learning_rate    | 0.0001   |
|    loss             | 0.0198   |
|    n_updates        | 99103    |
----------------------------------
----------------------------------
| rollout/            |          |
|    ep_len_mean      | 2.91e+03 |
|    ep_rew_mean      | 363      |
|    exploration_rate | 0.01     |
| time/               |          |
|    episodes         | 2456     |
|    fps              | 777      |
|    time_elapsed     | 639      |
|    total_timesteps  | 497583   |
| train/              |          |
|    learning_rate    | 0.0001   |
|    loss             | 0.0184   |
|    n_updates        | 99395    |
----------------------------------
----------------------------------
| rollout/            |          |
|    ep_len_mean      | 2.89e+03 |
|    ep_rew_mean      | 358      |
|    exploration_rate | 0.01     |
| time/               |          |
|    episodes         | 2460     |
|    fps              | 777      |
|    time_elapsed     | 641      |
|    total_timesteps  | 498553   |
| train/              |          |
|    learning_rate    | 0.0001   |
|    loss             | 0.022    |
|    n_updates        | 99638    |
----------------------------------
----------------------------------
| rollout/            |          |
|    ep_len_mean      | 2.88e+03 |
|    ep_rew_mean      | 357      |
|    exploration_rate | 0.01     |
| time/               |          |
|    episodes         | 2464     |
|    fps              | 777      |
|    time_elapsed     | 642      |
|    total_timesteps  | 499399   |
| train/              |          |
|    learning_rate    | 0.0001   |
|    loss             | 0.0418   |
|    n_updates        | 99849    |
----------------------------------
Eval num_timesteps=500000, episode_reward=441.00 +/- 93.99
Episode length: 3017.80 +/- 444.78
----------------------------------
| eval/               |          |
|    mean_ep_length   | 3.02e+03 |
|    mean_reward      | 441      |
| rollout/            |          |
|    exploration_rate | 0.01     |
| time/               |          |
|    total_timesteps  | 500000   |
| train/              |          |
|    learning_rate    | 0.0001   |
|    loss             | 0.0642   |
|    n_updates        | 99999    |
----------------------------------
New best mean reward!
----------------------------------
| rollout/            |          |
|    ep_len_mean      | 2.88e+03 |
|    ep_rew_mean      | 356      |
|    exploration_rate | 0.01     |
| time/               |          |
|    episodes         | 2468     |
|    fps              | 773      |
|    time_elapsed     | 646      |
|    total_timesteps  | 500380   |
| train/              |          |
|    learning_rate    | 0.0001   |
|    loss             | 0.0336   |
|    n_updates        | 100094   |
----------------------------------
----------------------------------
| rollout/            |          |
|    ep_len_mean      | 2.9e+03  |
|    ep_rew_mean      | 359      |
|    exploration_rate | 0.01     |
| time/               |          |
|    episodes         | 2472     |
|    fps              | 773      |
|    time_elapsed     | 648      |
|    total_timesteps  | 501624   |
| train/              |          |
|    learning_rate    | 0.0001   |
|    loss             | 0.0153   |
|    n_updates        | 100405   |
----------------------------------
----------------------------------
| rollout/            |          |
|    ep_len_mean      | 2.91e+03 |
|    ep_rew_mean      | 358      |
|    exploration_rate | 0.01     |
| time/               |          |
|    episodes         | 2476     |
|    fps              | 773      |
|    time_elapsed     | 649      |
|    total_timesteps  | 502557   |
| train/              |          |
|    learning_rate    | 0.0001   |
|    loss             | 0.0234   |
|    n_updates        | 100639   |
----------------------------------
----------------------------------
| rollout/            |          |
|    ep_len_mean      | 2.93e+03 |
|    ep_rew_mean      | 359      |
|    exploration_rate | 0.01     |
| time/               |          |
|    episodes         | 2480     |
|    fps              | 773      |
|    time_elapsed     | 651      |
|    total_timesteps  | 503838   |
| train/              |          |
|    learning_rate    | 0.0001   |
|    loss             | 0.0258   |
|    n_updates        | 100959   |
----------------------------------
----------------------------------
| rollout/            |          |
|    ep_len_mean      | 2.94e+03 |
|    ep_rew_mean      | 359      |
|    exploration_rate | 0.01     |
| time/               |          |
|    episodes         | 2484     |
|    fps              | 773      |
|    time_elapsed     | 653      |
|    total_timesteps  | 505082   |
| train/              |          |
|    learning_rate    | 0.0001   |
|    loss             | 0.0283   |
|    n_updates        | 101270   |
----------------------------------
----------------------------------
| rollout/            |          |
|    ep_len_mean      | 2.94e+03 |
|    ep_rew_mean      | 358      |
|    exploration_rate | 0.01     |
| time/               |          |
|    episodes         | 2488     |
|    fps              | 772      |
|    time_elapsed     | 655      |
|    total_timesteps  | 506637   |
| train/              |          |
|    learning_rate    | 0.0001   |
|    loss             | 0.0353   |
|    n_updates        | 101659   |
----------------------------------
----------------------------------
| rollout/            |          |
|    ep_len_mean      | 2.97e+03 |
|    ep_rew_mean      | 357      |
|    exploration_rate | 0.01     |
| time/               |          |
|    episodes         | 2492     |
|    fps              | 772      |
|    time_elapsed     | 657      |
|    total_timesteps  | 507910   |
| train/              |          |
|    learning_rate    | 0.0001   |
|    loss             | 0.017    |
|    n_updates        | 101977   |
----------------------------------
----------------------------------
| rollout/            |          |
|    ep_len_mean      | 2.97e+03 |
|    ep_rew_mean      | 354      |
|    exploration_rate | 0.01     |
| time/               |          |
|    episodes         | 2496     |
|    fps              | 772      |
|    time_elapsed     | 658      |
|    total_timesteps  | 509130   |
| train/              |          |
|    learning_rate    | 0.0001   |
|    loss             | 0.026    |
|    n_updates        | 102282   |
----------------------------------
----------------------------------
| rollout/            |          |
|    ep_len_mean      | 2.97e+03 |
|    ep_rew_mean      | 354      |
|    exploration_rate | 0.01     |
| time/               |          |
|    episodes         | 2500     |
|    fps              | 772      |
|    time_elapsed     | 660      |
|    total_timesteps  | 509868   |
| train/              |          |
|    learning_rate    | 0.0001   |
|    loss             | 0.0153   |
|    n_updates        | 102466   |
----------------------------------
----------------------------------
| rollout/            |          |
|    ep_len_mean      | 2.99e+03 |
|    ep_rew_mean      | 357      |
|    exploration_rate | 0.01     |
| time/               |          |
|    episodes         | 2504     |
|    fps              | 772      |
|    time_elapsed     | 662      |
|    total_timesteps  | 511634   |
| train/              |          |
|    learning_rate    | 0.0001   |
|    loss             | 0.00598  |
|    n_updates        | 102908   |
----------------------------------
----------------------------------
| rollout/            |          |
|    ep_len_mean      | 2.99e+03 |
|    ep_rew_mean      | 356      |
|    exploration_rate | 0.01     |
| time/               |          |
|    episodes         | 2508     |
|    fps              | 772      |
|    time_elapsed     | 663      |
|    total_timesteps  | 512617   |
| train/              |          |
|    learning_rate    | 0.0001   |
|    loss             | 0.0404   |
|    n_updates        | 103154   |
----------------------------------
----------------------------------
| rollout/            |          |
|    ep_len_mean      | 3.01e+03 |
|    ep_rew_mean      | 361      |
|    exploration_rate | 0.01     |
| time/               |          |
|    episodes         | 2512     |
|    fps              | 772      |
|    time_elapsed     | 665      |
|    total_timesteps  | 513711   |
| train/              |          |
|    learning_rate    | 0.0001   |
|    loss             | 0.0203   |
|    n_updates        | 103427   |
----------------------------------
----------------------------------
| rollout/            |          |
|    ep_len_mean      | 3.01e+03 |
|    ep_rew_mean      | 360      |
|    exploration_rate | 0.01     |
| time/               |          |
|    episodes         | 2516     |
|    fps              | 772      |
|    time_elapsed     | 666      |
|    total_timesteps  | 514903   |
| train/              |          |
|    learning_rate    | 0.0001   |
|    loss             | 0.0162   |
|    n_updates        | 103725   |
----------------------------------
----------------------------------
| rollout/            |          |
|    ep_len_mean      | 3.03e+03 |
|    ep_rew_mean      | 362      |
|    exploration_rate | 0.01     |
| time/               |          |
|    episodes         | 2520     |
|    fps              | 772      |
|    time_elapsed     | 667      |
|    total_timesteps  | 515502   |
| train/              |          |
|    learning_rate    | 0.0001   |
|    loss             | 0.0212   |
|    n_updates        | 103875   |
----------------------------------
----------------------------------
| rollout/            |          |
|    ep_len_mean      | 3.02e+03 |
|    ep_rew_mean      | 357      |
|    exploration_rate | 0.01     |
| time/               |          |
|    episodes         | 2524     |
|    fps              | 771      |
|    time_elapsed     | 669      |
|    total_timesteps  | 516846   |
| train/              |          |
|    learning_rate    | 0.0001   |
|    loss             | 0.0308   |
|    n_updates        | 104211   |
----------------------------------
----------------------------------
| rollout/            |          |
|    ep_len_mean      | 3e+03    |
|    ep_rew_mean      | 357      |
|    exploration_rate | 0.01     |
| time/               |          |
|    episodes         | 2528     |
|    fps              | 771      |
|    time_elapsed     | 671      |
|    total_timesteps  | 517914   |
| train/              |          |
|    learning_rate    | 0.0001   |
|    loss             | 0.0247   |
|    n_updates        | 104478   |
----------------------------------
----------------------------------
| rollout/            |          |
|    ep_len_mean      | 3e+03    |
|    ep_rew_mean      | 362      |
|    exploration_rate | 0.01     |
| time/               |          |
|    episodes         | 2532     |
|    fps              | 771      |
|    time_elapsed     | 672      |
|    total_timesteps  | 519031   |
| train/              |          |
|    learning_rate    | 0.0001   |
|    loss             | 0.0203   |
|    n_updates        | 104757   |
----------------------------------
----------------------------------
| rollout/            |          |
|    ep_len_mean      | 3.01e+03 |
|    ep_rew_mean      | 363      |
|    exploration_rate | 0.01     |
| time/               |          |
|    episodes         | 2536     |
|    fps              | 771      |
|    time_elapsed     | 674      |
|    total_timesteps  | 520250   |
| train/              |          |
|    learning_rate    | 0.0001   |
|    loss             | 0.0136   |
|    n_updates        | 105062   |
----------------------------------
----------------------------------
| rollout/            |          |
|    ep_len_mean      | 3.01e+03 |
|    ep_rew_mean      | 362      |
|    exploration_rate | 0.01     |
| time/               |          |
|    episodes         | 2540     |
|    fps              | 771      |
|    time_elapsed     | 675      |
|    total_timesteps  | 521236   |
| train/              |          |
|    learning_rate    | 0.0001   |
|    loss             | 0.0119   |
|    n_updates        | 105308   |
----------------------------------
----------------------------------
| rollout/            |          |
|    ep_len_mean      | 3.02e+03 |
|    ep_rew_mean      | 363      |
|    exploration_rate | 0.01     |
| time/               |          |
|    episodes         | 2544     |
|    fps              | 771      |
|    time_elapsed     | 677      |
|    total_timesteps  | 522858   |
| train/              |          |
|    learning_rate    | 0.0001   |
|    loss             | 0.0115   |
|    n_updates        | 105714   |
----------------------------------
----------------------------------
| rollout/            |          |
|    ep_len_mean      | 3.02e+03 |
|    ep_rew_mean      | 361      |
|    exploration_rate | 0.01     |
| time/               |          |
|    episodes         | 2548     |
|    fps              | 771      |
|    time_elapsed     | 678      |
|    total_timesteps  | 523389   |
| train/              |          |
|    learning_rate    | 0.0001   |
|    loss             | 0.0163   |
|    n_updates        | 105847   |
----------------------------------
----------------------------------
| rollout/            |          |
|    ep_len_mean      | 3e+03    |
|    ep_rew_mean      | 360      |
|    exploration_rate | 0.01     |
| time/               |          |
|    episodes         | 2552     |
|    fps              | 771      |
|    time_elapsed     | 680      |
|    total_timesteps  | 524557   |
| train/              |          |
|    learning_rate    | 0.0001   |
|    loss             | 0.0609   |
|    n_updates        | 106139   |
----------------------------------
Eval num_timesteps=525000, episode_reward=453.00 +/- 195.57
Episode length: 3248.00 +/- 716.32
----------------------------------
| eval/               |          |
|    mean_ep_length   | 3.25e+03 |
|    mean_reward      | 453      |
| rollout/            |          |
|    exploration_rate | 0.01     |
| time/               |          |
|    total_timesteps  | 525000   |
| train/              |          |
|    learning_rate    | 0.0001   |
|    loss             | 0.0311   |
|    n_updates        | 106249   |
----------------------------------
New best mean reward!
----------------------------------
| rollout/            |          |
|    ep_len_mean      | 3e+03    |
|    ep_rew_mean      | 361      |
|    exploration_rate | 0.01     |
| time/               |          |
|    episodes         | 2556     |
|    fps              | 767      |
|    time_elapsed     | 684      |
|    total_timesteps  | 525382   |
| train/              |          |
|    learning_rate    | 0.0001   |
|    loss             | 0.0177   |
|    n_updates        | 106345   |
----------------------------------
----------------------------------
| rollout/            |          |
|    ep_len_mean      | 2.99e+03 |
|    ep_rew_mean      | 360      |
|    exploration_rate | 0.01     |
| time/               |          |
|    episodes         | 2560     |
|    fps              | 767      |
|    time_elapsed     | 686      |
|    total_timesteps  | 526924   |
| train/              |          |
|    learning_rate    | 0.0001   |
|    loss             | 0.0129   |
|    n_updates        | 106730   |
----------------------------------
----------------------------------
| rollout/            |          |
|    ep_len_mean      | 3.01e+03 |
|    ep_rew_mean      | 362      |
|    exploration_rate | 0.01     |
| time/               |          |
|    episodes         | 2564     |
|    fps              | 767      |
|    time_elapsed     | 687      |
|    total_timesteps  | 527674   |
| train/              |          |
|    learning_rate    | 0.0001   |
|    loss             | 0.0597   |
|    n_updates        | 106918   |
----------------------------------
----------------------------------
| rollout/            |          |
|    ep_len_mean      | 3.01e+03 |
|    ep_rew_mean      | 362      |
|    exploration_rate | 0.01     |
| time/               |          |
|    episodes         | 2568     |
|    fps              | 767      |
|    time_elapsed     | 689      |
|    total_timesteps  | 528659   |
| train/              |          |
|    learning_rate    | 0.0001   |
|    loss             | 0.0131   |
|    n_updates        | 107164   |
----------------------------------
----------------------------------
| rollout/            |          |
|    ep_len_mean      | 2.99e+03 |
|    ep_rew_mean      | 361      |
|    exploration_rate | 0.01     |
| time/               |          |
|    episodes         | 2572     |
|    fps              | 767      |
|    time_elapsed     | 690      |
|    total_timesteps  | 529412   |
| train/              |          |
|    learning_rate    | 0.0001   |
|    loss             | 0.0514   |
|    n_updates        | 107352   |
----------------------------------
----------------------------------
| rollout/            |          |
|    ep_len_mean      | 3e+03    |
|    ep_rew_mean      | 362      |
|    exploration_rate | 0.01     |
| time/               |          |
|    episodes         | 2576     |
|    fps              | 767      |
|    time_elapsed     | 691      |
|    total_timesteps  | 530317   |
| train/              |          |
|    learning_rate    | 0.0001   |
|    loss             | 0.0163   |
|    n_updates        | 107579   |
----------------------------------
----------------------------------
| rollout/            |          |
|    ep_len_mean      | 2.98e+03 |
|    ep_rew_mean      | 357      |
|    exploration_rate | 0.01     |
| time/               |          |
|    episodes         | 2580     |
|    fps              | 766      |
|    time_elapsed     | 692      |
|    total_timesteps  | 531003   |
| train/              |          |
|    learning_rate    | 0.0001   |
|    loss             | 0.0623   |
|    n_updates        | 107750   |
----------------------------------
----------------------------------
| rollout/            |          |
|    ep_len_mean      | 3e+03    |
|    ep_rew_mean      | 360      |
|    exploration_rate | 0.01     |
| time/               |          |
|    episodes         | 2584     |
|    fps              | 766      |
|    time_elapsed     | 694      |
|    total_timesteps  | 532635   |
| train/              |          |
|    learning_rate    | 0.0001   |
|    loss             | 0.00867  |
|    n_updates        | 108158   |
----------------------------------
----------------------------------
| rollout/            |          |
|    ep_len_mean      | 3.02e+03 |
|    ep_rew_mean      | 362      |
|    exploration_rate | 0.01     |
| time/               |          |
|    episodes         | 2588     |
|    fps              | 766      |
|    time_elapsed     | 695      |
|    total_timesteps  | 533352   |
| train/              |          |
|    learning_rate    | 0.0001   |
|    loss             | 0.0286   |
|    n_updates        | 108337   |
----------------------------------
----------------------------------
| rollout/            |          |
|    ep_len_mean      | 3e+03    |
|    ep_rew_mean      | 357      |
|    exploration_rate | 0.01     |
| time/               |          |
|    episodes         | 2592     |
|    fps              | 766      |
|    time_elapsed     | 696      |
|    total_timesteps  | 534151   |
| train/              |          |
|    learning_rate    | 0.0001   |
|    loss             | 0.0262   |
|    n_updates        | 108537   |
----------------------------------
----------------------------------
| rollout/            |          |
|    ep_len_mean      | 2.99e+03 |
|    ep_rew_mean      | 356      |
|    exploration_rate | 0.01     |
| time/               |          |
|    episodes         | 2596     |
|    fps              | 766      |
|    time_elapsed     | 697      |
|    total_timesteps  | 534806   |
| train/              |          |
|    learning_rate    | 0.0001   |
|    loss             | 0.0207   |
|    n_updates        | 108701   |
----------------------------------
----------------------------------
| rollout/            |          |
|    ep_len_mean      | 3e+03    |
|    ep_rew_mean      | 359      |
|    exploration_rate | 0.01     |
| time/               |          |
|    episodes         | 2600     |
|    fps              | 766      |
|    time_elapsed     | 699      |
|    total_timesteps  | 536075   |
| train/              |          |
|    learning_rate    | 0.0001   |
|    loss             | 0.0206   |
|    n_updates        | 109018   |
----------------------------------
----------------------------------
| rollout/            |          |
|    ep_len_mean      | 3.01e+03 |
|    ep_rew_mean      | 363      |
|    exploration_rate | 0.01     |
| time/               |          |
|    episodes         | 2604     |
|    fps              | 766      |
|    time_elapsed     | 701      |
|    total_timesteps  | 537419   |
| train/              |          |
|    learning_rate    | 0.0001   |
|    loss             | 0.0149   |
|    n_updates        | 109354   |
----------------------------------
----------------------------------
| rollout/            |          |
|    ep_len_mean      | 3.02e+03 |
|    ep_rew_mean      | 368      |
|    exploration_rate | 0.01     |
| time/               |          |
|    episodes         | 2608     |
|    fps              | 766      |
|    time_elapsed     | 702      |
|    total_timesteps  | 538290   |
| train/              |          |
|    learning_rate    | 0.0001   |
|    loss             | 0.0278   |
|    n_updates        | 109572   |
----------------------------------
----------------------------------
| rollout/            |          |
|    ep_len_mean      | 3.05e+03 |
|    ep_rew_mean      | 369      |
|    exploration_rate | 0.01     |
| time/               |          |
|    episodes         | 2612     |
|    fps              | 766      |
|    time_elapsed     | 705      |
|    total_timesteps  | 540291   |
| train/              |          |
|    learning_rate    | 0.0001   |
|    loss             | 0.0235   |
|    n_updates        | 110072   |
----------------------------------
----------------------------------
| rollout/            |          |
|    ep_len_mean      | 3.06e+03 |
|    ep_rew_mean      | 369      |
|    exploration_rate | 0.01     |
| time/               |          |
|    episodes         | 2616     |
|    fps              | 766      |
|    time_elapsed     | 707      |
|    total_timesteps  | 541987   |
| train/              |          |
|    learning_rate    | 0.0001   |
|    loss             | 0.0501   |
|    n_updates        | 110496   |
----------------------------------
----------------------------------
| rollout/            |          |
|    ep_len_mean      | 3.05e+03 |
|    ep_rew_mean      | 367      |
|    exploration_rate | 0.01     |
| time/               |          |
|    episodes         | 2620     |
|    fps              | 766      |
|    time_elapsed     | 708      |
|    total_timesteps  | 542882   |
| train/              |          |
|    learning_rate    | 0.0001   |
|    loss             | 0.0323   |
|    n_updates        | 110720   |
----------------------------------
----------------------------------
| rollout/            |          |
|    ep_len_mean      | 3.05e+03 |
|    ep_rew_mean      | 365      |
|    exploration_rate | 0.01     |
| time/               |          |
|    episodes         | 2624     |
|    fps              | 766      |
|    time_elapsed     | 710      |
|    total_timesteps  | 543995   |
| train/              |          |
|    learning_rate    | 0.0001   |
|    loss             | 0.0152   |
|    n_updates        | 110998   |
----------------------------------
----------------------------------
| rollout/            |          |
|    ep_len_mean      | 3.06e+03 |
|    ep_rew_mean      | 367      |
|    exploration_rate | 0.01     |
| time/               |          |
|    episodes         | 2628     |
|    fps              | 766      |
|    time_elapsed     | 710      |
|    total_timesteps  | 544585   |
| train/              |          |
|    learning_rate    | 0.0001   |
|    loss             | 0.0379   |
|    n_updates        | 111146   |
----------------------------------
----------------------------------
| rollout/            |          |
|    ep_len_mean      | 3.06e+03 |
|    ep_rew_mean      | 366      |
|    exploration_rate | 0.01     |
| time/               |          |
|    episodes         | 2632     |
|    fps              | 765      |
|    time_elapsed     | 712      |
|    total_timesteps  | 545911   |
| train/              |          |
|    learning_rate    | 0.0001   |
|    loss             | 0.0314   |
|    n_updates        | 111477   |
----------------------------------
----------------------------------
| rollout/            |          |
|    ep_len_mean      | 3.06e+03 |
|    ep_rew_mean      | 367      |
|    exploration_rate | 0.01     |
| time/               |          |
|    episodes         | 2636     |
|    fps              | 765      |
|    time_elapsed     | 714      |
|    total_timesteps  | 546842   |
| train/              |          |
|    learning_rate    | 0.0001   |
|    loss             | 0.00607  |
|    n_updates        | 111710   |
----------------------------------
----------------------------------
| rollout/            |          |
|    ep_len_mean      | 3.08e+03 |
|    ep_rew_mean      | 367      |
|    exploration_rate | 0.01     |
| time/               |          |
|    episodes         | 2640     |
|    fps              | 765      |
|    time_elapsed     | 715      |
|    total_timesteps  | 547721   |
| train/              |          |
|    learning_rate    | 0.0001   |
|    loss             | 0.0408   |
|    n_updates        | 111930   |
----------------------------------
----------------------------------
| rollout/            |          |
|    ep_len_mean      | 3.08e+03 |
|    ep_rew_mean      | 367      |
|    exploration_rate | 0.01     |
| time/               |          |
|    episodes         | 2644     |
|    fps              | 765      |
|    time_elapsed     | 717      |
|    total_timesteps  | 549033   |
| train/              |          |
|    learning_rate    | 0.0001   |
|    loss             | 0.0257   |
|    n_updates        | 112258   |
----------------------------------
----------------------------------
| rollout/            |          |
|    ep_len_mean      | 3.1e+03  |
|    ep_rew_mean      | 369      |
|    exploration_rate | 0.01     |
| time/               |          |
|    episodes         | 2648     |
|    fps              | 765      |
|    time_elapsed     | 718      |
|    total_timesteps  | 549796   |
| train/              |          |
|    learning_rate    | 0.0001   |
|    loss             | 0.012    |
|    n_updates        | 112448   |
----------------------------------
Eval num_timesteps=550000, episode_reward=347.00 +/- 132.54
Episode length: 2610.60 +/- 759.17
----------------------------------
| eval/               |          |
|    mean_ep_length   | 2.61e+03 |
|    mean_reward      | 347      |
| rollout/            |          |
|    exploration_rate | 0.01     |
| time/               |          |
|    total_timesteps  | 550000   |
| train/              |          |
|    learning_rate    | 0.0001   |
|    loss             | 0.0166   |
|    n_updates        | 112499   |
----------------------------------
----------------------------------
| rollout/            |          |
|    ep_len_mean      | 3.09e+03 |
|    ep_rew_mean      | 367      |
|    exploration_rate | 0.01     |
| time/               |          |
|    episodes         | 2652     |
|    fps              | 762      |
|    time_elapsed     | 722      |
|    total_timesteps  | 550803   |
| train/              |          |
|    learning_rate    | 0.0001   |
|    loss             | 0.0329   |
|    n_updates        | 112700   |
----------------------------------
----------------------------------
| rollout/            |          |
|    ep_len_mean      | 3.1e+03  |
|    ep_rew_mean      | 368      |
|    exploration_rate | 0.01     |
| time/               |          |
|    episodes         | 2656     |
|    fps              | 762      |
|    time_elapsed     | 723      |
|    total_timesteps  | 551917   |
| train/              |          |
|    learning_rate    | 0.0001   |
|    loss             | 0.0147   |
|    n_updates        | 112979   |
----------------------------------
----------------------------------
| rollout/            |          |
|    ep_len_mean      | 3.11e+03 |
|    ep_rew_mean      | 371      |
|    exploration_rate | 0.01     |
| time/               |          |
|    episodes         | 2660     |
|    fps              | 762      |
|    time_elapsed     | 725      |
|    total_timesteps  | 553091   |
| train/              |          |
|    learning_rate    | 0.0001   |
|    loss             | 0.0191   |
|    n_updates        | 113272   |
----------------------------------
----------------------------------
| rollout/            |          |
|    ep_len_mean      | 3.12e+03 |
|    ep_rew_mean      | 369      |
|    exploration_rate | 0.01     |
| time/               |          |
|    episodes         | 2664     |
|    fps              | 762      |
|    time_elapsed     | 726      |
|    total_timesteps  | 554205   |
| train/              |          |
|    learning_rate    | 0.0001   |
|    loss             | 0.0124   |
|    n_updates        | 113551   |
----------------------------------
----------------------------------
| rollout/            |          |
|    ep_len_mean      | 3.12e+03 |
|    ep_rew_mean      | 371      |
|    exploration_rate | 0.01     |
| time/               |          |
|    episodes         | 2668     |
|    fps              | 762      |
|    time_elapsed     | 728      |
|    total_timesteps  | 555270   |
| train/              |          |
|    learning_rate    | 0.0001   |
|    loss             | 0.0135   |
|    n_updates        | 113817   |
----------------------------------
----------------------------------
| rollout/            |          |
|    ep_len_mean      | 3.1e+03  |
|    ep_rew_mean      | 366      |
|    exploration_rate | 0.01     |
| time/               |          |
|    episodes         | 2672     |
|    fps              | 762      |
|    time_elapsed     | 729      |
|    total_timesteps  | 555888   |
| train/              |          |
|    learning_rate    | 0.0001   |
|    loss             | 0.0282   |
|    n_updates        | 113971   |
----------------------------------
----------------------------------
| rollout/            |          |
|    ep_len_mean      | 3.12e+03 |
|    ep_rew_mean      | 370      |
|    exploration_rate | 0.01     |
| time/               |          |
|    episodes         | 2676     |
|    fps              | 762      |
|    time_elapsed     | 731      |
|    total_timesteps  | 557295   |
| train/              |          |
|    learning_rate    | 0.0001   |
|    loss             | 0.0323   |
|    n_updates        | 114323   |
----------------------------------
----------------------------------
| rollout/            |          |
|    ep_len_mean      | 3.12e+03 |
|    ep_rew_mean      | 369      |
|    exploration_rate | 0.01     |
| time/               |          |
|    episodes         | 2680     |
|    fps              | 762      |
|    time_elapsed     | 732      |
|    total_timesteps  | 558465   |
| train/              |          |
|    learning_rate    | 0.0001   |
|    loss             | 0.0604   |
|    n_updates        | 114616   |
----------------------------------
----------------------------------
| rollout/            |          |
|    ep_len_mean      | 3.13e+03 |
|    ep_rew_mean      | 372      |
|    exploration_rate | 0.01     |
| time/               |          |
|    episodes         | 2684     |
|    fps              | 762      |
|    time_elapsed     | 733      |
|    total_timesteps  | 559092   |
| train/              |          |
|    learning_rate    | 0.0001   |
|    loss             | 0.0148   |
|    n_updates        | 114772   |
----------------------------------
----------------------------------
| rollout/            |          |
|    ep_len_mean      | 3.19e+03 |
|    ep_rew_mean      | 383      |
|    exploration_rate | 0.01     |
| time/               |          |
|    episodes         | 2688     |
|    fps              | 762      |
|    time_elapsed     | 736      |
|    total_timesteps  | 561115   |
| train/              |          |
|    learning_rate    | 0.0001   |
|    loss             | 0.00949  |
|    n_updates        | 115278   |
----------------------------------
----------------------------------
| rollout/            |          |
|    ep_len_mean      | 3.18e+03 |
|    ep_rew_mean      | 382      |
|    exploration_rate | 0.01     |
| time/               |          |
|    episodes         | 2692     |
|    fps              | 762      |
|    time_elapsed     | 737      |
|    total_timesteps  | 561832   |
| train/              |          |
|    learning_rate    | 0.0001   |
|    loss             | 0.0204   |
|    n_updates        | 115457   |
----------------------------------
----------------------------------
| rollout/            |          |
|    ep_len_mean      | 3.18e+03 |
|    ep_rew_mean      | 381      |
|    exploration_rate | 0.01     |
| time/               |          |
|    episodes         | 2696     |
|    fps              | 762      |
|    time_elapsed     | 738      |
|    total_timesteps  | 562586   |
| train/              |          |
|    learning_rate    | 0.0001   |
|    loss             | 0.0156   |
|    n_updates        | 115646   |
----------------------------------
----------------------------------
| rollout/            |          |
|    ep_len_mean      | 3.19e+03 |
|    ep_rew_mean      | 385      |
|    exploration_rate | 0.01     |
| time/               |          |
|    episodes         | 2700     |
|    fps              | 761      |
|    time_elapsed     | 739      |
|    total_timesteps  | 563671   |
| train/              |          |
|    learning_rate    | 0.0001   |
|    loss             | 0.0322   |
|    n_updates        | 115917   |
----------------------------------
----------------------------------
| rollout/            |          |
|    ep_len_mean      | 3.2e+03  |
|    ep_rew_mean      | 386      |
|    exploration_rate | 0.01     |
| time/               |          |
|    episodes         | 2704     |
|    fps              | 761      |
|    time_elapsed     | 741      |
|    total_timesteps  | 564682   |
| train/              |          |
|    learning_rate    | 0.0001   |
|    loss             | 0.0513   |
|    n_updates        | 116170   |
----------------------------------
----------------------------------
| rollout/            |          |
|    ep_len_mean      | 3.21e+03 |
|    ep_rew_mean      | 387      |
|    exploration_rate | 0.01     |
| time/               |          |
|    episodes         | 2708     |
|    fps              | 761      |
|    time_elapsed     | 742      |
|    total_timesteps  | 565934   |
| train/              |          |
|    learning_rate    | 0.0001   |
|    loss             | 0.00723  |
|    n_updates        | 116483   |
----------------------------------
----------------------------------
| rollout/            |          |
|    ep_len_mean      | 3.19e+03 |
|    ep_rew_mean      | 387      |
|    exploration_rate | 0.01     |
| time/               |          |
|    episodes         | 2712     |
|    fps              | 761      |
|    time_elapsed     | 743      |
|    total_timesteps  | 566278   |
| train/              |          |
|    learning_rate    | 0.0001   |
|    loss             | 0.0222   |
|    n_updates        | 116569   |
----------------------------------
----------------------------------
| rollout/            |          |
|    ep_len_mean      | 3.18e+03 |
|    ep_rew_mean      | 383      |
|    exploration_rate | 0.01     |
| time/               |          |
|    episodes         | 2716     |
|    fps              | 761      |
|    time_elapsed     | 744      |
|    total_timesteps  | 567092   |
| train/              |          |
|    learning_rate    | 0.0001   |
|    loss             | 0.0411   |
|    n_updates        | 116772   |
----------------------------------
----------------------------------
| rollout/            |          |
|    ep_len_mean      | 3.17e+03 |
|    ep_rew_mean      | 382      |
|    exploration_rate | 0.01     |
| time/               |          |
|    episodes         | 2720     |
|    fps              | 761      |
|    time_elapsed     | 745      |
|    total_timesteps  | 567959   |
| train/              |          |
|    learning_rate    | 0.0001   |
|    loss             | 0.0787   |
|    n_updates        | 116989   |
----------------------------------
----------------------------------
| rollout/            |          |
|    ep_len_mean      | 3.17e+03 |
|    ep_rew_mean      | 383      |
|    exploration_rate | 0.01     |
| time/               |          |
|    episodes         | 2724     |
|    fps              | 761      |
|    time_elapsed     | 747      |
|    total_timesteps  | 568987   |
| train/              |          |
|    learning_rate    | 0.0001   |
|    loss             | 0.0126   |
|    n_updates        | 117246   |
----------------------------------
----------------------------------
| rollout/            |          |
|    ep_len_mean      | 3.16e+03 |
|    ep_rew_mean      | 381      |
|    exploration_rate | 0.01     |
| time/               |          |
|    episodes         | 2728     |
|    fps              | 761      |
|    time_elapsed     | 747      |
|    total_timesteps  | 569672   |
| train/              |          |
|    learning_rate    | 0.0001   |
|    loss             | 0.0333   |
|    n_updates        | 117417   |
----------------------------------
----------------------------------
| rollout/            |          |
|    ep_len_mean      | 3.15e+03 |
|    ep_rew_mean      | 380      |
|    exploration_rate | 0.01     |
| time/               |          |
|    episodes         | 2732     |
|    fps              | 761      |
|    time_elapsed     | 749      |
|    total_timesteps  | 570719   |
| train/              |          |
|    learning_rate    | 0.0001   |
|    loss             | 0.0145   |
|    n_updates        | 117679   |
----------------------------------
----------------------------------
| rollout/            |          |
|    ep_len_mean      | 3.14e+03 |
|    ep_rew_mean      | 384      |
|    exploration_rate | 0.01     |
| time/               |          |
|    episodes         | 2736     |
|    fps              | 761      |
|    time_elapsed     | 750      |
|    total_timesteps  | 571848   |
| train/              |          |
|    learning_rate    | 0.0001   |
|    loss             | 0.0205   |
|    n_updates        | 117961   |
----------------------------------
----------------------------------
| rollout/            |          |
|    ep_len_mean      | 3.13e+03 |
|    ep_rew_mean      | 380      |
|    exploration_rate | 0.01     |
| time/               |          |
|    episodes         | 2740     |
|    fps              | 761      |
|    time_elapsed     | 751      |
|    total_timesteps  | 572560   |
| train/              |          |
|    learning_rate    | 0.0001   |
|    loss             | 0.0544   |
|    n_updates        | 118139   |
----------------------------------
----------------------------------
| rollout/            |          |
|    ep_len_mean      | 3.11e+03 |
|    ep_rew_mean      | 375      |
|    exploration_rate | 0.01     |
| time/               |          |
|    episodes         | 2744     |
|    fps              | 761      |
|    time_elapsed     | 753      |
|    total_timesteps  | 573438   |
| train/              |          |
|    learning_rate    | 0.0001   |
|    loss             | 0.0181   |
|    n_updates        | 118359   |
----------------------------------
----------------------------------
| rollout/            |          |
|    ep_len_mean      | 3.11e+03 |
|    ep_rew_mean      | 374      |
|    exploration_rate | 0.01     |
| time/               |          |
|    episodes         | 2748     |
|    fps              | 761      |
|    time_elapsed     | 754      |
|    total_timesteps  | 574336   |
| train/              |          |
|    learning_rate    | 0.0001   |
|    loss             | 0.0364   |
|    n_updates        | 118583   |
----------------------------------
Eval num_timesteps=575000, episode_reward=248.00 +/- 139.09
Episode length: 2362.60 +/- 1172.02
----------------------------------
| eval/               |          |
|    mean_ep_length   | 2.36e+03 |
|    mean_reward      | 248      |
| rollout/            |          |
|    exploration_rate | 0.01     |
| time/               |          |
|    total_timesteps  | 575000   |
| train/              |          |
|    learning_rate    | 0.0001   |
|    loss             | 0.0315   |
|    n_updates        | 118749   |
----------------------------------
----------------------------------
| rollout/            |          |
|    ep_len_mean      | 3.1e+03  |
|    ep_rew_mean      | 373      |
|    exploration_rate | 0.01     |
| time/               |          |
|    episodes         | 2752     |
|    fps              | 758      |
|    time_elapsed     | 758      |
|    total_timesteps  | 575230   |
| train/              |          |
|    learning_rate    | 0.0001   |
|    loss             | 0.0288   |
|    n_updates        | 118807   |
----------------------------------
----------------------------------
| rollout/            |          |
|    ep_len_mean      | 3.1e+03  |
|    ep_rew_mean      | 375      |
|    exploration_rate | 0.01     |
| time/               |          |
|    episodes         | 2756     |
|    fps              | 758      |
|    time_elapsed     | 759      |
|    total_timesteps  | 576185   |
| train/              |          |
|    learning_rate    | 0.0001   |
|    loss             | 0.0258   |
|    n_updates        | 119046   |
----------------------------------
----------------------------------
| rollout/            |          |
|    ep_len_mean      | 3.07e+03 |
|    ep_rew_mean      | 371      |
|    exploration_rate | 0.01     |
| time/               |          |
|    episodes         | 2760     |
|    fps              | 758      |
|    time_elapsed     | 760      |
|    total_timesteps  | 577142   |
| train/              |          |
|    learning_rate    | 0.0001   |
|    loss             | 0.0477   |
|    n_updates        | 119285   |
----------------------------------
----------------------------------
| rollout/            |          |
|    ep_len_mean      | 3.08e+03 |
|    ep_rew_mean      | 373      |
|    exploration_rate | 0.01     |
| time/               |          |
|    episodes         | 2764     |
|    fps              | 758      |
|    time_elapsed     | 762      |
|    total_timesteps  | 578512   |
| train/              |          |
|    learning_rate    | 0.0001   |
|    loss             | 0.0214   |
|    n_updates        | 119627   |
----------------------------------
----------------------------------
| rollout/            |          |
|    ep_len_mean      | 3.09e+03 |
|    ep_rew_mean      | 376      |
|    exploration_rate | 0.01     |
| time/               |          |
|    episodes         | 2768     |
|    fps              | 758      |
|    time_elapsed     | 764      |
|    total_timesteps  | 579619   |
| train/              |          |
|    learning_rate    | 0.0001   |
|    loss             | 0.0187   |
|    n_updates        | 119904   |
----------------------------------
----------------------------------
| rollout/            |          |
|    ep_len_mean      | 3.08e+03 |
|    ep_rew_mean      | 379      |
|    exploration_rate | 0.01     |
| time/               |          |
|    episodes         | 2772     |
|    fps              | 758      |
|    time_elapsed     | 765      |
|    total_timesteps  | 580882   |
| train/              |          |
|    learning_rate    | 0.0001   |
|    loss             | 0.074    |
|    n_updates        | 120220   |
----------------------------------
----------------------------------
| rollout/            |          |
|    ep_len_mean      | 3.08e+03 |
|    ep_rew_mean      | 379      |
|    exploration_rate | 0.01     |
| time/               |          |
|    episodes         | 2776     |
|    fps              | 758      |
|    time_elapsed     | 767      |
|    total_timesteps  | 581849   |
| train/              |          |
|    learning_rate    | 0.0001   |
|    loss             | 0.0393   |
|    n_updates        | 120462   |
----------------------------------
----------------------------------
| rollout/            |          |
|    ep_len_mean      | 3.04e+03 |
|    ep_rew_mean      | 380      |
|    exploration_rate | 0.01     |
| time/               |          |
|    episodes         | 2780     |
|    fps              | 758      |
|    time_elapsed     | 768      |
|    total_timesteps  | 582936   |
| train/              |          |
|    learning_rate    | 0.0001   |
|    loss             | 0.0373   |
|    n_updates        | 120733   |
----------------------------------
----------------------------------
| rollout/            |          |
|    ep_len_mean      | 3.04e+03 |
|    ep_rew_mean      | 381      |
|    exploration_rate | 0.01     |
| time/               |          |
|    episodes         | 2784     |
|    fps              | 758      |
|    time_elapsed     | 769      |
|    total_timesteps  | 583848   |
| train/              |          |
|    learning_rate    | 0.0001   |
|    loss             | 0.0157   |
|    n_updates        | 120961   |
----------------------------------
----------------------------------
| rollout/            |          |
|    ep_len_mean      | 3.03e+03 |
|    ep_rew_mean      | 379      |
|    exploration_rate | 0.01     |
| time/               |          |
|    episodes         | 2788     |
|    fps              | 758      |
|    time_elapsed     | 770      |
|    total_timesteps  | 584456   |
| train/              |          |
|    learning_rate    | 0.0001   |
|    loss             | 0.0217   |
|    n_updates        | 121113   |
----------------------------------
----------------------------------
| rollout/            |          |
|    ep_len_mean      | 3e+03    |
|    ep_rew_mean      | 373      |
|    exploration_rate | 0.01     |
| time/               |          |
|    episodes         | 2792     |
|    fps              | 758      |
|    time_elapsed     | 771      |
|    total_timesteps  | 585282   |
| train/              |          |
|    learning_rate    | 0.0001   |
|    loss             | 0.0416   |
|    n_updates        | 121320   |
----------------------------------
----------------------------------
| rollout/            |          |
|    ep_len_mean      | 2.99e+03 |
|    ep_rew_mean      | 370      |
|    exploration_rate | 0.01     |
| time/               |          |
|    episodes         | 2796     |
|    fps              | 758      |
|    time_elapsed     | 772      |
|    total_timesteps  | 585929   |
| train/              |          |
|    learning_rate    | 0.0001   |
|    loss             | 0.0133   |
|    n_updates        | 121482   |
----------------------------------
----------------------------------
| rollout/            |          |
|    ep_len_mean      | 2.98e+03 |
|    ep_rew_mean      | 368      |
|    exploration_rate | 0.01     |
| time/               |          |
|    episodes         | 2800     |
|    fps              | 758      |
|    time_elapsed     | 774      |
|    total_timesteps  | 586823   |
| train/              |          |
|    learning_rate    | 0.0001   |
|    loss             | 0.071    |
|    n_updates        | 121705   |
----------------------------------
----------------------------------
| rollout/            |          |
|    ep_len_mean      | 2.98e+03 |
|    ep_rew_mean      | 367      |
|    exploration_rate | 0.01     |
| time/               |          |
|    episodes         | 2804     |
|    fps              | 758      |
|    time_elapsed     | 775      |
|    total_timesteps  | 587741   |
| train/              |          |
|    learning_rate    | 0.0001   |
|    loss             | 0.0437   |
|    n_updates        | 121935   |
----------------------------------
----------------------------------
| rollout/            |          |
|    ep_len_mean      | 2.98e+03 |
|    ep_rew_mean      | 367      |
|    exploration_rate | 0.01     |
| time/               |          |
|    episodes         | 2808     |
|    fps              | 757      |
|    time_elapsed     | 776      |
|    total_timesteps  | 588865   |
| train/              |          |
|    learning_rate    | 0.0001   |
|    loss             | 0.0112   |
|    n_updates        | 122216   |
----------------------------------
----------------------------------
| rollout/            |          |
|    ep_len_mean      | 2.99e+03 |
|    ep_rew_mean      | 369      |
|    exploration_rate | 0.01     |
| time/               |          |
|    episodes         | 2812     |
|    fps              | 757      |
|    time_elapsed     | 778      |
|    total_timesteps  | 589969   |
| train/              |          |
|    learning_rate    | 0.0001   |
|    loss             | 0.0188   |
|    n_updates        | 122492   |
----------------------------------
----------------------------------
| rollout/            |          |
|    ep_len_mean      | 2.98e+03 |
|    ep_rew_mean      | 367      |
|    exploration_rate | 0.01     |
| time/               |          |
|    episodes         | 2816     |
|    fps              | 757      |
|    time_elapsed     | 779      |
|    total_timesteps  | 590828   |
| train/              |          |
|    learning_rate    | 0.0001   |
|    loss             | 0.0331   |
|    n_updates        | 122706   |
----------------------------------
----------------------------------
| rollout/            |          |
|    ep_len_mean      | 2.96e+03 |
|    ep_rew_mean      | 361      |
|    exploration_rate | 0.01     |
| time/               |          |
|    episodes         | 2820     |
|    fps              | 757      |
|    time_elapsed     | 780      |
|    total_timesteps  | 591423   |
| train/              |          |
|    learning_rate    | 0.0001   |
|    loss             | 0.0268   |
|    n_updates        | 122855   |
----------------------------------
----------------------------------
| rollout/            |          |
|    ep_len_mean      | 2.95e+03 |
|    ep_rew_mean      | 359      |
|    exploration_rate | 0.01     |
| time/               |          |
|    episodes         | 2824     |
|    fps              | 757      |
|    time_elapsed     | 781      |
|    total_timesteps  | 592302   |
| train/              |          |
|    learning_rate    | 0.0001   |
|    loss             | 0.0654   |
|    n_updates        | 123075   |
----------------------------------
----------------------------------
| rollout/            |          |
|    ep_len_mean      | 2.94e+03 |
|    ep_rew_mean      | 356      |
|    exploration_rate | 0.01     |
| time/               |          |
|    episodes         | 2828     |
|    fps              | 757      |
|    time_elapsed     | 783      |
|    total_timesteps  | 593407   |
| train/              |          |
|    learning_rate    | 0.0001   |
|    loss             | 0.0755   |
|    n_updates        | 123351   |
----------------------------------
----------------------------------
| rollout/            |          |
|    ep_len_mean      | 2.94e+03 |
|    ep_rew_mean      | 358      |
|    exploration_rate | 0.01     |
| time/               |          |
|    episodes         | 2832     |
|    fps              | 757      |
|    time_elapsed     | 785      |
|    total_timesteps  | 594908   |
| train/              |          |
|    learning_rate    | 0.0001   |
|    loss             | 0.0182   |
|    n_updates        | 123726   |
----------------------------------
----------------------------------
| rollout/            |          |
|    ep_len_mean      | 2.94e+03 |
|    ep_rew_mean      | 360      |
|    exploration_rate | 0.01     |
| time/               |          |
|    episodes         | 2836     |
|    fps              | 757      |
|    time_elapsed     | 786      |
|    total_timesteps  | 595934   |
| train/              |          |
|    learning_rate    | 0.0001   |
|    loss             | 0.0178   |
|    n_updates        | 123983   |
----------------------------------
----------------------------------
| rollout/            |          |
|    ep_len_mean      | 2.94e+03 |
|    ep_rew_mean      | 361      |
|    exploration_rate | 0.01     |
| time/               |          |
|    episodes         | 2840     |
|    fps              | 757      |
|    time_elapsed     | 787      |
|    total_timesteps  | 596575   |
| train/              |          |
|    learning_rate    | 0.0001   |
|    loss             | 0.0367   |
|    n_updates        | 124143   |
----------------------------------
----------------------------------
| rollout/            |          |
|    ep_len_mean      | 2.95e+03 |
|    ep_rew_mean      | 362      |
|    exploration_rate | 0.01     |
| time/               |          |
|    episodes         | 2844     |
|    fps              | 757      |
|    time_elapsed     | 788      |
|    total_timesteps  | 597677   |
| train/              |          |
|    learning_rate    | 0.0001   |
|    loss             | 0.0313   |
|    n_updates        | 124419   |
----------------------------------
----------------------------------
| rollout/            |          |
|    ep_len_mean      | 2.95e+03 |
|    ep_rew_mean      | 362      |
|    exploration_rate | 0.01     |
| time/               |          |
|    episodes         | 2848     |
|    fps              | 757      |
|    time_elapsed     | 790      |
|    total_timesteps  | 599078   |
| train/              |          |
|    learning_rate    | 0.0001   |
|    loss             | 0.0179   |
|    n_updates        | 124769   |
----------------------------------
Eval num_timesteps=600000, episode_reward=746.00 +/- 154.93
Episode length: 5698.60 +/- 1181.81
----------------------------------
| eval/               |          |
|    mean_ep_length   | 5.7e+03  |
|    mean_reward      | 746      |
| rollout/            |          |
|    exploration_rate | 0.01     |
| time/               |          |
|    total_timesteps  | 600000   |
| train/              |          |
|    learning_rate    | 0.0001   |
|    loss             | 0.0257   |
|    n_updates        | 124999   |
----------------------------------
New best mean reward!
----------------------------------
| rollout/            |          |
|    ep_len_mean      | 2.96e+03 |
|    ep_rew_mean      | 361      |
|    exploration_rate | 0.01     |
| time/               |          |
|    episodes         | 2852     |
|    fps              | 751      |
|    time_elapsed     | 798      |
|    total_timesteps  | 600393   |
| train/              |          |
|    learning_rate    | 0.0001   |
|    loss             | 0.014    |
|    n_updates        | 125098   |
----------------------------------
----------------------------------
| rollout/            |          |
|    ep_len_mean      | 2.96e+03 |
|    ep_rew_mean      | 363      |
|    exploration_rate | 0.01     |
| time/               |          |
|    episodes         | 2856     |
|    fps              | 751      |
|    time_elapsed     | 800      |
|    total_timesteps  | 601621   |
| train/              |          |
|    learning_rate    | 0.0001   |
|    loss             | 0.0216   |
|    n_updates        | 125405   |
----------------------------------
----------------------------------
| rollout/            |          |
|    ep_len_mean      | 2.97e+03 |
|    ep_rew_mean      | 364      |
|    exploration_rate | 0.01     |
| time/               |          |
|    episodes         | 2860     |
|    fps              | 751      |
|    time_elapsed     | 802      |
|    total_timesteps  | 603039   |
| train/              |          |
|    learning_rate    | 0.0001   |
|    loss             | 0.0209   |
|    n_updates        | 125759   |
----------------------------------
----------------------------------
| rollout/            |          |
|    ep_len_mean      | 2.98e+03 |
|    ep_rew_mean      | 366      |
|    exploration_rate | 0.01     |
| time/               |          |
|    episodes         | 2864     |
|    fps              | 751      |
|    time_elapsed     | 803      |
|    total_timesteps  | 603907   |
| train/              |          |
|    learning_rate    | 0.0001   |
|    loss             | 0.0617   |
|    n_updates        | 125976   |
----------------------------------
----------------------------------
| rollout/            |          |
|    ep_len_mean      | 3e+03    |
|    ep_rew_mean      | 370      |
|    exploration_rate | 0.01     |
| time/               |          |
|    episodes         | 2868     |
|    fps              | 751      |
|    time_elapsed     | 805      |
|    total_timesteps  | 605143   |
| train/              |          |
|    learning_rate    | 0.0001   |
|    loss             | 0.0293   |
|    n_updates        | 126285   |
----------------------------------
----------------------------------
| rollout/            |          |
|    ep_len_mean      | 2.99e+03 |
|    ep_rew_mean      | 368      |
|    exploration_rate | 0.01     |
| time/               |          |
|    episodes         | 2872     |
|    fps              | 751      |
|    time_elapsed     | 806      |
|    total_timesteps  | 605988   |
| train/              |          |
|    learning_rate    | 0.0001   |
|    loss             | 0.0226   |
|    n_updates        | 126496   |
----------------------------------
----------------------------------
| rollout/            |          |
|    ep_len_mean      | 2.98e+03 |
|    ep_rew_mean      | 366      |
|    exploration_rate | 0.01     |
| time/               |          |
|    episodes         | 2876     |
|    fps              | 751      |
|    time_elapsed     | 807      |
|    total_timesteps  | 606945   |
| train/              |          |
|    learning_rate    | 0.0001   |
|    loss             | 0.0175   |
|    n_updates        | 126736   |
----------------------------------
----------------------------------
| rollout/            |          |
|    ep_len_mean      | 2.97e+03 |
|    ep_rew_mean      | 365      |
|    exploration_rate | 0.01     |
| time/               |          |
|    episodes         | 2880     |
|    fps              | 751      |
|    time_elapsed     | 808      |
|    total_timesteps  | 607644   |
| train/              |          |
|    learning_rate    | 0.0001   |
|    loss             | 0.0106   |
|    n_updates        | 126910   |
----------------------------------
----------------------------------
| rollout/            |          |
|    ep_len_mean      | 2.97e+03 |
|    ep_rew_mean      | 364      |
|    exploration_rate | 0.01     |
| time/               |          |
|    episodes         | 2884     |
|    fps              | 751      |
|    time_elapsed     | 809      |
|    total_timesteps  | 608334   |
| train/              |          |
|    learning_rate    | 0.0001   |
|    loss             | 0.0329   |
|    n_updates        | 127083   |
----------------------------------
----------------------------------
| rollout/            |          |
|    ep_len_mean      | 2.98e+03 |
|    ep_rew_mean      | 367      |
|    exploration_rate | 0.01     |
| time/               |          |
|    episodes         | 2888     |
|    fps              | 751      |
|    time_elapsed     | 811      |
|    total_timesteps  | 609839   |
| train/              |          |
|    learning_rate    | 0.0001   |
|    loss             | 0.0304   |
|    n_updates        | 127459   |
----------------------------------
----------------------------------
| rollout/            |          |
|    ep_len_mean      | 2.98e+03 |
|    ep_rew_mean      | 368      |
|    exploration_rate | 0.01     |
| time/               |          |
|    episodes         | 2892     |
|    fps              | 751      |
|    time_elapsed     | 812      |
|    total_timesteps  | 610844   |
| train/              |          |
|    learning_rate    | 0.0001   |
|    loss             | 0.0186   |
|    n_updates        | 127710   |
----------------------------------
----------------------------------
| rollout/            |          |
|    ep_len_mean      | 2.99e+03 |
|    ep_rew_mean      | 369      |
|    exploration_rate | 0.01     |
| time/               |          |
|    episodes         | 2896     |
|    fps              | 751      |
|    time_elapsed     | 814      |
|    total_timesteps  | 611676   |
| train/              |          |
|    learning_rate    | 0.0001   |
|    loss             | 0.0383   |
|    n_updates        | 127918   |
----------------------------------
----------------------------------
| rollout/            |          |
|    ep_len_mean      | 2.97e+03 |
|    ep_rew_mean      | 364      |
|    exploration_rate | 0.01     |
| time/               |          |
|    episodes         | 2900     |
|    fps              | 751      |
|    time_elapsed     | 815      |
|    total_timesteps  | 612512   |
| train/              |          |
|    learning_rate    | 0.0001   |
|    loss             | 0.0237   |
|    n_updates        | 128127   |
----------------------------------
----------------------------------
| rollout/            |          |
|    ep_len_mean      | 2.96e+03 |
|    ep_rew_mean      | 363      |
|    exploration_rate | 0.01     |
| time/               |          |
|    episodes         | 2904     |
|    fps              | 751      |
|    time_elapsed     | 816      |
|    total_timesteps  | 613694   |
| train/              |          |
|    learning_rate    | 0.0001   |
|    loss             | 0.0284   |
|    n_updates        | 128423   |
----------------------------------
----------------------------------
| rollout/            |          |
|    ep_len_mean      | 2.96e+03 |
|    ep_rew_mean      | 360      |
|    exploration_rate | 0.01     |
| time/               |          |
|    episodes         | 2908     |
|    fps              | 751      |
|    time_elapsed     | 817      |
|    total_timesteps  | 614348   |
| train/              |          |
|    learning_rate    | 0.0001   |
|    loss             | 0.0313   |
|    n_updates        | 128586   |
----------------------------------
----------------------------------
| rollout/            |          |
|    ep_len_mean      | 2.95e+03 |
|    ep_rew_mean      | 359      |
|    exploration_rate | 0.01     |
| time/               |          |
|    episodes         | 2912     |
|    fps              | 751      |
|    time_elapsed     | 819      |
|    total_timesteps  | 615342   |
| train/              |          |
|    learning_rate    | 0.0001   |
|    loss             | 0.028    |
|    n_updates        | 128835   |
----------------------------------
----------------------------------
| rollout/            |          |
|    ep_len_mean      | 2.97e+03 |
|    ep_rew_mean      | 364      |
|    exploration_rate | 0.01     |
| time/               |          |
|    episodes         | 2916     |
|    fps              | 751      |
|    time_elapsed     | 821      |
|    total_timesteps  | 616905   |
| train/              |          |
|    learning_rate    | 0.0001   |
|    loss             | 0.0121   |
|    n_updates        | 129226   |
----------------------------------
----------------------------------
| rollout/            |          |
|    ep_len_mean      | 2.97e+03 |
|    ep_rew_mean      | 364      |
|    exploration_rate | 0.01     |
| time/               |          |
|    episodes         | 2920     |
|    fps              | 751      |
|    time_elapsed     | 822      |
|    total_timesteps  | 618032   |
| train/              |          |
|    learning_rate    | 0.0001   |
|    loss             | 0.0157   |
|    n_updates        | 129507   |
----------------------------------
----------------------------------
| rollout/            |          |
|    ep_len_mean      | 2.99e+03 |
|    ep_rew_mean      | 372      |
|    exploration_rate | 0.01     |
| time/               |          |
|    episodes         | 2924     |
|    fps              | 751      |
|    time_elapsed     | 823      |
|    total_timesteps  | 619053   |
| train/              |          |
|    learning_rate    | 0.0001   |
|    loss             | 0.056    |
|    n_updates        | 129763   |
----------------------------------
----------------------------------
| rollout/            |          |
|    ep_len_mean      | 2.99e+03 |
|    ep_rew_mean      | 374      |
|    exploration_rate | 0.01     |
| time/               |          |
|    episodes         | 2928     |
|    fps              | 751      |
|    time_elapsed     | 825      |
|    total_timesteps  | 620390   |
| train/              |          |
|    learning_rate    | 0.0001   |
|    loss             | 0.0198   |
|    n_updates        | 130097   |
----------------------------------
----------------------------------
| rollout/            |          |
|    ep_len_mean      | 3.02e+03 |
|    ep_rew_mean      | 381      |
|    exploration_rate | 0.01     |
| time/               |          |
|    episodes         | 2932     |
|    fps              | 751      |
|    time_elapsed     | 828      |
|    total_timesteps  | 622113   |
| train/              |          |
|    learning_rate    | 0.0001   |
|    loss             | 0.0184   |
|    n_updates        | 130528   |
----------------------------------
----------------------------------
| rollout/            |          |
|    ep_len_mean      | 3.02e+03 |
|    ep_rew_mean      | 380      |
|    exploration_rate | 0.01     |
| time/               |          |
|    episodes         | 2936     |
|    fps              | 751      |
|    time_elapsed     | 829      |
|    total_timesteps  | 623090   |
| train/              |          |
|    learning_rate    | 0.0001   |
|    loss             | 0.0593   |
|    n_updates        | 130772   |
----------------------------------
----------------------------------
| rollout/            |          |
|    ep_len_mean      | 3.01e+03 |
|    ep_rew_mean      | 379      |
|    exploration_rate | 0.01     |
| time/               |          |
|    episodes         | 2940     |
|    fps              | 751      |
|    time_elapsed     | 830      |
|    total_timesteps  | 623887   |
| train/              |          |
|    learning_rate    | 0.0001   |
|    loss             | 0.0727   |
|    n_updates        | 130971   |
----------------------------------
Eval num_timesteps=625000, episode_reward=445.00 +/- 291.55
Episode length: 3374.60 +/- 935.81
----------------------------------
| eval/               |          |
|    mean_ep_length   | 3.37e+03 |
|    mean_reward      | 445      |
| rollout/            |          |
|    exploration_rate | 0.01     |
| time/               |          |
|    total_timesteps  | 625000   |
| train/              |          |
|    learning_rate    | 0.0001   |
|    loss             | 0.0173   |
|    n_updates        | 131249   |
----------------------------------
----------------------------------
| rollout/            |          |
|    ep_len_mean      | 3.02e+03 |
|    ep_rew_mean      | 383      |
|    exploration_rate | 0.01     |
| time/               |          |
|    episodes         | 2944     |
|    fps              | 747      |
|    time_elapsed     | 835      |
|    total_timesteps  | 625212   |
| train/              |          |
|    learning_rate    | 0.0001   |
|    loss             | 0.0235   |
|    n_updates        | 131302   |
----------------------------------
----------------------------------
| rollout/            |          |
|    ep_len_mean      | 3.02e+03 |
|    ep_rew_mean      | 386      |
|    exploration_rate | 0.01     |
| time/               |          |
|    episodes         | 2948     |
|    fps              | 747      |
|    time_elapsed     | 837      |
|    total_timesteps  | 626312   |
| train/              |          |
|    learning_rate    | 0.0001   |
|    loss             | 0.0669   |
|    n_updates        | 131577   |
----------------------------------
----------------------------------
| rollout/            |          |
|    ep_len_mean      | 3e+03    |
|    ep_rew_mean      | 383      |
|    exploration_rate | 0.01     |
| time/               |          |
|    episodes         | 2952     |
|    fps              | 747      |
|    time_elapsed     | 838      |
|    total_timesteps  | 626917   |
| train/              |          |
|    learning_rate    | 0.0001   |
|    loss             | 0.014    |
|    n_updates        | 131729   |
----------------------------------
----------------------------------
| rollout/            |          |
|    ep_len_mean      | 2.98e+03 |
|    ep_rew_mean      | 382      |
|    exploration_rate | 0.01     |
| time/               |          |
|    episodes         | 2956     |
|    fps              | 747      |
|    time_elapsed     | 839      |
|    total_timesteps  | 627639   |
| train/              |          |
|    learning_rate    | 0.0001   |
|    loss             | 0.0106   |
|    n_updates        | 131909   |
----------------------------------
----------------------------------
| rollout/            |          |
|    ep_len_mean      | 2.99e+03 |
|    ep_rew_mean      | 383      |
|    exploration_rate | 0.01     |
| time/               |          |
|    episodes         | 2960     |
|    fps              | 747      |
|    time_elapsed     | 841      |
|    total_timesteps  | 629056   |
| train/              |          |
|    learning_rate    | 0.0001   |
|    loss             | 0.0262   |
|    n_updates        | 132263   |
----------------------------------
----------------------------------
| rollout/            |          |
|    ep_len_mean      | 3.01e+03 |
|    ep_rew_mean      | 389      |
|    exploration_rate | 0.01     |
| time/               |          |
|    episodes         | 2964     |
|    fps              | 747      |
|    time_elapsed     | 843      |
|    total_timesteps  | 630791   |
| train/              |          |
|    learning_rate    | 0.0001   |
|    loss             | 0.0211   |
|    n_updates        | 132697   |
----------------------------------
----------------------------------
| rollout/            |          |
|    ep_len_mean      | 3.01e+03 |
|    ep_rew_mean      | 390      |
|    exploration_rate | 0.01     |
| time/               |          |
|    episodes         | 2968     |
|    fps              | 747      |
|    time_elapsed     | 845      |
|    total_timesteps  | 631968   |
| train/              |          |
|    learning_rate    | 0.0001   |
|    loss             | 0.0242   |
|    n_updates        | 132991   |
----------------------------------
----------------------------------
| rollout/            |          |
|    ep_len_mean      | 3e+03    |
|    ep_rew_mean      | 386      |
|    exploration_rate | 0.01     |
| time/               |          |
|    episodes         | 2972     |
|    fps              | 747      |
|    time_elapsed     | 846      |
|    total_timesteps  | 632643   |
| train/              |          |
|    learning_rate    | 0.0001   |
|    loss             | 0.0666   |
|    n_updates        | 133160   |
----------------------------------
----------------------------------
| rollout/            |          |
|    ep_len_mean      | 2.99e+03 |
|    ep_rew_mean      | 384      |
|    exploration_rate | 0.01     |
| time/               |          |
|    episodes         | 2976     |
|    fps              | 747      |
|    time_elapsed     | 847      |
|    total_timesteps  | 633801   |
| train/              |          |
|    learning_rate    | 0.0001   |
|    loss             | 0.0109   |
|    n_updates        | 133450   |
----------------------------------
----------------------------------
| rollout/            |          |
|    ep_len_mean      | 2.96e+03 |
|    ep_rew_mean      | 376      |
|    exploration_rate | 0.01     |
| time/               |          |
|    episodes         | 2980     |
|    fps              | 747      |
|    time_elapsed     | 849      |
|    total_timesteps  | 635258   |
| train/              |          |
|    learning_rate    | 0.0001   |
|    loss             | 0.0126   |
|    n_updates        | 133814   |
----------------------------------
----------------------------------
| rollout/            |          |
|    ep_len_mean      | 2.99e+03 |
|    ep_rew_mean      | 382      |
|    exploration_rate | 0.01     |
| time/               |          |
|    episodes         | 2984     |
|    fps              | 747      |
|    time_elapsed     | 850      |
|    total_timesteps  | 635908   |
| train/              |          |
|    learning_rate    | 0.0001   |
|    loss             | 0.024    |
|    n_updates        | 133976   |
----------------------------------
----------------------------------
| rollout/            |          |
|    ep_len_mean      | 3.01e+03 |
|    ep_rew_mean      | 383      |
|    exploration_rate | 0.01     |
| time/               |          |
|    episodes         | 2988     |
|    fps              | 747      |
|    time_elapsed     | 852      |
|    total_timesteps  | 637358   |
| train/              |          |
|    learning_rate    | 0.0001   |
|    loss             | 0.0159   |
|    n_updates        | 134339   |
----------------------------------
----------------------------------
| rollout/            |          |
|    ep_len_mean      | 3.01e+03 |
|    ep_rew_mean      | 380      |
|    exploration_rate | 0.01     |
| time/               |          |
|    episodes         | 2992     |
|    fps              | 747      |
|    time_elapsed     | 854      |
|    total_timesteps  | 638380   |
| train/              |          |
|    learning_rate    | 0.0001   |
|    loss             | 0.0171   |
|    n_updates        | 134594   |
----------------------------------
----------------------------------
| rollout/            |          |
|    ep_len_mean      | 3.02e+03 |
|    ep_rew_mean      | 380      |
|    exploration_rate | 0.01     |
| time/               |          |
|    episodes         | 2996     |
|    fps              | 747      |
|    time_elapsed     | 855      |
|    total_timesteps  | 639660   |
| train/              |          |
|    learning_rate    | 0.0001   |
|    loss             | 0.0434   |
|    n_updates        | 134914   |
----------------------------------
----------------------------------
| rollout/            |          |
|    ep_len_mean      | 3.05e+03 |
|    ep_rew_mean      | 384      |
|    exploration_rate | 0.01     |
| time/               |          |
|    episodes         | 3000     |
|    fps              | 747      |
|    time_elapsed     | 858      |
|    total_timesteps  | 641487   |
| train/              |          |
|    learning_rate    | 0.0001   |
|    loss             | 0.0272   |
|    n_updates        | 135371   |
----------------------------------
----------------------------------
| rollout/            |          |
|    ep_len_mean      | 3.07e+03 |
|    ep_rew_mean      | 387      |
|    exploration_rate | 0.01     |
| time/               |          |
|    episodes         | 3004     |
|    fps              | 747      |
|    time_elapsed     | 859      |
|    total_timesteps  | 642405   |
| train/              |          |
|    learning_rate    | 0.0001   |
|    loss             | 0.0279   |
|    n_updates        | 135601   |
----------------------------------
----------------------------------
| rollout/            |          |
|    ep_len_mean      | 3.08e+03 |
|    ep_rew_mean      | 387      |
|    exploration_rate | 0.01     |
| time/               |          |
|    episodes         | 3008     |
|    fps              | 747      |
|    time_elapsed     | 861      |
|    total_timesteps  | 643825   |
| train/              |          |
|    learning_rate    | 0.0001   |
|    loss             | 0.0326   |
|    n_updates        | 135956   |
----------------------------------
----------------------------------
| rollout/            |          |
|    ep_len_mean      | 3.07e+03 |
|    ep_rew_mean      | 386      |
|    exploration_rate | 0.01     |
| time/               |          |
|    episodes         | 3012     |
|    fps              | 747      |
|    time_elapsed     | 862      |
|    total_timesteps  | 644677   |
| train/              |          |
|    learning_rate    | 0.0001   |
|    loss             | 0.0357   |
|    n_updates        | 136169   |
----------------------------------
----------------------------------
| rollout/            |          |
|    ep_len_mean      | 3.08e+03 |
|    ep_rew_mean      | 385      |
|    exploration_rate | 0.01     |
| time/               |          |
|    episodes         | 3016     |
|    fps              | 747      |
|    time_elapsed     | 864      |
|    total_timesteps  | 645790   |
| train/              |          |
|    learning_rate    | 0.0001   |
|    loss             | 0.0299   |
|    n_updates        | 136447   |
----------------------------------
----------------------------------
| rollout/            |          |
|    ep_len_mean      | 3.1e+03  |
|    ep_rew_mean      | 389      |
|    exploration_rate | 0.01     |
| time/               |          |
|    episodes         | 3020     |
|    fps              | 747      |
|    time_elapsed     | 866      |
|    total_timesteps  | 647396   |
| train/              |          |
|    learning_rate    | 0.0001   |
|    loss             | 0.0174   |
|    n_updates        | 136848   |
----------------------------------
----------------------------------
| rollout/            |          |
|    ep_len_mean      | 3.1e+03  |
|    ep_rew_mean      | 392      |
|    exploration_rate | 0.01     |
| time/               |          |
|    episodes         | 3024     |
|    fps              | 747      |
|    time_elapsed     | 867      |
|    total_timesteps  | 648269   |
| train/              |          |
|    learning_rate    | 0.0001   |
|    loss             | 0.0612   |
|    n_updates        | 137067   |
----------------------------------
Eval num_timesteps=650000, episode_reward=429.00 +/- 187.49
Episode length: 2972.40 +/- 566.60
----------------------------------
| eval/               |          |
|    mean_ep_length   | 2.97e+03 |
|    mean_reward      | 429      |
| rollout/            |          |
|    exploration_rate | 0.01     |
| time/               |          |
|    total_timesteps  | 650000   |
| train/              |          |
|    learning_rate    | 0.0001   |
|    loss             | 0.0293   |
|    n_updates        | 137499   |
----------------------------------
----------------------------------
| rollout/            |          |
|    ep_len_mean      | 3.14e+03 |
|    ep_rew_mean      | 396      |
|    exploration_rate | 0.01     |
| time/               |          |
|    episodes         | 3028     |
|    fps              | 744      |
|    time_elapsed     | 873      |
|    total_timesteps  | 650039   |
| train/              |          |
|    learning_rate    | 0.0001   |
|    loss             | 0.0354   |
|    n_updates        | 137509   |
----------------------------------
----------------------------------
| rollout/            |          |
|    ep_len_mean      | 3.14e+03 |
|    ep_rew_mean      | 398      |
|    exploration_rate | 0.01     |
| time/               |          |
|    episodes         | 3032     |
|    fps              | 744      |
|    time_elapsed     | 874      |
|    total_timesteps  | 651222   |
| train/              |          |
|    learning_rate    | 0.0001   |
|    loss             | 0.0188   |
|    n_updates        | 137805   |
----------------------------------
----------------------------------
| rollout/            |          |
|    ep_len_mean      | 3.17e+03 |
|    ep_rew_mean      | 403      |
|    exploration_rate | 0.01     |
| time/               |          |
|    episodes         | 3036     |
|    fps              | 744      |
|    time_elapsed     | 876      |
|    total_timesteps  | 652393   |
| train/              |          |
|    learning_rate    | 0.0001   |
|    loss             | 0.0217   |
|    n_updates        | 138098   |
----------------------------------
----------------------------------
| rollout/            |          |
|    ep_len_mean      | 3.21e+03 |
|    ep_rew_mean      | 408      |
|    exploration_rate | 0.01     |
| time/               |          |
|    episodes         | 3040     |
|    fps              | 744      |
|    time_elapsed     | 878      |
|    total_timesteps  | 653858   |
| train/              |          |
|    learning_rate    | 0.0001   |
|    loss             | 0.0167   |
|    n_updates        | 138464   |
----------------------------------
----------------------------------
| rollout/            |          |
|    ep_len_mean      | 3.22e+03 |
|    ep_rew_mean      | 412      |
|    exploration_rate | 0.01     |
| time/               |          |
|    episodes         | 3044     |
|    fps              | 744      |
|    time_elapsed     | 879      |
|    total_timesteps  | 654950   |
| train/              |          |
|    learning_rate    | 0.0001   |
|    loss             | 0.0317   |
|    n_updates        | 138737   |
----------------------------------
----------------------------------
| rollout/            |          |
|    ep_len_mean      | 3.23e+03 |
|    ep_rew_mean      | 410      |
|    exploration_rate | 0.01     |
| time/               |          |
|    episodes         | 3048     |
|    fps              | 744      |
|    time_elapsed     | 881      |
|    total_timesteps  | 656063   |
| train/              |          |
|    learning_rate    | 0.0001   |
|    loss             | 0.0331   |
|    n_updates        | 139015   |
----------------------------------
----------------------------------
| rollout/            |          |
|    ep_len_mean      | 3.25e+03 |
|    ep_rew_mean      | 414      |
|    exploration_rate | 0.01     |
| time/               |          |
|    episodes         | 3052     |
|    fps              | 744      |
|    time_elapsed     | 883      |
|    total_timesteps  | 657368   |
| train/              |          |
|    learning_rate    | 0.0001   |
|    loss             | 0.0239   |
|    n_updates        | 139341   |
----------------------------------
----------------------------------
| rollout/            |          |
|    ep_len_mean      | 3.24e+03 |
|    ep_rew_mean      | 416      |
|    exploration_rate | 0.01     |
| time/               |          |
|    episodes         | 3056     |
|    fps              | 744      |
|    time_elapsed     | 885      |
|    total_timesteps  | 658979   |
| train/              |          |
|    learning_rate    | 0.0001   |
|    loss             | 0.0356   |
|    n_updates        | 139744   |
----------------------------------
----------------------------------
| rollout/            |          |
|    ep_len_mean      | 3.24e+03 |
|    ep_rew_mean      | 412      |
|    exploration_rate | 0.01     |
| time/               |          |
|    episodes         | 3060     |
|    fps              | 744      |
|    time_elapsed     | 886      |
|    total_timesteps  | 659812   |
| train/              |          |
|    learning_rate    | 0.0001   |
|    loss             | 0.0246   |
|    n_updates        | 139952   |
----------------------------------
----------------------------------
| rollout/            |          |
|    ep_len_mean      | 3.24e+03 |
|    ep_rew_mean      | 413      |
|    exploration_rate | 0.01     |
| time/               |          |
|    episodes         | 3064     |
|    fps              | 744      |
|    time_elapsed     | 887      |
|    total_timesteps  | 660888   |
| train/              |          |
|    learning_rate    | 0.0001   |
|    loss             | 0.0252   |
|    n_updates        | 140221   |
----------------------------------
----------------------------------
| rollout/            |          |
|    ep_len_mean      | 3.24e+03 |
|    ep_rew_mean      | 414      |
|    exploration_rate | 0.01     |
| time/               |          |
|    episodes         | 3068     |
|    fps              | 744      |
|    time_elapsed     | 889      |
|    total_timesteps  | 661852   |
| train/              |          |
|    learning_rate    | 0.0001   |
|    loss             | 0.0156   |
|    n_updates        | 140462   |
----------------------------------
----------------------------------
| rollout/            |          |
|    ep_len_mean      | 3.23e+03 |
|    ep_rew_mean      | 414      |
|    exploration_rate | 0.01     |
| time/               |          |
|    episodes         | 3072     |
|    fps              | 744      |
|    time_elapsed     | 890      |
|    total_timesteps  | 662679   |
| train/              |          |
|    learning_rate    | 0.0001   |
|    loss             | 0.0287   |
|    n_updates        | 140669   |
----------------------------------
----------------------------------
| rollout/            |          |
|    ep_len_mean      | 3.25e+03 |
|    ep_rew_mean      | 414      |
|    exploration_rate | 0.01     |
| time/               |          |
|    episodes         | 3076     |
|    fps              | 744      |
|    time_elapsed     | 891      |
|    total_timesteps  | 663959   |
| train/              |          |
|    learning_rate    | 0.0001   |
|    loss             | 0.0203   |
|    n_updates        | 140989   |
----------------------------------
----------------------------------
| rollout/            |          |
|    ep_len_mean      | 3.27e+03 |
|    ep_rew_mean      | 419      |
|    exploration_rate | 0.01     |
| time/               |          |
|    episodes         | 3080     |
|    fps              | 744      |
|    time_elapsed     | 894      |
|    total_timesteps  | 665508   |
| train/              |          |
|    learning_rate    | 0.0001   |
|    loss             | 0.0799   |
|    n_updates        | 141376   |
----------------------------------
----------------------------------
| rollout/            |          |
|    ep_len_mean      | 3.29e+03 |
|    ep_rew_mean      | 424      |
|    exploration_rate | 0.01     |
| time/               |          |
|    episodes         | 3084     |
|    fps              | 744      |
|    time_elapsed     | 895      |
|    total_timesteps  | 666757   |
| train/              |          |
|    learning_rate    | 0.0001   |
|    loss             | 0.0574   |
|    n_updates        | 141689   |
----------------------------------
----------------------------------
| rollout/            |          |
|    ep_len_mean      | 3.29e+03 |
|    ep_rew_mean      | 426      |
|    exploration_rate | 0.01     |
| time/               |          |
|    episodes         | 3088     |
|    fps              | 744      |
|    time_elapsed     | 896      |
|    total_timesteps  | 667290   |
| train/              |          |
|    learning_rate    | 0.0001   |
|    loss             | 0.0156   |
|    n_updates        | 141822   |
----------------------------------
----------------------------------
| rollout/            |          |
|    ep_len_mean      | 3.29e+03 |
|    ep_rew_mean      | 427      |
|    exploration_rate | 0.01     |
| time/               |          |
|    episodes         | 3092     |
|    fps              | 744      |
|    time_elapsed     | 898      |
|    total_timesteps  | 668408   |
| train/              |          |
|    learning_rate    | 0.0001   |
|    loss             | 0.0275   |
|    n_updates        | 142101   |
----------------------------------
----------------------------------
| rollout/            |          |
|    ep_len_mean      | 3.31e+03 |
|    ep_rew_mean      | 430      |
|    exploration_rate | 0.01     |
| time/               |          |
|    episodes         | 3096     |
|    fps              | 744      |
|    time_elapsed     | 899      |
|    total_timesteps  | 669639   |
| train/              |          |
|    learning_rate    | 0.0001   |
|    loss             | 0.0307   |
|    n_updates        | 142409   |
----------------------------------
----------------------------------
| rollout/            |          |
|    ep_len_mean      | 3.32e+03 |
|    ep_rew_mean      | 433      |
|    exploration_rate | 0.01     |
| time/               |          |
|    episodes         | 3100     |
|    fps              | 744      |
|    time_elapsed     | 902      |
|    total_timesteps  | 671407   |
| train/              |          |
|    learning_rate    | 0.0001   |
|    loss             | 0.0342   |
|    n_updates        | 142851   |
----------------------------------
----------------------------------
| rollout/            |          |
|    ep_len_mean      | 3.33e+03 |
|    ep_rew_mean      | 436      |
|    exploration_rate | 0.01     |
| time/               |          |
|    episodes         | 3104     |
|    fps              | 744      |
|    time_elapsed     | 903      |
|    total_timesteps  | 672455   |
| train/              |          |
|    learning_rate    | 0.0001   |
|    loss             | 0.0173   |
|    n_updates        | 143113   |
----------------------------------
----------------------------------
| rollout/            |          |
|    ep_len_mean      | 3.34e+03 |
|    ep_rew_mean      | 436      |
|    exploration_rate | 0.01     |
| time/               |          |
|    episodes         | 3108     |
|    fps              | 744      |
|    time_elapsed     | 904      |
|    total_timesteps  | 673399   |
| train/              |          |
|    learning_rate    | 0.0001   |
|    loss             | 0.0192   |
|    n_updates        | 143349   |
----------------------------------
----------------------------------
| rollout/            |          |
|    ep_len_mean      | 3.34e+03 |
|    ep_rew_mean      | 436      |
|    exploration_rate | 0.01     |
| time/               |          |
|    episodes         | 3112     |
|    fps              | 744      |
|    time_elapsed     | 906      |
|    total_timesteps  | 674313   |
| train/              |          |
|    learning_rate    | 0.0001   |
|    loss             | 0.0216   |
|    n_updates        | 143578   |
----------------------------------
Eval num_timesteps=675000, episode_reward=379.00 +/- 93.56
Episode length: 2590.20 +/- 471.44
----------------------------------
| eval/               |          |
|    mean_ep_length   | 2.59e+03 |
|    mean_reward      | 379      |
| rollout/            |          |
|    exploration_rate | 0.01     |
| time/               |          |
|    total_timesteps  | 675000   |
| train/              |          |
|    learning_rate    | 0.0001   |
|    loss             | 0.0128   |
|    n_updates        | 143749   |
----------------------------------
----------------------------------
| rollout/            |          |
|    ep_len_mean      | 3.35e+03 |
|    ep_rew_mean      | 440      |
|    exploration_rate | 0.01     |
| time/               |          |
|    episodes         | 3116     |
|    fps              | 741      |
|    time_elapsed     | 910      |
|    total_timesteps  | 675460   |
| train/              |          |
|    learning_rate    | 0.0001   |
|    loss             | 0.0776   |
|    n_updates        | 143864   |
----------------------------------
----------------------------------
| rollout/            |          |
|    ep_len_mean      | 3.34e+03 |
|    ep_rew_mean      | 438      |
|    exploration_rate | 0.01     |
| time/               |          |
|    episodes         | 3120     |
|    fps              | 741      |
|    time_elapsed     | 912      |
|    total_timesteps  | 676871   |
| train/              |          |
|    learning_rate    | 0.0001   |
|    loss             | 0.0154   |
|    n_updates        | 144217   |
----------------------------------
----------------------------------
| rollout/            |          |
|    ep_len_mean      | 3.32e+03 |
|    ep_rew_mean      | 436      |
|    exploration_rate | 0.01     |
| time/               |          |
|    episodes         | 3124     |
|    fps              | 741      |
|    time_elapsed     | 913      |
|    total_timesteps  | 677987   |
| train/              |          |
|    learning_rate    | 0.0001   |
|    loss             | 0.0592   |
|    n_updates        | 144496   |
----------------------------------
----------------------------------
| rollout/            |          |
|    ep_len_mean      | 3.34e+03 |
|    ep_rew_mean      | 436      |
|    exploration_rate | 0.01     |
| time/               |          |
|    episodes         | 3128     |
|    fps              | 741      |
|    time_elapsed     | 915      |
|    total_timesteps  | 679087   |
| train/              |          |
|    learning_rate    | 0.0001   |
|    loss             | 0.0266   |
|    n_updates        | 144771   |
----------------------------------
----------------------------------
| rollout/            |          |
|    ep_len_mean      | 3.36e+03 |
|    ep_rew_mean      | 438      |
|    exploration_rate | 0.01     |
| time/               |          |
|    episodes         | 3132     |
|    fps              | 741      |
|    time_elapsed     | 916      |
|    total_timesteps  | 680256   |
| train/              |          |
|    learning_rate    | 0.0001   |
|    loss             | 0.0302   |
|    n_updates        | 145063   |
----------------------------------
----------------------------------
| rollout/            |          |
|    ep_len_mean      | 3.37e+03 |
|    ep_rew_mean      | 439      |
|    exploration_rate | 0.01     |
| time/               |          |
|    episodes         | 3136     |
|    fps              | 741      |
|    time_elapsed     | 918      |
|    total_timesteps  | 681302   |
| train/              |          |
|    learning_rate    | 0.0001   |
|    loss             | 0.013    |
|    n_updates        | 145325   |
----------------------------------
----------------------------------
| rollout/            |          |
|    ep_len_mean      | 3.34e+03 |
|    ep_rew_mean      | 436      |
|    exploration_rate | 0.01     |
| time/               |          |
|    episodes         | 3140     |
|    fps              | 741      |
|    time_elapsed     | 919      |
|    total_timesteps  | 681840   |
| train/              |          |
|    learning_rate    | 0.0001   |
|    loss             | 0.0154   |
|    n_updates        | 145459   |
----------------------------------
----------------------------------
| rollout/            |          |
|    ep_len_mean      | 3.31e+03 |
|    ep_rew_mean      | 431      |
|    exploration_rate | 0.01     |
| time/               |          |
|    episodes         | 3144     |
|    fps              | 741      |
|    time_elapsed     | 919      |
|    total_timesteps  | 682367   |
| train/              |          |
|    learning_rate    | 0.0001   |
|    loss             | 0.0218   |
|    n_updates        | 145591   |
----------------------------------
----------------------------------
| rollout/            |          |
|    ep_len_mean      | 3.31e+03 |
|    ep_rew_mean      | 431      |
|    exploration_rate | 0.01     |
| time/               |          |
|    episodes         | 3148     |
|    fps              | 741      |
|    time_elapsed     | 921      |
|    total_timesteps  | 683301   |
| train/              |          |
|    learning_rate    | 0.0001   |
|    loss             | 0.042    |
|    n_updates        | 145825   |
----------------------------------
----------------------------------
| rollout/            |          |
|    ep_len_mean      | 3.29e+03 |
|    ep_rew_mean      | 429      |
|    exploration_rate | 0.01     |
| time/               |          |
|    episodes         | 3152     |
|    fps              | 741      |
|    time_elapsed     | 922      |
|    total_timesteps  | 684600   |
| train/              |          |
|    learning_rate    | 0.0001   |
|    loss             | 0.0397   |
|    n_updates        | 146149   |
----------------------------------
----------------------------------
| rollout/            |          |
|    ep_len_mean      | 3.3e+03  |
|    ep_rew_mean      | 429      |
|    exploration_rate | 0.01     |
| time/               |          |
|    episodes         | 3156     |
|    fps              | 741      |
|    time_elapsed     | 923      |
|    total_timesteps  | 685265   |
| train/              |          |
|    learning_rate    | 0.0001   |
|    loss             | 0.0114   |
|    n_updates        | 146316   |
----------------------------------
----------------------------------
| rollout/            |          |
|    ep_len_mean      | 3.29e+03 |
|    ep_rew_mean      | 430      |
|    exploration_rate | 0.01     |
| time/               |          |
|    episodes         | 3160     |
|    fps              | 741      |
|    time_elapsed     | 925      |
|    total_timesteps  | 686851   |
| train/              |          |
|    learning_rate    | 0.0001   |
|    loss             | 0.0297   |
|    n_updates        | 146712   |
----------------------------------
----------------------------------
| rollout/            |          |
|    ep_len_mean      | 3.3e+03  |
|    ep_rew_mean      | 431      |
|    exploration_rate | 0.01     |
| time/               |          |
|    episodes         | 3164     |
|    fps              | 741      |
|    time_elapsed     | 926      |
|    total_timesteps  | 687560   |
| train/              |          |
|    learning_rate    | 0.0001   |
|    loss             | 0.0228   |
|    n_updates        | 146889   |
----------------------------------
----------------------------------
| rollout/            |          |
|    ep_len_mean      | 3.31e+03 |
|    ep_rew_mean      | 434      |
|    exploration_rate | 0.01     |
| time/               |          |
|    episodes         | 3168     |
|    fps              | 741      |
|    time_elapsed     | 928      |
|    total_timesteps  | 689088   |
| train/              |          |
|    learning_rate    | 0.0001   |
|    loss             | 0.0179   |
|    n_updates        | 147271   |
----------------------------------
----------------------------------
| rollout/            |          |
|    ep_len_mean      | 3.34e+03 |
|    ep_rew_mean      | 441      |
|    exploration_rate | 0.01     |
| time/               |          |
|    episodes         | 3172     |
|    fps              | 741      |
|    time_elapsed     | 930      |
|    total_timesteps  | 690154   |
| train/              |          |
|    learning_rate    | 0.0001   |
|    loss             | 0.0293   |
|    n_updates        | 147538   |
----------------------------------
----------------------------------
| rollout/            |          |
|    ep_len_mean      | 3.35e+03 |
|    ep_rew_mean      | 440      |
|    exploration_rate | 0.01     |
| time/               |          |
|    episodes         | 3176     |
|    fps              | 741      |
|    time_elapsed     | 931      |
|    total_timesteps  | 691342   |
| train/              |          |
|    learning_rate    | 0.0001   |
|    loss             | 0.0147   |
|    n_updates        | 147835   |
----------------------------------
----------------------------------
| rollout/            |          |
|    ep_len_mean      | 3.34e+03 |
|    ep_rew_mean      | 438      |
|    exploration_rate | 0.01     |
| time/               |          |
|    episodes         | 3180     |
|    fps              | 741      |
|    time_elapsed     | 933      |
|    total_timesteps  | 692554   |
| train/              |          |
|    learning_rate    | 0.0001   |
|    loss             | 0.0251   |
|    n_updates        | 148138   |
----------------------------------
----------------------------------
| rollout/            |          |
|    ep_len_mean      | 3.35e+03 |
|    ep_rew_mean      | 441      |
|    exploration_rate | 0.01     |
| time/               |          |
|    episodes         | 3184     |
|    fps              | 741      |
|    time_elapsed     | 934      |
|    total_timesteps  | 693435   |
| train/              |          |
|    learning_rate    | 0.0001   |
|    loss             | 0.0152   |
|    n_updates        | 148358   |
----------------------------------
----------------------------------
| rollout/            |          |
|    ep_len_mean      | 3.34e+03 |
|    ep_rew_mean      | 441      |
|    exploration_rate | 0.01     |
| time/               |          |
|    episodes         | 3188     |
|    fps              | 741      |
|    time_elapsed     | 935      |
|    total_timesteps  | 694141   |
| train/              |          |
|    learning_rate    | 0.0001   |
|    loss             | 0.0149   |
|    n_updates        | 148535   |
----------------------------------
----------------------------------
| rollout/            |          |
|    ep_len_mean      | 3.35e+03 |
|    ep_rew_mean      | 448      |
|    exploration_rate | 0.01     |
| time/               |          |
|    episodes         | 3192     |
|    fps              | 741      |
|    time_elapsed     | 937      |
|    total_timesteps  | 695340   |
| train/              |          |
|    learning_rate    | 0.0001   |
|    loss             | 0.0258   |
|    n_updates        | 148834   |
----------------------------------
----------------------------------
| rollout/            |          |
|    ep_len_mean      | 3.35e+03 |
|    ep_rew_mean      | 451      |
|    exploration_rate | 0.01     |
| time/               |          |
|    episodes         | 3196     |
|    fps              | 741      |
|    time_elapsed     | 939      |
|    total_timesteps  | 696500   |
| train/              |          |
|    learning_rate    | 0.0001   |
|    loss             | 0.0214   |
|    n_updates        | 149124   |
----------------------------------
----------------------------------
| rollout/            |          |
|    ep_len_mean      | 3.36e+03 |
|    ep_rew_mean      | 455      |
|    exploration_rate | 0.01     |
| time/               |          |
|    episodes         | 3200     |
|    fps              | 741      |
|    time_elapsed     | 940      |
|    total_timesteps  | 697599   |
| train/              |          |
|    learning_rate    | 0.0001   |
|    loss             | 0.0184   |
|    n_updates        | 149399   |
----------------------------------
----------------------------------
| rollout/            |          |
|    ep_len_mean      | 3.36e+03 |
|    ep_rew_mean      | 457      |
|    exploration_rate | 0.01     |
| time/               |          |
|    episodes         | 3204     |
|    fps              | 741      |
|    time_elapsed     | 942      |
|    total_timesteps  | 699257   |
| train/              |          |
|    learning_rate    | 0.0001   |
|    loss             | 0.0197   |
|    n_updates        | 149814   |
----------------------------------
Eval num_timesteps=700000, episode_reward=565.00 +/- 168.70
Episode length: 3258.60 +/- 672.39
----------------------------------
| eval/               |          |
|    mean_ep_length   | 3.26e+03 |
|    mean_reward      | 565      |
| rollout/            |          |
|    exploration_rate | 0.01     |
| time/               |          |
|    total_timesteps  | 700000   |
| train/              |          |
|    learning_rate    | 0.0001   |
|    loss             | 0.0356   |
|    n_updates        | 149999   |
----------------------------------
----------------------------------
| rollout/            |          |
|    ep_len_mean      | 3.37e+03 |
|    ep_rew_mean      | 459      |
|    exploration_rate | 0.01     |
| time/               |          |
|    episodes         | 3208     |
|    fps              | 739      |
|    time_elapsed     | 947      |
|    total_timesteps  | 700413   |
| train/              |          |
|    learning_rate    | 0.0001   |
|    loss             | 0.0397   |
|    n_updates        | 150103   |
----------------------------------
----------------------------------
| rollout/            |          |
|    ep_len_mean      | 3.39e+03 |
|    ep_rew_mean      | 458      |
|    exploration_rate | 0.01     |
| time/               |          |
|    episodes         | 3212     |
|    fps              | 739      |
|    time_elapsed     | 949      |
|    total_timesteps  | 701767   |
| train/              |          |
|    learning_rate    | 0.0001   |
|    loss             | 0.0381   |
|    n_updates        | 150441   |
----------------------------------
----------------------------------
| rollout/            |          |
|    ep_len_mean      | 3.4e+03  |
|    ep_rew_mean      | 462      |
|    exploration_rate | 0.01     |
| time/               |          |
|    episodes         | 3216     |
|    fps              | 739      |
|    time_elapsed     | 951      |
|    total_timesteps  | 703420   |
| train/              |          |
|    learning_rate    | 0.0001   |
|    loss             | 0.0199   |
|    n_updates        | 150854   |
----------------------------------
----------------------------------
| rollout/            |          |
|    ep_len_mean      | 3.37e+03 |
|    ep_rew_mean      | 456      |
|    exploration_rate | 0.01     |
| time/               |          |
|    episodes         | 3220     |
|    fps              | 739      |
|    time_elapsed     | 952      |
|    total_timesteps  | 704198   |
| train/              |          |
|    learning_rate    | 0.0001   |
|    loss             | 0.0262   |
|    n_updates        | 151049   |
----------------------------------
----------------------------------
| rollout/            |          |
|    ep_len_mean      | 3.35e+03 |
|    ep_rew_mean      | 454      |
|    exploration_rate | 0.01     |
| time/               |          |
|    episodes         | 3224     |
|    fps              | 739      |
|    time_elapsed     | 954      |
|    total_timesteps  | 705177   |
| train/              |          |
|    learning_rate    | 0.0001   |
|    loss             | 0.0172   |
|    n_updates        | 151294   |
----------------------------------
----------------------------------
| rollout/            |          |
|    ep_len_mean      | 3.38e+03 |
|    ep_rew_mean      | 461      |
|    exploration_rate | 0.01     |
| time/               |          |
|    episodes         | 3228     |
|    fps              | 739      |
|    time_elapsed     | 956      |
|    total_timesteps  | 706682   |
| train/              |          |
|    learning_rate    | 0.0001   |
|    loss             | 0.0274   |
|    n_updates        | 151670   |
----------------------------------
----------------------------------
| rollout/            |          |
|    ep_len_mean      | 3.38e+03 |
|    ep_rew_mean      | 463      |
|    exploration_rate | 0.01     |
| time/               |          |
|    episodes         | 3232     |
|    fps              | 739      |
|    time_elapsed     | 957      |
|    total_timesteps  | 707895   |
| train/              |          |
|    learning_rate    | 0.0001   |
|    loss             | 0.0187   |
|    n_updates        | 151973   |
----------------------------------
----------------------------------
| rollout/            |          |
|    ep_len_mean      | 3.38e+03 |
|    ep_rew_mean      | 459      |
|    exploration_rate | 0.01     |
| time/               |          |
|    episodes         | 3236     |
|    fps              | 739      |
|    time_elapsed     | 960      |
|    total_timesteps  | 709694   |
| train/              |          |
|    learning_rate    | 0.0001   |
|    loss             | 0.0325   |
|    n_updates        | 152423   |
----------------------------------
----------------------------------
| rollout/            |          |
|    ep_len_mean      | 3.4e+03  |
|    ep_rew_mean      | 463      |
|    exploration_rate | 0.01     |
| time/               |          |
|    episodes         | 3240     |
|    fps              | 739      |
|    time_elapsed     | 961      |
|    total_timesteps  | 710909   |
| train/              |          |
|    learning_rate    | 0.0001   |
|    loss             | 0.0156   |
|    n_updates        | 152727   |
----------------------------------
----------------------------------
| rollout/            |          |
|    ep_len_mean      | 3.41e+03 |
|    ep_rew_mean      | 464      |
|    exploration_rate | 0.01     |
| time/               |          |
|    episodes         | 3244     |
|    fps              | 738      |
|    time_elapsed     | 963      |
|    total_timesteps  | 711856   |
| train/              |          |
|    learning_rate    | 0.0001   |
|    loss             | 0.0154   |
|    n_updates        | 152963   |
----------------------------------
----------------------------------
| rollout/            |          |
|    ep_len_mean      | 3.39e+03 |
|    ep_rew_mean      | 463      |
|    exploration_rate | 0.01     |
| time/               |          |
|    episodes         | 3248     |
|    fps              | 738      |
|    time_elapsed     | 964      |
|    total_timesteps  | 712960   |
| train/              |          |
|    learning_rate    | 0.0001   |
|    loss             | 0.0276   |
|    n_updates        | 153239   |
----------------------------------
----------------------------------
| rollout/            |          |
|    ep_len_mean      | 3.38e+03 |
|    ep_rew_mean      | 460      |
|    exploration_rate | 0.01     |
| time/               |          |
|    episodes         | 3252     |
|    fps              | 738      |
|    time_elapsed     | 965      |
|    total_timesteps  | 713695   |
| train/              |          |
|    learning_rate    | 0.0001   |
|    loss             | 0.0725   |
|    n_updates        | 153423   |
----------------------------------
----------------------------------
| rollout/            |          |
|    ep_len_mean      | 3.37e+03 |
|    ep_rew_mean      | 462      |
|    exploration_rate | 0.01     |
| time/               |          |
|    episodes         | 3256     |
|    fps              | 738      |
|    time_elapsed     | 968      |
|    total_timesteps  | 715405   |
| train/              |          |
|    learning_rate    | 0.0001   |
|    loss             | 0.0365   |
|    n_updates        | 153851   |
----------------------------------
----------------------------------
| rollout/            |          |
|    ep_len_mean      | 3.39e+03 |
|    ep_rew_mean      | 468      |
|    exploration_rate | 0.01     |
| time/               |          |
|    episodes         | 3260     |
|    fps              | 738      |
|    time_elapsed     | 969      |
|    total_timesteps  | 716344   |
| train/              |          |
|    learning_rate    | 0.0001   |
|    loss             | 0.0446   |
|    n_updates        | 154085   |
----------------------------------
----------------------------------
| rollout/            |          |
|    ep_len_mean      | 3.39e+03 |
|    ep_rew_mean      | 468      |
|    exploration_rate | 0.01     |
| time/               |          |
|    episodes         | 3264     |
|    fps              | 738      |
|    time_elapsed     | 970      |
|    total_timesteps  | 717229   |
| train/              |          |
|    learning_rate    | 0.0001   |
|    loss             | 0.0538   |
|    n_updates        | 154307   |
----------------------------------
----------------------------------
| rollout/            |          |
|    ep_len_mean      | 3.4e+03  |
|    ep_rew_mean      | 471      |
|    exploration_rate | 0.01     |
| time/               |          |
|    episodes         | 3268     |
|    fps              | 738      |
|    time_elapsed     | 972      |
|    total_timesteps  | 718481   |
| train/              |          |
|    learning_rate    | 0.0001   |
|    loss             | 0.0344   |
|    n_updates        | 154620   |
----------------------------------
----------------------------------
| rollout/            |          |
|    ep_len_mean      | 3.39e+03 |
|    ep_rew_mean      | 471      |
|    exploration_rate | 0.01     |
| time/               |          |
|    episodes         | 3272     |
|    fps              | 738      |
|    time_elapsed     | 973      |
|    total_timesteps  | 719714   |
| train/              |          |
|    learning_rate    | 0.0001   |
|    loss             | 0.0109   |
|    n_updates        | 154928   |
----------------------------------
----------------------------------
| rollout/            |          |
|    ep_len_mean      | 3.39e+03 |
|    ep_rew_mean      | 472      |
|    exploration_rate | 0.01     |
| time/               |          |
|    episodes         | 3276     |
|    fps              | 738      |
|    time_elapsed     | 975      |
|    total_timesteps  | 720570   |
| train/              |          |
|    learning_rate    | 0.0001   |
|    loss             | 0.0175   |
|    n_updates        | 155142   |
----------------------------------
----------------------------------
| rollout/            |          |
|    ep_len_mean      | 3.4e+03  |
|    ep_rew_mean      | 476      |
|    exploration_rate | 0.01     |
| time/               |          |
|    episodes         | 3280     |
|    fps              | 738      |
|    time_elapsed     | 977      |
|    total_timesteps  | 722418   |
| train/              |          |
|    learning_rate    | 0.0001   |
|    loss             | 0.0251   |
|    n_updates        | 155604   |
----------------------------------
----------------------------------
| rollout/            |          |
|    ep_len_mean      | 3.44e+03 |
|    ep_rew_mean      | 484      |
|    exploration_rate | 0.01     |
| time/               |          |
|    episodes         | 3284     |
|    fps              | 738      |
|    time_elapsed     | 979      |
|    total_timesteps  | 724108   |
| train/              |          |
|    learning_rate    | 0.0001   |
|    loss             | 0.0249   |
|    n_updates        | 156026   |
----------------------------------
Eval num_timesteps=725000, episode_reward=638.00 +/- 134.71
Episode length: 4271.00 +/- 851.53
----------------------------------
| eval/               |          |
|    mean_ep_length   | 4.27e+03 |
|    mean_reward      | 638      |
| rollout/            |          |
|    exploration_rate | 0.01     |
| time/               |          |
|    total_timesteps  | 725000   |
| train/              |          |
|    learning_rate    | 0.0001   |
|    loss             | 0.022    |
|    n_updates        | 156249   |
----------------------------------
----------------------------------
| rollout/            |          |
|    ep_len_mean      | 3.43e+03 |
|    ep_rew_mean      | 483      |
|    exploration_rate | 0.01     |
| time/               |          |
|    episodes         | 3288     |
|    fps              | 735      |
|    time_elapsed     | 985      |
|    total_timesteps  | 725203   |
| train/              |          |
|    learning_rate    | 0.0001   |
|    loss             | 0.0246   |
|    n_updates        | 156300   |
----------------------------------
----------------------------------
| rollout/            |          |
|    ep_len_mean      | 3.43e+03 |
|    ep_rew_mean      | 483      |
|    exploration_rate | 0.01     |
| time/               |          |
|    episodes         | 3292     |
|    fps              | 735      |
|    time_elapsed     | 987      |
|    total_timesteps  | 726651   |
| train/              |          |
|    learning_rate    | 0.0001   |
|    loss             | 0.0196   |
|    n_updates        | 156662   |
----------------------------------
----------------------------------
| rollout/            |          |
|    ep_len_mean      | 3.44e+03 |
|    ep_rew_mean      | 485      |
|    exploration_rate | 0.01     |
| time/               |          |
|    episodes         | 3296     |
|    fps              | 735      |
|    time_elapsed     | 989      |
|    total_timesteps  | 727627   |
| train/              |          |
|    learning_rate    | 0.0001   |
|    loss             | 0.0347   |
|    n_updates        | 156906   |
----------------------------------
----------------------------------
| rollout/            |          |
|    ep_len_mean      | 3.45e+03 |
|    ep_rew_mean      | 489      |
|    exploration_rate | 0.01     |
| time/               |          |
|    episodes         | 3300     |
|    fps              | 735      |
|    time_elapsed     | 990      |
|    total_timesteps  | 729006   |
| train/              |          |
|    learning_rate    | 0.0001   |
|    loss             | 0.0434   |
|    n_updates        | 157251   |
----------------------------------
----------------------------------
| rollout/            |          |
|    ep_len_mean      | 3.46e+03 |
|    ep_rew_mean      | 491      |
|    exploration_rate | 0.01     |
| time/               |          |
|    episodes         | 3304     |
|    fps              | 735      |
|    time_elapsed     | 993      |
|    total_timesteps  | 730505   |
| train/              |          |
|    learning_rate    | 0.0001   |
|    loss             | 0.0129   |
|    n_updates        | 157626   |
----------------------------------
----------------------------------
| rollout/            |          |
|    ep_len_mean      | 3.47e+03 |
|    ep_rew_mean      | 494      |
|    exploration_rate | 0.01     |
| time/               |          |
|    episodes         | 3308     |
|    fps              | 735      |
|    time_elapsed     | 995      |
|    total_timesteps  | 732067   |
| train/              |          |
|    learning_rate    | 0.0001   |
|    loss             | 0.0225   |
|    n_updates        | 158016   |
----------------------------------
----------------------------------
| rollout/            |          |
|    ep_len_mean      | 3.46e+03 |
|    ep_rew_mean      | 490      |
|    exploration_rate | 0.01     |
| time/               |          |
|    episodes         | 3312     |
|    fps              | 735      |
|    time_elapsed     | 997      |
|    total_timesteps  | 733556   |
| train/              |          |
|    learning_rate    | 0.0001   |
|    loss             | 0.0432   |
|    n_updates        | 158388   |
----------------------------------
----------------------------------
| rollout/            |          |
|    ep_len_mean      | 3.43e+03 |
|    ep_rew_mean      | 491      |
|    exploration_rate | 0.01     |
| time/               |          |
|    episodes         | 3316     |
|    fps              | 735      |
|    time_elapsed     | 998      |
|    total_timesteps  | 734316   |
| train/              |          |
|    learning_rate    | 0.0001   |
|    loss             | 0.0337   |
|    n_updates        | 158578   |
----------------------------------
----------------------------------
| rollout/            |          |
|    ep_len_mean      | 3.43e+03 |
|    ep_rew_mean      | 490      |
|    exploration_rate | 0.01     |
| time/               |          |
|    episodes         | 3320     |
|    fps              | 735      |
|    time_elapsed     | 999      |
|    total_timesteps  | 735188   |
| train/              |          |
|    learning_rate    | 0.0001   |
|    loss             | 0.025    |
|    n_updates        | 158796   |
----------------------------------
----------------------------------
| rollout/            |          |
|    ep_len_mean      | 3.43e+03 |
|    ep_rew_mean      | 490      |
|    exploration_rate | 0.01     |
| time/               |          |
|    episodes         | 3324     |
|    fps              | 735      |
|    time_elapsed     | 1001     |
|    total_timesteps  | 737034   |
| train/              |          |
|    learning_rate    | 0.0001   |
|    loss             | 0.0168   |
|    n_updates        | 159258   |
----------------------------------
----------------------------------
| rollout/            |          |
|    ep_len_mean      | 3.42e+03 |
|    ep_rew_mean      | 489      |
|    exploration_rate | 0.01     |
| time/               |          |
|    episodes         | 3328     |
|    fps              | 735      |
|    time_elapsed     | 1003     |
|    total_timesteps  | 738409   |
| train/              |          |
|    learning_rate    | 0.0001   |
|    loss             | 0.0358   |
|    n_updates        | 159602   |
----------------------------------
----------------------------------
| rollout/            |          |
|    ep_len_mean      | 3.41e+03 |
|    ep_rew_mean      | 484      |
|    exploration_rate | 0.01     |
| time/               |          |
|    episodes         | 3332     |
|    fps              | 735      |
|    time_elapsed     | 1005     |
|    total_timesteps  | 739566   |
| train/              |          |
|    learning_rate    | 0.0001   |
|    loss             | 0.0591   |
|    n_updates        | 159891   |
----------------------------------
----------------------------------
| rollout/            |          |
|    ep_len_mean      | 3.42e+03 |
|    ep_rew_mean      | 489      |
|    exploration_rate | 0.01     |
| time/               |          |
|    episodes         | 3336     |
|    fps              | 735      |
|    time_elapsed     | 1007     |
|    total_timesteps  | 741198   |
| train/              |          |
|    learning_rate    | 0.0001   |
|    loss             | 0.0312   |
|    n_updates        | 160299   |
----------------------------------
----------------------------------
| rollout/            |          |
|    ep_len_mean      | 3.41e+03 |
|    ep_rew_mean      | 485      |
|    exploration_rate | 0.01     |
| time/               |          |
|    episodes         | 3340     |
|    fps              | 735      |
|    time_elapsed     | 1008     |
|    total_timesteps  | 742199   |
| train/              |          |
|    learning_rate    | 0.0001   |
|    loss             | 0.0288   |
|    n_updates        | 160549   |
----------------------------------
----------------------------------
| rollout/            |          |
|    ep_len_mean      | 3.41e+03 |
|    ep_rew_mean      | 485      |
|    exploration_rate | 0.01     |
| time/               |          |
|    episodes         | 3344     |
|    fps              | 735      |
|    time_elapsed     | 1011     |
|    total_timesteps  | 743838   |
| train/              |          |
|    learning_rate    | 0.0001   |
|    loss             | 0.0273   |
|    n_updates        | 160959   |
----------------------------------
----------------------------------
| rollout/            |          |
|    ep_len_mean      | 3.43e+03 |
|    ep_rew_mean      | 490      |
|    exploration_rate | 0.01     |
| time/               |          |
|    episodes         | 3348     |
|    fps              | 735      |
|    time_elapsed     | 1013     |
|    total_timesteps  | 745340   |
| train/              |          |
|    learning_rate    | 0.0001   |
|    loss             | 0.0185   |
|    n_updates        | 161334   |
----------------------------------
----------------------------------
| rollout/            |          |
|    ep_len_mean      | 3.46e+03 |
|    ep_rew_mean      | 498      |
|    exploration_rate | 0.01     |
| time/               |          |
|    episodes         | 3352     |
|    fps              | 735      |
|    time_elapsed     | 1014     |
|    total_timesteps  | 746637   |
| train/              |          |
|    learning_rate    | 0.0001   |
|    loss             | 0.0182   |
|    n_updates        | 161659   |
----------------------------------
----------------------------------
| rollout/            |          |
|    ep_len_mean      | 3.46e+03 |
|    ep_rew_mean      | 501      |
|    exploration_rate | 0.01     |
| time/               |          |
|    episodes         | 3356     |
|    fps              | 735      |
|    time_elapsed     | 1016     |
|    total_timesteps  | 747559   |
| train/              |          |
|    learning_rate    | 0.0001   |
|    loss             | 0.0258   |
|    n_updates        | 161889   |
----------------------------------
----------------------------------
| rollout/            |          |
|    ep_len_mean      | 3.48e+03 |
|    ep_rew_mean      | 501      |
|    exploration_rate | 0.01     |
| time/               |          |
|    episodes         | 3360     |
|    fps              | 735      |
|    time_elapsed     | 1019     |
|    total_timesteps  | 749766   |
| train/              |          |
|    learning_rate    | 0.0001   |
|    loss             | 0.0156   |
|    n_updates        | 162441   |
----------------------------------
Eval num_timesteps=750000, episode_reward=397.00 +/- 178.68
Episode length: 3186.00 +/- 589.06
----------------------------------
| eval/               |          |
|    mean_ep_length   | 3.19e+03 |
|    mean_reward      | 397      |
| rollout/            |          |
|    exploration_rate | 0.01     |
| time/               |          |
|    total_timesteps  | 750000   |
| train/              |          |
|    learning_rate    | 0.0001   |
|    loss             | 0.0674   |
|    n_updates        | 162499   |
----------------------------------
----------------------------------
| rollout/            |          |
|    ep_len_mean      | 3.48e+03 |
|    ep_rew_mean      | 504      |
|    exploration_rate | 0.01     |
| time/               |          |
|    episodes         | 3364     |
|    fps              | 733      |
|    time_elapsed     | 1023     |
|    total_timesteps  | 750558   |
| train/              |          |
|    learning_rate    | 0.0001   |
|    loss             | 0.0128   |
|    n_updates        | 162639   |
----------------------------------
----------------------------------
| rollout/            |          |
|    ep_len_mean      | 3.47e+03 |
|    ep_rew_mean      | 502      |
|    exploration_rate | 0.01     |
| time/               |          |
|    episodes         | 3368     |
|    fps              | 733      |
|    time_elapsed     | 1024     |
|    total_timesteps  | 751312   |
| train/              |          |
|    learning_rate    | 0.0001   |
|    loss             | 0.0322   |
|    n_updates        | 162827   |
----------------------------------
----------------------------------
| rollout/            |          |
|    ep_len_mean      | 3.47e+03 |
|    ep_rew_mean      | 500      |
|    exploration_rate | 0.01     |
| time/               |          |
|    episodes         | 3372     |
|    fps              | 733      |
|    time_elapsed     | 1026     |
|    total_timesteps  | 752773   |
| train/              |          |
|    learning_rate    | 0.0001   |
|    loss             | 0.0391   |
|    n_updates        | 163193   |
----------------------------------
----------------------------------
| rollout/            |          |
|    ep_len_mean      | 3.5e+03  |
|    ep_rew_mean      | 503      |
|    exploration_rate | 0.01     |
| time/               |          |
|    episodes         | 3376     |
|    fps              | 733      |
|    time_elapsed     | 1027     |
|    total_timesteps  | 753711   |
| train/              |          |
|    learning_rate    | 0.0001   |
|    loss             | 0.0143   |
|    n_updates        | 163427   |
----------------------------------
----------------------------------
| rollout/            |          |
|    ep_len_mean      | 3.51e+03 |
|    ep_rew_mean      | 502      |
|    exploration_rate | 0.01     |
| time/               |          |
|    episodes         | 3380     |
|    fps              | 733      |
|    time_elapsed     | 1029     |
|    total_timesteps  | 754957   |
| train/              |          |
|    learning_rate    | 0.0001   |
|    loss             | 0.0722   |
|    n_updates        | 163739   |
----------------------------------
----------------------------------
| rollout/            |          |
|    ep_len_mean      | 3.48e+03 |
|    ep_rew_mean      | 498      |
|    exploration_rate | 0.01     |
| time/               |          |
|    episodes         | 3384     |
|    fps              | 733      |
|    time_elapsed     | 1030     |
|    total_timesteps  | 755957   |
| train/              |          |
|    learning_rate    | 0.0001   |
|    loss             | 0.0193   |
|    n_updates        | 163989   |
----------------------------------
----------------------------------
| rollout/            |          |
|    ep_len_mean      | 3.46e+03 |
|    ep_rew_mean      | 495      |
|    exploration_rate | 0.01     |
| time/               |          |
|    episodes         | 3388     |
|    fps              | 733      |
|    time_elapsed     | 1031     |
|    total_timesteps  | 756651   |
| train/              |          |
|    learning_rate    | 0.0001   |
|    loss             | 0.0203   |
|    n_updates        | 164162   |
----------------------------------
----------------------------------
| rollout/            |          |
|    ep_len_mean      | 3.46e+03 |
|    ep_rew_mean      | 495      |
|    exploration_rate | 0.01     |
| time/               |          |
|    episodes         | 3392     |
|    fps              | 733      |
|    time_elapsed     | 1033     |
|    total_timesteps  | 757848   |
| train/              |          |
|    learning_rate    | 0.0001   |
|    loss             | 0.0526   |
|    n_updates        | 164461   |
----------------------------------
----------------------------------
| rollout/            |          |
|    ep_len_mean      | 3.46e+03 |
|    ep_rew_mean      | 498      |
|    exploration_rate | 0.01     |
| time/               |          |
|    episodes         | 3396     |
|    fps              | 733      |
|    time_elapsed     | 1035     |
|    total_timesteps  | 759073   |
| train/              |          |
|    learning_rate    | 0.0001   |
|    loss             | 0.0267   |
|    n_updates        | 164768   |
----------------------------------
----------------------------------
| rollout/            |          |
|    ep_len_mean      | 3.45e+03 |
|    ep_rew_mean      | 496      |
|    exploration_rate | 0.01     |
| time/               |          |
|    episodes         | 3400     |
|    fps              | 733      |
|    time_elapsed     | 1036     |
|    total_timesteps  | 759742   |
| train/              |          |
|    learning_rate    | 0.0001   |
|    loss             | 0.02     |
|    n_updates        | 164935   |
----------------------------------
----------------------------------
| rollout/            |          |
|    ep_len_mean      | 3.44e+03 |
|    ep_rew_mean      | 493      |
|    exploration_rate | 0.01     |
| time/               |          |
|    episodes         | 3404     |
|    fps              | 733      |
|    time_elapsed     | 1037     |
|    total_timesteps  | 760735   |
| train/              |          |
|    learning_rate    | 0.0001   |
|    loss             | 0.0306   |
|    n_updates        | 165183   |
----------------------------------
----------------------------------
| rollout/            |          |
|    ep_len_mean      | 3.46e+03 |
|    ep_rew_mean      | 496      |
|    exploration_rate | 0.01     |
| time/               |          |
|    episodes         | 3408     |
|    fps              | 733      |
|    time_elapsed     | 1039     |
|    total_timesteps  | 762191   |
| train/              |          |
|    learning_rate    | 0.0001   |
|    loss             | 0.0167   |
|    n_updates        | 165547   |
----------------------------------
----------------------------------
| rollout/            |          |
|    ep_len_mean      | 3.47e+03 |
|    ep_rew_mean      | 499      |
|    exploration_rate | 0.01     |
| time/               |          |
|    episodes         | 3412     |
|    fps              | 733      |
|    time_elapsed     | 1042     |
|    total_timesteps  | 764150   |
| train/              |          |
|    learning_rate    | 0.0001   |
|    loss             | 0.0318   |
|    n_updates        | 166037   |
----------------------------------
----------------------------------
| rollout/            |          |
|    ep_len_mean      | 3.48e+03 |
|    ep_rew_mean      | 499      |
|    exploration_rate | 0.01     |
| time/               |          |
|    episodes         | 3416     |
|    fps              | 733      |
|    time_elapsed     | 1043     |
|    total_timesteps  | 765241   |
| train/              |          |
|    learning_rate    | 0.0001   |
|    loss             | 0.0381   |
|    n_updates        | 166310   |
----------------------------------
----------------------------------
| rollout/            |          |
|    ep_len_mean      | 3.46e+03 |
|    ep_rew_mean      | 498      |
|    exploration_rate | 0.01     |
| time/               |          |
|    episodes         | 3420     |
|    fps              | 733      |
|    time_elapsed     | 1045     |
|    total_timesteps  | 766457   |
| train/              |          |
|    learning_rate    | 0.0001   |
|    loss             | 0.085    |
|    n_updates        | 166614   |
----------------------------------
----------------------------------
| rollout/            |          |
|    ep_len_mean      | 3.48e+03 |
|    ep_rew_mean      | 502      |
|    exploration_rate | 0.01     |
| time/               |          |
|    episodes         | 3424     |
|    fps              | 733      |
|    time_elapsed     | 1046     |
|    total_timesteps  | 767381   |
| train/              |          |
|    learning_rate    | 0.0001   |
|    loss             | 0.052    |
|    n_updates        | 166845   |
----------------------------------
----------------------------------
| rollout/            |          |
|    ep_len_mean      | 3.49e+03 |
|    ep_rew_mean      | 506      |
|    exploration_rate | 0.01     |
| time/               |          |
|    episodes         | 3428     |
|    fps              | 733      |
|    time_elapsed     | 1047     |
|    total_timesteps  | 768288   |
| train/              |          |
|    learning_rate    | 0.0001   |
|    loss             | 0.094    |
|    n_updates        | 167071   |
----------------------------------
----------------------------------
| rollout/            |          |
|    ep_len_mean      | 3.51e+03 |
|    ep_rew_mean      | 508      |
|    exploration_rate | 0.01     |
| time/               |          |
|    episodes         | 3432     |
|    fps              | 733      |
|    time_elapsed     | 1049     |
|    total_timesteps  | 769501   |
| train/              |          |
|    learning_rate    | 0.0001   |
|    loss             | 0.0238   |
|    n_updates        | 167375   |
----------------------------------
----------------------------------
| rollout/            |          |
|    ep_len_mean      | 3.56e+03 |
|    ep_rew_mean      | 515      |
|    exploration_rate | 0.01     |
| time/               |          |
|    episodes         | 3436     |
|    fps              | 733      |
|    time_elapsed     | 1051     |
|    total_timesteps  | 771451   |
| train/              |          |
|    learning_rate    | 0.0001   |
|    loss             | 0.0173   |
|    n_updates        | 167862   |
----------------------------------
----------------------------------
| rollout/            |          |
|    ep_len_mean      | 3.57e+03 |
|    ep_rew_mean      | 517      |
|    exploration_rate | 0.01     |
| time/               |          |
|    episodes         | 3440     |
|    fps              | 733      |
|    time_elapsed     | 1054     |
|    total_timesteps  | 773295   |
| train/              |          |
|    learning_rate    | 0.0001   |
|    loss             | 0.0278   |
|    n_updates        | 168323   |
----------------------------------
----------------------------------
| rollout/            |          |
|    ep_len_mean      | 3.59e+03 |
|    ep_rew_mean      | 517      |
|    exploration_rate | 0.01     |
| time/               |          |
|    episodes         | 3444     |
|    fps              | 733      |
|    time_elapsed     | 1056     |
|    total_timesteps  | 774482   |
| train/              |          |
|    learning_rate    | 0.0001   |
|    loss             | 0.0543   |
|    n_updates        | 168620   |
----------------------------------
Eval num_timesteps=775000, episode_reward=589.00 +/- 132.87
Episode length: 3934.80 +/- 1186.59
----------------------------------
| eval/               |          |
|    mean_ep_length   | 3.93e+03 |
|    mean_reward      | 589      |
| rollout/            |          |
|    exploration_rate | 0.01     |
| time/               |          |
|    total_timesteps  | 775000   |
| train/              |          |
|    learning_rate    | 0.0001   |
|    loss             | 0.0437   |
|    n_updates        | 168749   |
----------------------------------
----------------------------------
| rollout/            |          |
|    ep_len_mean      | 3.58e+03 |
|    ep_rew_mean      | 515      |
|    exploration_rate | 0.01     |
| time/               |          |
|    episodes         | 3448     |
|    fps              | 730      |
|    time_elapsed     | 1062     |
|    total_timesteps  | 776249   |
| train/              |          |
|    learning_rate    | 0.0001   |
|    loss             | 0.0184   |
|    n_updates        | 169062   |
----------------------------------
----------------------------------
| rollout/            |          |
|    ep_len_mean      | 3.59e+03 |
|    ep_rew_mean      | 518      |
|    exploration_rate | 0.01     |
| time/               |          |
|    episodes         | 3452     |
|    fps              | 730      |
|    time_elapsed     | 1064     |
|    total_timesteps  | 777413   |
| train/              |          |
|    learning_rate    | 0.0001   |
|    loss             | 0.0374   |
|    n_updates        | 169353   |
----------------------------------
----------------------------------
| rollout/            |          |
|    ep_len_mean      | 3.58e+03 |
|    ep_rew_mean      | 517      |
|    exploration_rate | 0.01     |
| time/               |          |
|    episodes         | 3456     |
|    fps              | 730      |
|    time_elapsed     | 1066     |
|    total_timesteps  | 778997   |
| train/              |          |
|    learning_rate    | 0.0001   |
|    loss             | 0.0263   |
|    n_updates        | 169749   |
----------------------------------
----------------------------------
| rollout/            |          |
|    ep_len_mean      | 3.6e+03  |
|    ep_rew_mean      | 519      |
|    exploration_rate | 0.01     |
| time/               |          |
|    episodes         | 3460     |
|    fps              | 730      |
|    time_elapsed     | 1068     |
|    total_timesteps  | 780139   |
| train/              |          |
|    learning_rate    | 0.0001   |
|    loss             | 0.0576   |
|    n_updates        | 170034   |
----------------------------------
----------------------------------
| rollout/            |          |
|    ep_len_mean      | 3.6e+03  |
|    ep_rew_mean      | 518      |
|    exploration_rate | 0.01     |
| time/               |          |
|    episodes         | 3464     |
|    fps              | 730      |
|    time_elapsed     | 1070     |
|    total_timesteps  | 781632   |
| train/              |          |
|    learning_rate    | 0.0001   |
|    loss             | 0.0138   |
|    n_updates        | 170407   |
----------------------------------
----------------------------------
| rollout/            |          |
|    ep_len_mean      | 3.62e+03 |
|    ep_rew_mean      | 520      |
|    exploration_rate | 0.01     |
| time/               |          |
|    episodes         | 3468     |
|    fps              | 730      |
|    time_elapsed     | 1071     |
|    total_timesteps  | 782894   |
| train/              |          |
|    learning_rate    | 0.0001   |
|    loss             | 0.0463   |
|    n_updates        | 170723   |
----------------------------------
----------------------------------
| rollout/            |          |
|    ep_len_mean      | 3.63e+03 |
|    ep_rew_mean      | 521      |
|    exploration_rate | 0.01     |
| time/               |          |
|    episodes         | 3472     |
|    fps              | 730      |
|    time_elapsed     | 1073     |
|    total_timesteps  | 784343   |
| train/              |          |
|    learning_rate    | 0.0001   |
|    loss             | 0.0188   |
|    n_updates        | 171085   |
----------------------------------
----------------------------------
| rollout/            |          |
|    ep_len_mean      | 3.65e+03 |
|    ep_rew_mean      | 518      |
|    exploration_rate | 0.01     |
| time/               |          |
|    episodes         | 3476     |
|    fps              | 730      |
|    time_elapsed     | 1075     |
|    total_timesteps  | 785886   |
| train/              |          |
|    learning_rate    | 0.0001   |
|    loss             | 0.012    |
|    n_updates        | 171471   |
----------------------------------
----------------------------------
| rollout/            |          |
|    ep_len_mean      | 3.67e+03 |
|    ep_rew_mean      | 519      |
|    exploration_rate | 0.01     |
| time/               |          |
|    episodes         | 3480     |
|    fps              | 730      |
|    time_elapsed     | 1077     |
|    total_timesteps  | 787062   |
| train/              |          |
|    learning_rate    | 0.0001   |
|    loss             | 0.0346   |
|    n_updates        | 171765   |
----------------------------------
----------------------------------
| rollout/            |          |
|    ep_len_mean      | 3.65e+03 |
|    ep_rew_mean      | 515      |
|    exploration_rate | 0.01     |
| time/               |          |
|    episodes         | 3484     |
|    fps              | 730      |
|    time_elapsed     | 1079     |
|    total_timesteps  | 788591   |
| train/              |          |
|    learning_rate    | 0.0001   |
|    loss             | 0.0343   |
|    n_updates        | 172147   |
----------------------------------
----------------------------------
| rollout/            |          |
|    ep_len_mean      | 3.65e+03 |
|    ep_rew_mean      | 512      |
|    exploration_rate | 0.01     |
| time/               |          |
|    episodes         | 3488     |
|    fps              | 730      |
|    time_elapsed     | 1080     |
|    total_timesteps  | 789361   |
| train/              |          |
|    learning_rate    | 0.0001   |
|    loss             | 0.00704  |
|    n_updates        | 172340   |
----------------------------------
----------------------------------
| rollout/            |          |
|    ep_len_mean      | 3.65e+03 |
|    ep_rew_mean      | 512      |
|    exploration_rate | 0.01     |
| time/               |          |
|    episodes         | 3492     |
|    fps              | 730      |
|    time_elapsed     | 1082     |
|    total_timesteps  | 790965   |
| train/              |          |
|    learning_rate    | 0.0001   |
|    loss             | 0.0283   |
|    n_updates        | 172741   |
----------------------------------
----------------------------------
| rollout/            |          |
|    ep_len_mean      | 3.62e+03 |
|    ep_rew_mean      | 505      |
|    exploration_rate | 0.01     |
| time/               |          |
|    episodes         | 3496     |
|    fps              | 730      |
|    time_elapsed     | 1084     |
|    total_timesteps  | 792598   |
| train/              |          |
|    learning_rate    | 0.0001   |
|    loss             | 0.0202   |
|    n_updates        | 173149   |
----------------------------------
----------------------------------
| rollout/            |          |
|    ep_len_mean      | 3.64e+03 |
|    ep_rew_mean      | 509      |
|    exploration_rate | 0.01     |
| time/               |          |
|    episodes         | 3500     |
|    fps              | 730      |
|    time_elapsed     | 1086     |
|    total_timesteps  | 793998   |
| train/              |          |
|    learning_rate    | 0.0001   |
|    loss             | 0.0362   |
|    n_updates        | 173499   |
----------------------------------
----------------------------------
| rollout/            |          |
|    ep_len_mean      | 3.65e+03 |
|    ep_rew_mean      | 513      |
|    exploration_rate | 0.01     |
| time/               |          |
|    episodes         | 3504     |
|    fps              | 730      |
|    time_elapsed     | 1089     |
|    total_timesteps  | 795906   |
| train/              |          |
|    learning_rate    | 0.0001   |
|    loss             | 0.02     |
|    n_updates        | 173976   |
----------------------------------
----------------------------------
| rollout/            |          |
|    ep_len_mean      | 3.67e+03 |
|    ep_rew_mean      | 515      |
|    exploration_rate | 0.01     |
| time/               |          |
|    episodes         | 3508     |
|    fps              | 730      |
|    time_elapsed     | 1090     |
|    total_timesteps  | 796815   |
| train/              |          |
|    learning_rate    | 0.0001   |
|    loss             | 0.0103   |
|    n_updates        | 174203   |
----------------------------------
----------------------------------
| rollout/            |          |
|    ep_len_mean      | 3.65e+03 |
|    ep_rew_mean      | 512      |
|    exploration_rate | 0.01     |
| time/               |          |
|    episodes         | 3512     |
|    fps              | 730      |
|    time_elapsed     | 1091     |
|    total_timesteps  | 797840   |
| train/              |          |
|    learning_rate    | 0.0001   |
|    loss             | 0.0295   |
|    n_updates        | 174459   |
----------------------------------
----------------------------------
| rollout/            |          |
|    ep_len_mean      | 3.64e+03 |
|    ep_rew_mean      | 512      |
|    exploration_rate | 0.01     |
| time/               |          |
|    episodes         | 3516     |
|    fps              | 730      |
|    time_elapsed     | 1093     |
|    total_timesteps  | 799096   |
| train/              |          |
|    learning_rate    | 0.0001   |
|    loss             | 0.0316   |
|    n_updates        | 174773   |
----------------------------------
Eval num_timesteps=800000, episode_reward=557.00 +/- 144.66
Episode length: 3595.40 +/- 731.14
----------------------------------
| eval/               |          |
|    mean_ep_length   | 3.6e+03  |
|    mean_reward      | 557      |
| rollout/            |          |
|    exploration_rate | 0.01     |
| time/               |          |
|    total_timesteps  | 800000   |
| train/              |          |
|    learning_rate    | 0.0001   |
|    loss             | 0.0169   |
|    n_updates        | 174999   |
----------------------------------
----------------------------------
| rollout/            |          |
|    ep_len_mean      | 3.65e+03 |
|    ep_rew_mean      | 514      |
|    exploration_rate | 0.01     |
| time/               |          |
|    episodes         | 3520     |
|    fps              | 728      |
|    time_elapsed     | 1098     |
|    total_timesteps  | 800297   |
| train/              |          |
|    learning_rate    | 0.0001   |
|    loss             | 0.0161   |
|    n_updates        | 175074   |
----------------------------------
----------------------------------
| rollout/            |          |
|    ep_len_mean      | 3.66e+03 |
|    ep_rew_mean      | 515      |
|    exploration_rate | 0.01     |
| time/               |          |
|    episodes         | 3524     |
|    fps              | 728      |
|    time_elapsed     | 1100     |
|    total_timesteps  | 801235   |
| train/              |          |
|    learning_rate    | 0.0001   |
|    loss             | 0.0437   |
|    n_updates        | 175308   |
----------------------------------
----------------------------------
| rollout/            |          |
|    ep_len_mean      | 3.66e+03 |
|    ep_rew_mean      | 517      |
|    exploration_rate | 0.01     |
| time/               |          |
|    episodes         | 3528     |
|    fps              | 728      |
|    time_elapsed     | 1102     |
|    total_timesteps  | 803083   |
| train/              |          |
|    learning_rate    | 0.0001   |
|    loss             | 0.0243   |
|    n_updates        | 175770   |
----------------------------------
----------------------------------
| rollout/            |          |
|    ep_len_mean      | 3.71e+03 |
|    ep_rew_mean      | 522      |
|    exploration_rate | 0.01     |
| time/               |          |
|    episodes         | 3532     |
|    fps              | 728      |
|    time_elapsed     | 1104     |
|    total_timesteps  | 804663   |
| train/              |          |
|    learning_rate    | 0.0001   |
|    loss             | 0.0321   |
|    n_updates        | 176165   |
----------------------------------
----------------------------------
| rollout/            |          |
|    ep_len_mean      | 3.71e+03 |
|    ep_rew_mean      | 521      |
|    exploration_rate | 0.01     |
| time/               |          |
|    episodes         | 3536     |
|    fps              | 728      |
|    time_elapsed     | 1108     |
|    total_timesteps  | 807250   |
| train/              |          |
|    learning_rate    | 0.0001   |
|    loss             | 0.0103   |
|    n_updates        | 176812   |
----------------------------------
----------------------------------
| rollout/            |          |
|    ep_len_mean      | 3.73e+03 |
|    ep_rew_mean      | 526      |
|    exploration_rate | 0.01     |
| time/               |          |
|    episodes         | 3540     |
|    fps              | 728      |
|    time_elapsed     | 1110     |
|    total_timesteps  | 809046   |
| train/              |          |
|    learning_rate    | 0.0001   |
|    loss             | 0.0325   |
|    n_updates        | 177261   |
----------------------------------
----------------------------------
| rollout/            |          |
|    ep_len_mean      | 3.75e+03 |
|    ep_rew_mean      | 528      |
|    exploration_rate | 0.01     |
| time/               |          |
|    episodes         | 3544     |
|    fps              | 728      |
|    time_elapsed     | 1111     |
|    total_timesteps  | 810037   |
| train/              |          |
|    learning_rate    | 0.0001   |
|    loss             | 0.0204   |
|    n_updates        | 177509   |
----------------------------------
----------------------------------
| rollout/            |          |
|    ep_len_mean      | 3.75e+03 |
|    ep_rew_mean      | 528      |
|    exploration_rate | 0.01     |
| time/               |          |
|    episodes         | 3548     |
|    fps              | 728      |
|    time_elapsed     | 1113     |
|    total_timesteps  | 811152   |
| train/              |          |
|    learning_rate    | 0.0001   |
|    loss             | 0.0322   |
|    n_updates        | 177787   |
----------------------------------
----------------------------------
| rollout/            |          |
|    ep_len_mean      | 3.76e+03 |
|    ep_rew_mean      | 530      |
|    exploration_rate | 0.01     |
| time/               |          |
|    episodes         | 3552     |
|    fps              | 728      |
|    time_elapsed     | 1116     |
|    total_timesteps  | 813334   |
| train/              |          |
|    learning_rate    | 0.0001   |
|    loss             | 0.0156   |
|    n_updates        | 178333   |
----------------------------------
----------------------------------
| rollout/            |          |
|    ep_len_mean      | 3.76e+03 |
|    ep_rew_mean      | 534      |
|    exploration_rate | 0.01     |
| time/               |          |
|    episodes         | 3556     |
|    fps              | 728      |
|    time_elapsed     | 1117     |
|    total_timesteps  | 814374   |
| train/              |          |
|    learning_rate    | 0.0001   |
|    loss             | 0.0188   |
|    n_updates        | 178593   |
----------------------------------
----------------------------------
| rollout/            |          |
|    ep_len_mean      | 3.73e+03 |
|    ep_rew_mean      | 529      |
|    exploration_rate | 0.01     |
| time/               |          |
|    episodes         | 3560     |
|    fps              | 728      |
|    time_elapsed     | 1120     |
|    total_timesteps  | 816208   |
| train/              |          |
|    learning_rate    | 0.0001   |
|    loss             | 0.0299   |
|    n_updates        | 179051   |
----------------------------------
----------------------------------
| rollout/            |          |
|    ep_len_mean      | 3.74e+03 |
|    ep_rew_mean      | 535      |
|    exploration_rate | 0.01     |
| time/               |          |
|    episodes         | 3564     |
|    fps              | 728      |
|    time_elapsed     | 1122     |
|    total_timesteps  | 817497   |
| train/              |          |
|    learning_rate    | 0.0001   |
|    loss             | 0.0367   |
|    n_updates        | 179374   |
----------------------------------
----------------------------------
| rollout/            |          |
|    ep_len_mean      | 3.74e+03 |
|    ep_rew_mean      | 536      |
|    exploration_rate | 0.01     |
| time/               |          |
|    episodes         | 3568     |
|    fps              | 728      |
|    time_elapsed     | 1124     |
|    total_timesteps  | 819292   |
| train/              |          |
|    learning_rate    | 0.0001   |
|    loss             | 0.0356   |
|    n_updates        | 179822   |
----------------------------------
----------------------------------
| rollout/            |          |
|    ep_len_mean      | 3.75e+03 |
|    ep_rew_mean      | 536      |
|    exploration_rate | 0.01     |
| time/               |          |
|    episodes         | 3572     |
|    fps              | 728      |
|    time_elapsed     | 1126     |
|    total_timesteps  | 820776   |
| train/              |          |
|    learning_rate    | 0.0001   |
|    loss             | 0.0166   |
|    n_updates        | 180193   |
----------------------------------
----------------------------------
| rollout/            |          |
|    ep_len_mean      | 3.75e+03 |
|    ep_rew_mean      | 538      |
|    exploration_rate | 0.01     |
| time/               |          |
|    episodes         | 3576     |
|    fps              | 728      |
|    time_elapsed     | 1127     |
|    total_timesteps  | 821795   |
| train/              |          |
|    learning_rate    | 0.0001   |
|    loss             | 0.0111   |
|    n_updates        | 180448   |
----------------------------------
----------------------------------
| rollout/            |          |
|    ep_len_mean      | 3.74e+03 |
|    ep_rew_mean      | 540      |
|    exploration_rate | 0.01     |
| time/               |          |
|    episodes         | 3580     |
|    fps              | 728      |
|    time_elapsed     | 1129     |
|    total_timesteps  | 823235   |
| train/              |          |
|    learning_rate    | 0.0001   |
|    loss             | 0.0231   |
|    n_updates        | 180808   |
----------------------------------
----------------------------------
| rollout/            |          |
|    ep_len_mean      | 3.72e+03 |
|    ep_rew_mean      | 536      |
|    exploration_rate | 0.01     |
| time/               |          |
|    episodes         | 3584     |
|    fps              | 728      |
|    time_elapsed     | 1130     |
|    total_timesteps  | 824008   |
| train/              |          |
|    learning_rate    | 0.0001   |
|    loss             | 0.0134   |
|    n_updates        | 181001   |
----------------------------------
Eval num_timesteps=825000, episode_reward=651.00 +/- 92.16
Episode length: 4159.00 +/- 570.81
----------------------------------
| eval/               |          |
|    mean_ep_length   | 4.16e+03 |
|    mean_reward      | 651      |
| rollout/            |          |
|    exploration_rate | 0.01     |
| time/               |          |
|    total_timesteps  | 825000   |
| train/              |          |
|    learning_rate    | 0.0001   |
|    loss             | 0.0262   |
|    n_updates        | 181249   |
----------------------------------
----------------------------------
| rollout/            |          |
|    ep_len_mean      | 3.75e+03 |
|    ep_rew_mean      | 540      |
|    exploration_rate | 0.01     |
| time/               |          |
|    episodes         | 3588     |
|    fps              | 726      |
|    time_elapsed     | 1137     |
|    total_timesteps  | 825879   |
| train/              |          |
|    learning_rate    | 0.0001   |
|    loss             | 0.0291   |
|    n_updates        | 181469   |
----------------------------------
----------------------------------
| rollout/            |          |
|    ep_len_mean      | 3.75e+03 |
|    ep_rew_mean      | 541      |
|    exploration_rate | 0.01     |
| time/               |          |
|    episodes         | 3592     |
|    fps              | 726      |
|    time_elapsed     | 1139     |
|    total_timesteps  | 827478   |
| train/              |          |
|    learning_rate    | 0.0001   |
|    loss             | 0.00698  |
|    n_updates        | 181869   |
----------------------------------
----------------------------------
| rollout/            |          |
|    ep_len_mean      | 3.78e+03 |
|    ep_rew_mean      | 543      |
|    exploration_rate | 0.01     |
| time/               |          |
|    episodes         | 3596     |
|    fps              | 726      |
|    time_elapsed     | 1140     |
|    total_timesteps  | 828416   |
| train/              |          |
|    learning_rate    | 0.0001   |
|    loss             | 0.0365   |
|    n_updates        | 182103   |
----------------------------------
----------------------------------
| rollout/            |          |
|    ep_len_mean      | 3.79e+03 |
|    ep_rew_mean      | 544      |
|    exploration_rate | 0.01     |
| time/               |          |
|    episodes         | 3600     |
|    fps              | 726      |
|    time_elapsed     | 1142     |
|    total_timesteps  | 829876   |
| train/              |          |
|    learning_rate    | 0.0001   |
|    loss             | 0.0181   |
|    n_updates        | 182468   |
----------------------------------
----------------------------------
| rollout/            |          |
|    ep_len_mean      | 3.77e+03 |
|    ep_rew_mean      | 539      |
|    exploration_rate | 0.01     |
| time/               |          |
|    episodes         | 3604     |
|    fps              | 726      |
|    time_elapsed     | 1144     |
|    total_timesteps  | 831097   |
| train/              |          |
|    learning_rate    | 0.0001   |
|    loss             | 0.0282   |
|    n_updates        | 182774   |
----------------------------------
----------------------------------
| rollout/            |          |
|    ep_len_mean      | 3.78e+03 |
|    ep_rew_mean      | 542      |
|    exploration_rate | 0.01     |
| time/               |          |
|    episodes         | 3608     |
|    fps              | 726      |
|    time_elapsed     | 1146     |
|    total_timesteps  | 832782   |
| train/              |          |
|    learning_rate    | 0.0001   |
|    loss             | 0.0577   |
|    n_updates        | 183195   |
----------------------------------
----------------------------------
| rollout/            |          |
|    ep_len_mean      | 3.8e+03  |
|    ep_rew_mean      | 543      |
|    exploration_rate | 0.01     |
| time/               |          |
|    episodes         | 3612     |
|    fps              | 726      |
|    time_elapsed     | 1148     |
|    total_timesteps  | 834278   |
| train/              |          |
|    learning_rate    | 0.0001   |
|    loss             | 0.0254   |
|    n_updates        | 183569   |
----------------------------------
----------------------------------
| rollout/            |          |
|    ep_len_mean      | 3.79e+03 |
|    ep_rew_mean      | 548      |
|    exploration_rate | 0.01     |
| time/               |          |
|    episodes         | 3616     |
|    fps              | 726      |
|    time_elapsed     | 1151     |
|    total_timesteps  | 835798   |
| train/              |          |
|    learning_rate    | 0.0001   |
|    loss             | 0.0172   |
|    n_updates        | 183949   |
----------------------------------
----------------------------------
| rollout/            |          |
|    ep_len_mean      | 3.78e+03 |
|    ep_rew_mean      | 547      |
|    exploration_rate | 0.01     |
| time/               |          |
|    episodes         | 3620     |
|    fps              | 726      |
|    time_elapsed     | 1153     |
|    total_timesteps  | 837300   |
| train/              |          |
|    learning_rate    | 0.0001   |
|    loss             | 0.0869   |
|    n_updates        | 184324   |
----------------------------------
----------------------------------
| rollout/            |          |
|    ep_len_mean      | 3.78e+03 |
|    ep_rew_mean      | 548      |
|    exploration_rate | 0.01     |
| time/               |          |
|    episodes         | 3624     |
|    fps              | 726      |
|    time_elapsed     | 1156     |
|    total_timesteps  | 839470   |
| train/              |          |
|    learning_rate    | 0.0001   |
|    loss             | 0.0232   |
|    n_updates        | 184867   |
----------------------------------
----------------------------------
| rollout/            |          |
|    ep_len_mean      | 3.82e+03 |
|    ep_rew_mean      | 549      |
|    exploration_rate | 0.01     |
| time/               |          |
|    episodes         | 3628     |
|    fps              | 726      |
|    time_elapsed     | 1158     |
|    total_timesteps  | 841157   |
| train/              |          |
|    learning_rate    | 0.0001   |
|    loss             | 0.0189   |
|    n_updates        | 185289   |
----------------------------------
----------------------------------
| rollout/            |          |
|    ep_len_mean      | 3.8e+03  |
|    ep_rew_mean      | 546      |
|    exploration_rate | 0.01     |
| time/               |          |
|    episodes         | 3632     |
|    fps              | 726      |
|    time_elapsed     | 1162     |
|    total_timesteps  | 843924   |
| train/              |          |
|    learning_rate    | 0.0001   |
|    loss             | 0.0106   |
|    n_updates        | 185980   |
----------------------------------
----------------------------------
| rollout/            |          |
|    ep_len_mean      | 3.81e+03 |
|    ep_rew_mean      | 546      |
|    exploration_rate | 0.01     |
| time/               |          |
|    episodes         | 3636     |
|    fps              | 726      |
|    time_elapsed     | 1163     |
|    total_timesteps  | 845366   |
| train/              |          |
|    learning_rate    | 0.0001   |
|    loss             | 0.0169   |
|    n_updates        | 186341   |
----------------------------------
----------------------------------
| rollout/            |          |
|    ep_len_mean      | 3.86e+03 |
|    ep_rew_mean      | 559      |
|    exploration_rate | 0.01     |
| time/               |          |
|    episodes         | 3640     |
|    fps              | 726      |
|    time_elapsed     | 1166     |
|    total_timesteps  | 847489   |
| train/              |          |
|    learning_rate    | 0.0001   |
|    loss             | 0.0343   |
|    n_updates        | 186872   |
----------------------------------
----------------------------------
| rollout/            |          |
|    ep_len_mean      | 3.86e+03 |
|    ep_rew_mean      | 562      |
|    exploration_rate | 0.01     |
| time/               |          |
|    episodes         | 3644     |
|    fps              | 726      |
|    time_elapsed     | 1169     |
|    total_timesteps  | 849264   |
| train/              |          |
|    learning_rate    | 0.0001   |
|    loss             | 0.0314   |
|    n_updates        | 187315   |
----------------------------------
Eval num_timesteps=850000, episode_reward=618.00 +/- 218.12
Episode length: 3932.80 +/- 1345.71
----------------------------------
| eval/               |          |
|    mean_ep_length   | 3.93e+03 |
|    mean_reward      | 618      |
| rollout/            |          |
|    exploration_rate | 0.01     |
| time/               |          |
|    total_timesteps  | 850000   |
| train/              |          |
|    learning_rate    | 0.0001   |
|    loss             | 0.0127   |
|    n_updates        | 187499   |
----------------------------------
----------------------------------
| rollout/            |          |
|    ep_len_mean      | 3.88e+03 |
|    ep_rew_mean      | 568      |
|    exploration_rate | 0.01     |
| time/               |          |
|    episodes         | 3648     |
|    fps              | 723      |
|    time_elapsed     | 1175     |
|    total_timesteps  | 850849   |
| train/              |          |
|    learning_rate    | 0.0001   |
|    loss             | 0.0121   |
|    n_updates        | 187712   |
----------------------------------
----------------------------------
| rollout/            |          |
|    ep_len_mean      | 3.91e+03 |
|    ep_rew_mean      | 573      |
|    exploration_rate | 0.01     |
| time/               |          |
|    episodes         | 3652     |
|    fps              | 723      |
|    time_elapsed     | 1177     |
|    total_timesteps  | 852664   |
| train/              |          |
|    learning_rate    | 0.0001   |
|    loss             | 0.0126   |
|    n_updates        | 188165   |
----------------------------------
----------------------------------
| rollout/            |          |
|    ep_len_mean      | 3.92e+03 |
|    ep_rew_mean      | 574      |
|    exploration_rate | 0.01     |
| time/               |          |
|    episodes         | 3656     |
|    fps              | 723      |
|    time_elapsed     | 1179     |
|    total_timesteps  | 853842   |
| train/              |          |
|    learning_rate    | 0.0001   |
|    loss             | 0.0155   |
|    n_updates        | 188460   |
----------------------------------
----------------------------------
| rollout/            |          |
|    ep_len_mean      | 3.93e+03 |
|    ep_rew_mean      | 574      |
|    exploration_rate | 0.01     |
| time/               |          |
|    episodes         | 3660     |
|    fps              | 723      |
|    time_elapsed     | 1180     |
|    total_timesteps  | 854725   |
| train/              |          |
|    learning_rate    | 0.0001   |
|    loss             | 0.019    |
|    n_updates        | 188681   |
----------------------------------
----------------------------------
| rollout/            |          |
|    ep_len_mean      | 3.95e+03 |
|    ep_rew_mean      | 579      |
|    exploration_rate | 0.01     |
| time/               |          |
|    episodes         | 3664     |
|    fps              | 724      |
|    time_elapsed     | 1182     |
|    total_timesteps  | 856087   |
| train/              |          |
|    learning_rate    | 0.0001   |
|    loss             | 0.0134   |
|    n_updates        | 189021   |
----------------------------------
----------------------------------
| rollout/            |          |
|    ep_len_mean      | 3.94e+03 |
|    ep_rew_mean      | 577      |
|    exploration_rate | 0.01     |
| time/               |          |
|    episodes         | 3668     |
|    fps              | 724      |
|    time_elapsed     | 1183     |
|    total_timesteps  | 856974   |
| train/              |          |
|    learning_rate    | 0.0001   |
|    loss             | 0.0161   |
|    n_updates        | 189243   |
----------------------------------
----------------------------------
| rollout/            |          |
|    ep_len_mean      | 3.99e+03 |
|    ep_rew_mean      | 586      |
|    exploration_rate | 0.01     |
| time/               |          |
|    episodes         | 3672     |
|    fps              | 724      |
|    time_elapsed     | 1185     |
|    total_timesteps  | 858665   |
| train/              |          |
|    learning_rate    | 0.0001   |
|    loss             | 0.0166   |
|    n_updates        | 189666   |
----------------------------------
----------------------------------
| rollout/            |          |
|    ep_len_mean      | 4.02e+03 |
|    ep_rew_mean      | 588      |
|    exploration_rate | 0.01     |
| time/               |          |
|    episodes         | 3676     |
|    fps              | 724      |
|    time_elapsed     | 1188     |
|    total_timesteps  | 860562   |
| train/              |          |
|    learning_rate    | 0.0001   |
|    loss             | 0.0487   |
|    n_updates        | 190140   |
----------------------------------
----------------------------------
| rollout/            |          |
|    ep_len_mean      | 4e+03    |
|    ep_rew_mean      | 589      |
|    exploration_rate | 0.01     |
| time/               |          |
|    episodes         | 3680     |
|    fps              | 724      |
|    time_elapsed     | 1190     |
|    total_timesteps  | 862055   |
| train/              |          |
|    learning_rate    | 0.0001   |
|    loss             | 0.0109   |
|    n_updates        | 190513   |
----------------------------------
----------------------------------
| rollout/            |          |
|    ep_len_mean      | 3.99e+03 |
|    ep_rew_mean      | 588      |
|    exploration_rate | 0.01     |
| time/               |          |
|    episodes         | 3684     |
|    fps              | 724      |
|    time_elapsed     | 1192     |
|    total_timesteps  | 863773   |
| train/              |          |
|    learning_rate    | 0.0001   |
|    loss             | 0.0139   |
|    n_updates        | 190943   |
----------------------------------
----------------------------------
| rollout/            |          |
|    ep_len_mean      | 4.01e+03 |
|    ep_rew_mean      | 590      |
|    exploration_rate | 0.01     |
| time/               |          |
|    episodes         | 3688     |
|    fps              | 724      |
|    time_elapsed     | 1195     |
|    total_timesteps  | 865686   |
| train/              |          |
|    learning_rate    | 0.0001   |
|    loss             | 0.0333   |
|    n_updates        | 191421   |
----------------------------------
----------------------------------
| rollout/            |          |
|    ep_len_mean      | 4.03e+03 |
|    ep_rew_mean      | 592      |
|    exploration_rate | 0.01     |
| time/               |          |
|    episodes         | 3692     |
|    fps              | 724      |
|    time_elapsed     | 1197     |
|    total_timesteps  | 867051   |
| train/              |          |
|    learning_rate    | 0.0001   |
|    loss             | 0.014    |
|    n_updates        | 191762   |
----------------------------------
----------------------------------
| rollout/            |          |
|    ep_len_mean      | 4.04e+03 |
|    ep_rew_mean      | 594      |
|    exploration_rate | 0.01     |
| time/               |          |
|    episodes         | 3696     |
|    fps              | 724      |
|    time_elapsed     | 1199     |
|    total_timesteps  | 868835   |
| train/              |          |
|    learning_rate    | 0.0001   |
|    loss             | 0.0202   |
|    n_updates        | 192208   |
----------------------------------
----------------------------------
| rollout/            |          |
|    ep_len_mean      | 4.06e+03 |
|    ep_rew_mean      | 598      |
|    exploration_rate | 0.01     |
| time/               |          |
|    episodes         | 3700     |
|    fps              | 724      |
|    time_elapsed     | 1201     |
|    total_timesteps  | 870534   |
| train/              |          |
|    learning_rate    | 0.0001   |
|    loss             | 0.0239   |
|    n_updates        | 192633   |
----------------------------------
----------------------------------
| rollout/            |          |
|    ep_len_mean      | 4e+03    |
|    ep_rew_mean      | 591      |
|    exploration_rate | 0.01     |
| time/               |          |
|    episodes         | 3704     |
|    fps              | 724      |
|    time_elapsed     | 1203     |
|    total_timesteps  | 871864   |
| train/              |          |
|    learning_rate    | 0.0001   |
|    loss             | 0.0603   |
|    n_updates        | 192965   |
----------------------------------
----------------------------------
| rollout/            |          |
|    ep_len_mean      | 4e+03    |
|    ep_rew_mean      | 593      |
|    exploration_rate | 0.01     |
| time/               |          |
|    episodes         | 3708     |
|    fps              | 724      |
|    time_elapsed     | 1206     |
|    total_timesteps  | 873813   |
| train/              |          |
|    learning_rate    | 0.0001   |
|    loss             | 0.0219   |
|    n_updates        | 193453   |
----------------------------------
----------------------------------
| rollout/            |          |
|    ep_len_mean      | 4.02e+03 |
|    ep_rew_mean      | 597      |
|    exploration_rate | 0.01     |
| time/               |          |
|    episodes         | 3712     |
|    fps              | 724      |
|    time_elapsed     | 1207     |
|    total_timesteps  | 874879   |
| train/              |          |
|    learning_rate    | 0.0001   |
|    loss             | 0.0351   |
|    n_updates        | 193719   |
----------------------------------
Eval num_timesteps=875000, episode_reward=710.00 +/- 82.28
Episode length: 4564.60 +/- 1090.40
----------------------------------
| eval/               |          |
|    mean_ep_length   | 4.56e+03 |
|    mean_reward      | 710      |
| rollout/            |          |
|    exploration_rate | 0.01     |
| time/               |          |
|    total_timesteps  | 875000   |
| train/              |          |
|    learning_rate    | 0.0001   |
|    loss             | 0.0384   |
|    n_updates        | 193749   |
----------------------------------
----------------------------------
| rollout/            |          |
|    ep_len_mean      | 4.03e+03 |
|    ep_rew_mean      | 595      |
|    exploration_rate | 0.01     |
| time/               |          |
|    episodes         | 3716     |
|    fps              | 721      |
|    time_elapsed     | 1213     |
|    total_timesteps  | 876184   |
| train/              |          |
|    learning_rate    | 0.0001   |
|    loss             | 0.00966  |
|    n_updates        | 194045   |
----------------------------------
----------------------------------
| rollout/            |          |
|    ep_len_mean      | 4.03e+03 |
|    ep_rew_mean      | 595      |
|    exploration_rate | 0.01     |
| time/               |          |
|    episodes         | 3720     |
|    fps              | 721      |
|    time_elapsed     | 1216     |
|    total_timesteps  | 877711   |
| train/              |          |
|    learning_rate    | 0.0001   |
|    loss             | 0.0312   |
|    n_updates        | 194427   |
----------------------------------
----------------------------------
| rollout/            |          |
|    ep_len_mean      | 4.03e+03 |
|    ep_rew_mean      | 593      |
|    exploration_rate | 0.01     |
| time/               |          |
|    episodes         | 3724     |
|    fps              | 721      |
|    time_elapsed     | 1217     |
|    total_timesteps  | 879035   |
| train/              |          |
|    learning_rate    | 0.0001   |
|    loss             | 0.0175   |
|    n_updates        | 194758   |
----------------------------------
----------------------------------
| rollout/            |          |
|    ep_len_mean      | 4.04e+03 |
|    ep_rew_mean      | 597      |
|    exploration_rate | 0.01     |
| time/               |          |
|    episodes         | 3728     |
|    fps              | 721      |
|    time_elapsed     | 1220     |
|    total_timesteps  | 880742   |
| train/              |          |
|    learning_rate    | 0.0001   |
|    loss             | 0.0243   |
|    n_updates        | 195185   |
----------------------------------
----------------------------------
| rollout/            |          |
|    ep_len_mean      | 4.04e+03 |
|    ep_rew_mean      | 600      |
|    exploration_rate | 0.01     |
| time/               |          |
|    episodes         | 3732     |
|    fps              | 721      |
|    time_elapsed     | 1222     |
|    total_timesteps  | 882117   |
| train/              |          |
|    learning_rate    | 0.0001   |
|    loss             | 0.0279   |
|    n_updates        | 195529   |
----------------------------------
----------------------------------
| rollout/            |          |
|    ep_len_mean      | 4.09e+03 |
|    ep_rew_mean      | 609      |
|    exploration_rate | 0.01     |
| time/               |          |
|    episodes         | 3736     |
|    fps              | 721      |
|    time_elapsed     | 1224     |
|    total_timesteps  | 884129   |
| train/              |          |
|    learning_rate    | 0.0001   |
|    loss             | 0.0141   |
|    n_updates        | 196032   |
----------------------------------
----------------------------------
| rollout/            |          |
|    ep_len_mean      | 4.11e+03 |
|    ep_rew_mean      | 610      |
|    exploration_rate | 0.01     |
| time/               |          |
|    episodes         | 3740     |
|    fps              | 721      |
|    time_elapsed     | 1227     |
|    total_timesteps  | 886373   |
| train/              |          |
|    learning_rate    | 0.0001   |
|    loss             | 0.00793  |
|    n_updates        | 196593   |
----------------------------------
----------------------------------
| rollout/            |          |
|    ep_len_mean      | 4.11e+03 |
|    ep_rew_mean      | 612      |
|    exploration_rate | 0.01     |
| time/               |          |
|    episodes         | 3744     |
|    fps              | 721      |
|    time_elapsed     | 1229     |
|    total_timesteps  | 887668   |
| train/              |          |
|    learning_rate    | 0.0001   |
|    loss             | 0.0131   |
|    n_updates        | 196916   |
----------------------------------
----------------------------------
| rollout/            |          |
|    ep_len_mean      | 4.11e+03 |
|    ep_rew_mean      | 612      |
|    exploration_rate | 0.01     |
| time/               |          |
|    episodes         | 3748     |
|    fps              | 722      |
|    time_elapsed     | 1232     |
|    total_timesteps  | 889588   |
| train/              |          |
|    learning_rate    | 0.0001   |
|    loss             | 0.014    |
|    n_updates        | 197396   |
----------------------------------
----------------------------------
| rollout/            |          |
|    ep_len_mean      | 4.13e+03 |
|    ep_rew_mean      | 614      |
|    exploration_rate | 0.01     |
| time/               |          |
|    episodes         | 3752     |
|    fps              | 722      |
|    time_elapsed     | 1234     |
|    total_timesteps  | 891020   |
| train/              |          |
|    learning_rate    | 0.0001   |
|    loss             | 0.0274   |
|    n_updates        | 197754   |
----------------------------------
----------------------------------
| rollout/            |          |
|    ep_len_mean      | 4.15e+03 |
|    ep_rew_mean      | 618      |
|    exploration_rate | 0.01     |
| time/               |          |
|    episodes         | 3756     |
|    fps              | 722      |
|    time_elapsed     | 1235     |
|    total_timesteps  | 892308   |
| train/              |          |
|    learning_rate    | 0.0001   |
|    loss             | 0.017    |
|    n_updates        | 198076   |
----------------------------------
----------------------------------
| rollout/            |          |
|    ep_len_mean      | 4.17e+03 |
|    ep_rew_mean      | 620      |
|    exploration_rate | 0.01     |
| time/               |          |
|    episodes         | 3760     |
|    fps              | 722      |
|    time_elapsed     | 1239     |
|    total_timesteps  | 894802   |
| train/              |          |
|    learning_rate    | 0.0001   |
|    loss             | 0.0109   |
|    n_updates        | 198700   |
----------------------------------
----------------------------------
| rollout/            |          |
|    ep_len_mean      | 4.21e+03 |
|    ep_rew_mean      | 627      |
|    exploration_rate | 0.01     |
| time/               |          |
|    episodes         | 3764     |
|    fps              | 722      |
|    time_elapsed     | 1241     |
|    total_timesteps  | 896538   |
| train/              |          |
|    learning_rate    | 0.0001   |
|    loss             | 0.0197   |
|    n_updates        | 199134   |
----------------------------------
----------------------------------
| rollout/            |          |
|    ep_len_mean      | 4.23e+03 |
|    ep_rew_mean      | 627      |
|    exploration_rate | 0.01     |
| time/               |          |
|    episodes         | 3768     |
|    fps              | 722      |
|    time_elapsed     | 1244     |
|    total_timesteps  | 898696   |
| train/              |          |
|    learning_rate    | 0.0001   |
|    loss             | 0.0204   |
|    n_updates        | 199673   |
----------------------------------
----------------------------------
| rollout/            |          |
|    ep_len_mean      | 4.24e+03 |
|    ep_rew_mean      | 625      |
|    exploration_rate | 0.01     |
| time/               |          |
|    episodes         | 3772     |
|    fps              | 722      |
|    time_elapsed     | 1245     |
|    total_timesteps  | 899802   |
| train/              |          |
|    learning_rate    | 0.0001   |
|    loss             | 0.00957  |
|    n_updates        | 199950   |
----------------------------------
Eval num_timesteps=900000, episode_reward=659.00 +/- 239.99
Episode length: 4527.00 +/- 769.65
----------------------------------
| eval/               |          |
|    mean_ep_length   | 4.53e+03 |
|    mean_reward      | 659      |
| rollout/            |          |
|    exploration_rate | 0.01     |
| time/               |          |
|    total_timesteps  | 900000   |
| train/              |          |
|    learning_rate    | 0.0001   |
|    loss             | 0.0154   |
|    n_updates        | 199999   |
----------------------------------
----------------------------------
| rollout/            |          |
|    ep_len_mean      | 4.22e+03 |
|    ep_rew_mean      | 622      |
|    exploration_rate | 0.01     |
| time/               |          |
|    episodes         | 3776     |
|    fps              | 719      |
|    time_elapsed     | 1252     |
|    total_timesteps  | 901480   |
| train/              |          |
|    learning_rate    | 0.0001   |
|    loss             | 0.026    |
|    n_updates        | 200369   |
----------------------------------
----------------------------------
| rollout/            |          |
|    ep_len_mean      | 4.24e+03 |
|    ep_rew_mean      | 624      |
|    exploration_rate | 0.01     |
| time/               |          |
|    episodes         | 3780     |
|    fps              | 719      |
|    time_elapsed     | 1254     |
|    total_timesteps  | 902798   |
| train/              |          |
|    learning_rate    | 0.0001   |
|    loss             | 0.024    |
|    n_updates        | 200699   |
----------------------------------
----------------------------------
| rollout/            |          |
|    ep_len_mean      | 4.24e+03 |
|    ep_rew_mean      | 623      |
|    exploration_rate | 0.01     |
| time/               |          |
|    episodes         | 3784     |
|    fps              | 719      |
|    time_elapsed     | 1256     |
|    total_timesteps  | 904019   |
| train/              |          |
|    learning_rate    | 0.0001   |
|    loss             | 0.00851  |
|    n_updates        | 201004   |
----------------------------------
----------------------------------
| rollout/            |          |
|    ep_len_mean      | 4.24e+03 |
|    ep_rew_mean      | 621      |
|    exploration_rate | 0.01     |
| time/               |          |
|    episodes         | 3788     |
|    fps              | 719      |
|    time_elapsed     | 1257     |
|    total_timesteps  | 904924   |
| train/              |          |
|    learning_rate    | 0.0001   |
|    loss             | 0.0166   |
|    n_updates        | 201230   |
----------------------------------
----------------------------------
| rollout/            |          |
|    ep_len_mean      | 4.25e+03 |
|    ep_rew_mean      | 624      |
|    exploration_rate | 0.01     |
| time/               |          |
|    episodes         | 3792     |
|    fps              | 719      |
|    time_elapsed     | 1260     |
|    total_timesteps  | 906969   |
| train/              |          |
|    learning_rate    | 0.0001   |
|    loss             | 0.0167   |
|    n_updates        | 201742   |
----------------------------------
----------------------------------
| rollout/            |          |
|    ep_len_mean      | 4.25e+03 |
|    ep_rew_mean      | 626      |
|    exploration_rate | 0.01     |
| time/               |          |
|    episodes         | 3796     |
|    fps              | 719      |
|    time_elapsed     | 1261     |
|    total_timesteps  | 908117   |
| train/              |          |
|    learning_rate    | 0.0001   |
|    loss             | 0.0198   |
|    n_updates        | 202029   |
----------------------------------
----------------------------------
| rollout/            |          |
|    ep_len_mean      | 4.22e+03 |
|    ep_rew_mean      | 621      |
|    exploration_rate | 0.01     |
| time/               |          |
|    episodes         | 3800     |
|    fps              | 719      |
|    time_elapsed     | 1265     |
|    total_timesteps  | 910656   |
| train/              |          |
|    learning_rate    | 0.0001   |
|    loss             | 0.0101   |
|    n_updates        | 202663   |
----------------------------------
----------------------------------
| rollout/            |          |
|    ep_len_mean      | 4.26e+03 |
|    ep_rew_mean      | 625      |
|    exploration_rate | 0.01     |
| time/               |          |
|    episodes         | 3804     |
|    fps              | 719      |
|    time_elapsed     | 1266     |
|    total_timesteps  | 911634   |
| train/              |          |
|    learning_rate    | 0.0001   |
|    loss             | 0.0205   |
|    n_updates        | 202908   |
----------------------------------
----------------------------------
| rollout/            |          |
|    ep_len_mean      | 4.22e+03 |
|    ep_rew_mean      | 616      |
|    exploration_rate | 0.01     |
| time/               |          |
|    episodes         | 3808     |
|    fps              | 719      |
|    time_elapsed     | 1268     |
|    total_timesteps  | 913413   |
| train/              |          |
|    learning_rate    | 0.0001   |
|    loss             | 0.0266   |
|    n_updates        | 203353   |
----------------------------------
----------------------------------
| rollout/            |          |
|    ep_len_mean      | 4.23e+03 |
|    ep_rew_mean      | 618      |
|    exploration_rate | 0.01     |
| time/               |          |
|    episodes         | 3812     |
|    fps              | 719      |
|    time_elapsed     | 1271     |
|    total_timesteps  | 915084   |
| train/              |          |
|    learning_rate    | 0.0001   |
|    loss             | 0.0215   |
|    n_updates        | 203770   |
----------------------------------
----------------------------------
| rollout/            |          |
|    ep_len_mean      | 4.24e+03 |
|    ep_rew_mean      | 619      |
|    exploration_rate | 0.01     |
| time/               |          |
|    episodes         | 3816     |
|    fps              | 719      |
|    time_elapsed     | 1273     |
|    total_timesteps  | 917007   |
| train/              |          |
|    learning_rate    | 0.0001   |
|    loss             | 0.0277   |
|    n_updates        | 204251   |
----------------------------------
----------------------------------
| rollout/            |          |
|    ep_len_mean      | 4.28e+03 |
|    ep_rew_mean      | 627      |
|    exploration_rate | 0.01     |
| time/               |          |
|    episodes         | 3820     |
|    fps              | 720      |
|    time_elapsed     | 1276     |
|    total_timesteps  | 919504   |
| train/              |          |
|    learning_rate    | 0.0001   |
|    loss             | 0.0268   |
|    n_updates        | 204875   |
----------------------------------
----------------------------------
| rollout/            |          |
|    ep_len_mean      | 4.28e+03 |
|    ep_rew_mean      | 624      |
|    exploration_rate | 0.01     |
| time/               |          |
|    episodes         | 3824     |
|    fps              | 720      |
|    time_elapsed     | 1278     |
|    total_timesteps  | 920654   |
| train/              |          |
|    learning_rate    | 0.0001   |
|    loss             | 0.0381   |
|    n_updates        | 205163   |
----------------------------------
----------------------------------
| rollout/            |          |
|    ep_len_mean      | 4.27e+03 |
|    ep_rew_mean      | 621      |
|    exploration_rate | 0.01     |
| time/               |          |
|    episodes         | 3828     |
|    fps              | 720      |
|    time_elapsed     | 1279     |
|    total_timesteps  | 921638   |
| train/              |          |
|    learning_rate    | 0.0001   |
|    loss             | 0.0177   |
|    n_updates        | 205409   |
----------------------------------
----------------------------------
| rollout/            |          |
|    ep_len_mean      | 4.25e+03 |
|    ep_rew_mean      | 617      |
|    exploration_rate | 0.01     |
| time/               |          |
|    episodes         | 3832     |
|    fps              | 720      |
|    time_elapsed     | 1282     |
|    total_timesteps  | 923632   |
| train/              |          |
|    learning_rate    | 0.0001   |
|    loss             | 0.0113   |
|    n_updates        | 205907   |
----------------------------------
Eval num_timesteps=925000, episode_reward=642.00 +/- 86.41
Episode length: 4286.00 +/- 538.33
----------------------------------
| eval/               |          |
|    mean_ep_length   | 4.29e+03 |
|    mean_reward      | 642      |
| rollout/            |          |
|    exploration_rate | 0.01     |
| time/               |          |
|    total_timesteps  | 925000   |
| train/              |          |
|    learning_rate    | 0.0001   |
|    loss             | 0.0283   |
|    n_updates        | 206249   |
----------------------------------
----------------------------------
| rollout/            |          |
|    ep_len_mean      | 4.24e+03 |
|    ep_rew_mean      | 617      |
|    exploration_rate | 0.01     |
| time/               |          |
|    episodes         | 3836     |
|    fps              | 717      |
|    time_elapsed     | 1289     |
|    total_timesteps  | 925330   |
| train/              |          |
|    learning_rate    | 0.0001   |
|    loss             | 0.00718  |
|    n_updates        | 206332   |
----------------------------------
----------------------------------
| rollout/            |          |
|    ep_len_mean      | 4.24e+03 |
|    ep_rew_mean      | 617      |
|    exploration_rate | 0.01     |
| time/               |          |
|    episodes         | 3840     |
|    fps              | 717      |
|    time_elapsed     | 1290     |
|    total_timesteps  | 926578   |
| train/              |          |
|    learning_rate    | 0.0001   |
|    loss             | 0.0259   |
|    n_updates        | 206644   |
----------------------------------
----------------------------------
| rollout/            |          |
|    ep_len_mean      | 4.25e+03 |
|    ep_rew_mean      | 616      |
|    exploration_rate | 0.01     |
| time/               |          |
|    episodes         | 3844     |
|    fps              | 717      |
|    time_elapsed     | 1293     |
|    total_timesteps  | 928640   |
| train/              |          |
|    learning_rate    | 0.0001   |
|    loss             | 0.0133   |
|    n_updates        | 207159   |
----------------------------------
----------------------------------
| rollout/            |          |
|    ep_len_mean      | 4.25e+03 |
|    ep_rew_mean      | 623      |
|    exploration_rate | 0.01     |
| time/               |          |
|    episodes         | 3848     |
|    fps              | 717      |
|    time_elapsed     | 1296     |
|    total_timesteps  | 930604   |
| train/              |          |
|    learning_rate    | 0.0001   |
|    loss             | 0.0263   |
|    n_updates        | 207650   |
----------------------------------
----------------------------------
| rollout/            |          |
|    ep_len_mean      | 4.27e+03 |
|    ep_rew_mean      | 628      |
|    exploration_rate | 0.01     |
| time/               |          |
|    episodes         | 3852     |
|    fps              | 717      |
|    time_elapsed     | 1298     |
|    total_timesteps  | 932427   |
| train/              |          |
|    learning_rate    | 0.0001   |
|    loss             | 0.0134   |
|    n_updates        | 208106   |
----------------------------------
----------------------------------
| rollout/            |          |
|    ep_len_mean      | 4.26e+03 |
|    ep_rew_mean      | 628      |
|    exploration_rate | 0.01     |
| time/               |          |
|    episodes         | 3856     |
|    fps              | 717      |
|    time_elapsed     | 1300     |
|    total_timesteps  | 933793   |
| train/              |          |
|    learning_rate    | 0.0001   |
|    loss             | 0.0274   |
|    n_updates        | 208448   |
----------------------------------
----------------------------------
| rollout/            |          |
|    ep_len_mean      | 4.25e+03 |
|    ep_rew_mean      | 629      |
|    exploration_rate | 0.01     |
| time/               |          |
|    episodes         | 3860     |
|    fps              | 717      |
|    time_elapsed     | 1303     |
|    total_timesteps  | 935746   |
| train/              |          |
|    learning_rate    | 0.0001   |
|    loss             | 0.0278   |
|    n_updates        | 208936   |
----------------------------------
----------------------------------
| rollout/            |          |
|    ep_len_mean      | 4.25e+03 |
|    ep_rew_mean      | 633      |
|    exploration_rate | 0.01     |
| time/               |          |
|    episodes         | 3864     |
|    fps              | 718      |
|    time_elapsed     | 1305     |
|    total_timesteps  | 937475   |
| train/              |          |
|    learning_rate    | 0.0001   |
|    loss             | 0.0292   |
|    n_updates        | 209368   |
----------------------------------
----------------------------------
| rollout/            |          |
|    ep_len_mean      | 4.26e+03 |
|    ep_rew_mean      | 633      |
|    exploration_rate | 0.01     |
| time/               |          |
|    episodes         | 3868     |
|    fps              | 718      |
|    time_elapsed     | 1307     |
|    total_timesteps  | 938791   |
| train/              |          |
|    learning_rate    | 0.0001   |
|    loss             | 0.0335   |
|    n_updates        | 209697   |
----------------------------------
----------------------------------
| rollout/            |          |
|    ep_len_mean      | 4.27e+03 |
|    ep_rew_mean      | 638      |
|    exploration_rate | 0.01     |
| time/               |          |
|    episodes         | 3872     |
|    fps              | 718      |
|    time_elapsed     | 1309     |
|    total_timesteps  | 940518   |
| train/              |          |
|    learning_rate    | 0.0001   |
|    loss             | 0.0203   |
|    n_updates        | 210129   |
----------------------------------
----------------------------------
| rollout/            |          |
|    ep_len_mean      | 4.27e+03 |
|    ep_rew_mean      | 637      |
|    exploration_rate | 0.01     |
| time/               |          |
|    episodes         | 3876     |
|    fps              | 718      |
|    time_elapsed     | 1313     |
|    total_timesteps  | 943098   |
| train/              |          |
|    learning_rate    | 0.0001   |
|    loss             | 0.0195   |
|    n_updates        | 210774   |
----------------------------------
----------------------------------
| rollout/            |          |
|    ep_len_mean      | 4.26e+03 |
|    ep_rew_mean      | 635      |
|    exploration_rate | 0.01     |
| time/               |          |
|    episodes         | 3880     |
|    fps              | 718      |
|    time_elapsed     | 1315     |
|    total_timesteps  | 945077   |
| train/              |          |
|    learning_rate    | 0.0001   |
|    loss             | 0.0117   |
|    n_updates        | 211269   |
----------------------------------
----------------------------------
| rollout/            |          |
|    ep_len_mean      | 4.25e+03 |
|    ep_rew_mean      | 638      |
|    exploration_rate | 0.01     |
| time/               |          |
|    episodes         | 3884     |
|    fps              | 718      |
|    time_elapsed     | 1317     |
|    total_timesteps  | 946269   |
| train/              |          |
|    learning_rate    | 0.0001   |
|    loss             | 0.106    |
|    n_updates        | 211567   |
----------------------------------
----------------------------------
| rollout/            |          |
|    ep_len_mean      | 4.26e+03 |
|    ep_rew_mean      | 637      |
|    exploration_rate | 0.01     |
| time/               |          |
|    episodes         | 3888     |
|    fps              | 718      |
|    time_elapsed     | 1319     |
|    total_timesteps  | 947458   |
| train/              |          |
|    learning_rate    | 0.0001   |
|    loss             | 0.00777  |
|    n_updates        | 211864   |
----------------------------------
Eval num_timesteps=950000, episode_reward=604.00 +/- 298.85
Episode length: 4032.60 +/- 1463.58
----------------------------------
| eval/               |          |
|    mean_ep_length   | 4.03e+03 |
|    mean_reward      | 604      |
| rollout/            |          |
|    exploration_rate | 0.01     |
| time/               |          |
|    total_timesteps  | 950000   |
| train/              |          |
|    learning_rate    | 0.0001   |
|    loss             | 0.00472  |
|    n_updates        | 212499   |
----------------------------------
----------------------------------
| rollout/            |          |
|    ep_len_mean      | 4.26e+03 |
|    ep_rew_mean      | 640      |
|    exploration_rate | 0.01     |
| time/               |          |
|    episodes         | 3892     |
|    fps              | 716      |
|    time_elapsed     | 1326     |
|    total_timesteps  | 950217   |
| train/              |          |
|    learning_rate    | 0.0001   |
|    loss             | 0.0201   |
|    n_updates        | 212554   |
----------------------------------
----------------------------------
| rollout/            |          |
|    ep_len_mean      | 4.22e+03 |
|    ep_rew_mean      | 633      |
|    exploration_rate | 0.01     |
| time/               |          |
|    episodes         | 3896     |
|    fps              | 716      |
|    time_elapsed     | 1330     |
|    total_timesteps  | 952794   |
| train/              |          |
|    learning_rate    | 0.0001   |
|    loss             | 0.0341   |
|    n_updates        | 213198   |
----------------------------------
----------------------------------
| rollout/            |          |
|    ep_len_mean      | 4.23e+03 |
|    ep_rew_mean      | 636      |
|    exploration_rate | 0.01     |
| time/               |          |
|    episodes         | 3900     |
|    fps              | 716      |
|    time_elapsed     | 1332     |
|    total_timesteps  | 954010   |
| train/              |          |
|    learning_rate    | 0.0001   |
|    loss             | 0.0157   |
|    n_updates        | 213502   |
----------------------------------
----------------------------------
| rollout/            |          |
|    ep_len_mean      | 4.22e+03 |
|    ep_rew_mean      | 635      |
|    exploration_rate | 0.01     |
| time/               |          |
|    episodes         | 3904     |
|    fps              | 716      |
|    time_elapsed     | 1335     |
|    total_timesteps  | 956441   |
| train/              |          |
|    learning_rate    | 0.0001   |
|    loss             | 0.0616   |
|    n_updates        | 214110   |
----------------------------------
----------------------------------
| rollout/            |          |
|    ep_len_mean      | 4.21e+03 |
|    ep_rew_mean      | 634      |
|    exploration_rate | 0.01     |
| time/               |          |
|    episodes         | 3908     |
|    fps              | 716      |
|    time_elapsed     | 1337     |
|    total_timesteps  | 958052   |
| train/              |          |
|    learning_rate    | 0.0001   |
|    loss             | 0.0164   |
|    n_updates        | 214512   |
----------------------------------
----------------------------------
| rollout/            |          |
|    ep_len_mean      | 4.21e+03 |
|    ep_rew_mean      | 637      |
|    exploration_rate | 0.01     |
| time/               |          |
|    episodes         | 3912     |
|    fps              | 716      |
|    time_elapsed     | 1339     |
|    total_timesteps  | 959410   |
| train/              |          |
|    learning_rate    | 0.0001   |
|    loss             | 0.0245   |
|    n_updates        | 214852   |
----------------------------------
----------------------------------
| rollout/            |          |
|    ep_len_mean      | 4.21e+03 |
|    ep_rew_mean      | 637      |
|    exploration_rate | 0.01     |
| time/               |          |
|    episodes         | 3916     |
|    fps              | 716      |
|    time_elapsed     | 1341     |
|    total_timesteps  | 960909   |
| train/              |          |
|    learning_rate    | 0.0001   |
|    loss             | 0.0415   |
|    n_updates        | 215227   |
----------------------------------
----------------------------------
| rollout/            |          |
|    ep_len_mean      | 4.23e+03 |
|    ep_rew_mean      | 639      |
|    exploration_rate | 0.01     |
| time/               |          |
|    episodes         | 3920     |
|    fps              | 716      |
|    time_elapsed     | 1343     |
|    total_timesteps  | 962189   |
| train/              |          |
|    learning_rate    | 0.0001   |
|    loss             | 0.0287   |
|    n_updates        | 215547   |
----------------------------------
----------------------------------
| rollout/            |          |
|    ep_len_mean      | 4.21e+03 |
|    ep_rew_mean      | 637      |
|    exploration_rate | 0.01     |
| time/               |          |
|    episodes         | 3924     |
|    fps              | 716      |
|    time_elapsed     | 1344     |
|    total_timesteps  | 963131   |
| train/              |          |
|    learning_rate    | 0.0001   |
|    loss             | 0.0105   |
|    n_updates        | 215782   |
----------------------------------
----------------------------------
| rollout/            |          |
|    ep_len_mean      | 4.19e+03 |
|    ep_rew_mean      | 633      |
|    exploration_rate | 0.01     |
| time/               |          |
|    episodes         | 3928     |
|    fps              | 716      |
|    time_elapsed     | 1346     |
|    total_timesteps  | 964716   |
| train/              |          |
|    learning_rate    | 0.0001   |
|    loss             | 0.0334   |
|    n_updates        | 216178   |
----------------------------------
----------------------------------
| rollout/            |          |
|    ep_len_mean      | 4.19e+03 |
|    ep_rew_mean      | 631      |
|    exploration_rate | 0.01     |
| time/               |          |
|    episodes         | 3932     |
|    fps              | 716      |
|    time_elapsed     | 1349     |
|    total_timesteps  | 966695   |
| train/              |          |
|    learning_rate    | 0.0001   |
|    loss             | 0.0107   |
|    n_updates        | 216673   |
----------------------------------
----------------------------------
| rollout/            |          |
|    ep_len_mean      | 4.2e+03  |
|    ep_rew_mean      | 634      |
|    exploration_rate | 0.01     |
| time/               |          |
|    episodes         | 3936     |
|    fps              | 716      |
|    time_elapsed     | 1350     |
|    total_timesteps  | 967808   |
| train/              |          |
|    learning_rate    | 0.0001   |
|    loss             | 0.0491   |
|    n_updates        | 216951   |
----------------------------------
----------------------------------
| rollout/            |          |
|    ep_len_mean      | 4.22e+03 |
|    ep_rew_mean      | 646      |
|    exploration_rate | 0.01     |
| time/               |          |
|    episodes         | 3940     |
|    fps              | 716      |
|    time_elapsed     | 1353     |
|    total_timesteps  | 970356   |
| train/              |          |
|    learning_rate    | 0.0001   |
|    loss             | 0.0254   |
|    n_updates        | 217588   |
----------------------------------
----------------------------------
| rollout/            |          |
|    ep_len_mean      | 4.21e+03 |
|    ep_rew_mean      | 643      |
|    exploration_rate | 0.01     |
| time/               |          |
|    episodes         | 3944     |
|    fps              | 716      |
|    time_elapsed     | 1356     |
|    total_timesteps  | 971926   |
| train/              |          |
|    learning_rate    | 0.0001   |
|    loss             | 0.0149   |
|    n_updates        | 217981   |
----------------------------------
----------------------------------
| rollout/            |          |
|    ep_len_mean      | 4.25e+03 |
|    ep_rew_mean      | 651      |
|    exploration_rate | 0.01     |
| time/               |          |
|    episodes         | 3948     |
|    fps              | 716      |
|    time_elapsed     | 1358     |
|    total_timesteps  | 973964   |
| train/              |          |
|    learning_rate    | 0.0001   |
|    loss             | 0.00822  |
|    n_updates        | 218490   |
----------------------------------
Eval num_timesteps=975000, episode_reward=651.00 +/- 144.65
Episode length: 4433.00 +/- 1063.95
----------------------------------
| eval/               |          |
|    mean_ep_length   | 4.43e+03 |
|    mean_reward      | 651      |
| rollout/            |          |
|    exploration_rate | 0.01     |
| time/               |          |
|    total_timesteps  | 975000   |
| train/              |          |
|    learning_rate    | 0.0001   |
|    loss             | 0.00706  |
|    n_updates        | 218749   |
----------------------------------
----------------------------------
| rollout/            |          |
|    ep_len_mean      | 4.24e+03 |
|    ep_rew_mean      | 651      |
|    exploration_rate | 0.01     |
| time/               |          |
|    episodes         | 3952     |
|    fps              | 714      |
|    time_elapsed     | 1365     |
|    total_timesteps  | 975769   |
| train/              |          |
|    learning_rate    | 0.0001   |
|    loss             | 0.013    |
|    n_updates        | 218942   |
----------------------------------
----------------------------------
| rollout/            |          |
|    ep_len_mean      | 4.26e+03 |
|    ep_rew_mean      | 652      |
|    exploration_rate | 0.01     |
| time/               |          |
|    episodes         | 3956     |
|    fps              | 714      |
|    time_elapsed     | 1367     |
|    total_timesteps  | 977209   |
| train/              |          |
|    learning_rate    | 0.0001   |
|    loss             | 0.0133   |
|    n_updates        | 219302   |
----------------------------------
----------------------------------
| rollout/            |          |
|    ep_len_mean      | 4.26e+03 |
|    ep_rew_mean      | 652      |
|    exploration_rate | 0.01     |
| time/               |          |
|    episodes         | 3960     |
|    fps              | 714      |
|    time_elapsed     | 1370     |
|    total_timesteps  | 979217   |
| train/              |          |
|    learning_rate    | 0.0001   |
|    loss             | 0.014    |
|    n_updates        | 219804   |
----------------------------------
----------------------------------
| rollout/            |          |
|    ep_len_mean      | 4.26e+03 |
|    ep_rew_mean      | 650      |
|    exploration_rate | 0.01     |
| time/               |          |
|    episodes         | 3964     |
|    fps              | 714      |
|    time_elapsed     | 1372     |
|    total_timesteps  | 980663   |
| train/              |          |
|    learning_rate    | 0.0001   |
|    loss             | 0.04     |
|    n_updates        | 220165   |
----------------------------------
----------------------------------
| rollout/            |          |
|    ep_len_mean      | 4.26e+03 |
|    ep_rew_mean      | 654      |
|    exploration_rate | 0.01     |
| time/               |          |
|    episodes         | 3968     |
|    fps              | 714      |
|    time_elapsed     | 1375     |
|    total_timesteps  | 982522   |
| train/              |          |
|    learning_rate    | 0.0001   |
|    loss             | 0.0217   |
|    n_updates        | 220630   |
----------------------------------
----------------------------------
| rollout/            |          |
|    ep_len_mean      | 4.24e+03 |
|    ep_rew_mean      | 653      |
|    exploration_rate | 0.01     |
| time/               |          |
|    episodes         | 3972     |
|    fps              | 714      |
|    time_elapsed     | 1376     |
|    total_timesteps  | 983927   |
| train/              |          |
|    learning_rate    | 0.0001   |
|    loss             | 0.0154   |
|    n_updates        | 220981   |
----------------------------------
----------------------------------
| rollout/            |          |
|    ep_len_mean      | 4.23e+03 |
|    ep_rew_mean      | 651      |
|    exploration_rate | 0.01     |
| time/               |          |
|    episodes         | 3976     |
|    fps              | 714      |
|    time_elapsed     | 1379     |
|    total_timesteps  | 985792   |
| train/              |          |
|    learning_rate    | 0.0001   |
|    loss             | 0.0109   |
|    n_updates        | 221447   |
----------------------------------
----------------------------------
| rollout/            |          |
|    ep_len_mean      | 4.22e+03 |
|    ep_rew_mean      | 647      |
|    exploration_rate | 0.01     |
| time/               |          |
|    episodes         | 3980     |
|    fps              | 714      |
|    time_elapsed     | 1380     |
|    total_timesteps  | 986725   |
| train/              |          |
|    learning_rate    | 0.0001   |
|    loss             | 0.0282   |
|    n_updates        | 221681   |
----------------------------------
----------------------------------
| rollout/            |          |
|    ep_len_mean      | 4.19e+03 |
|    ep_rew_mean      | 646      |
|    exploration_rate | 0.01     |
| time/               |          |
|    episodes         | 3984     |
|    fps              | 714      |
|    time_elapsed     | 1385     |
|    total_timesteps  | 990092   |
| train/              |          |
|    learning_rate    | 0.0001   |
|    loss             | 0.0218   |
|    n_updates        | 222522   |
----------------------------------
----------------------------------
| rollout/            |          |
|    ep_len_mean      | 4.18e+03 |
|    ep_rew_mean      | 644      |
|    exploration_rate | 0.01     |
| time/               |          |
|    episodes         | 3988     |
|    fps              | 714      |
|    time_elapsed     | 1386     |
|    total_timesteps  | 991287   |
| train/              |          |
|    learning_rate    | 0.0001   |
|    loss             | 0.0203   |
|    n_updates        | 222821   |
----------------------------------
----------------------------------
| rollout/            |          |
|    ep_len_mean      | 4.17e+03 |
|    ep_rew_mean      | 644      |
|    exploration_rate | 0.01     |
| time/               |          |
|    episodes         | 3992     |
|    fps              | 714      |
|    time_elapsed     | 1389     |
|    total_timesteps  | 993123   |
| train/              |          |
|    learning_rate    | 0.0001   |
|    loss             | 0.0244   |
|    n_updates        | 223280   |
----------------------------------
----------------------------------
| rollout/            |          |
|    ep_len_mean      | 4.12e+03 |
|    ep_rew_mean      | 637      |
|    exploration_rate | 0.01     |
| time/               |          |
|    episodes         | 3996     |
|    fps              | 714      |
|    time_elapsed     | 1390     |
|    total_timesteps  | 994280   |
| train/              |          |
|    learning_rate    | 0.0001   |
|    loss             | 0.0165   |
|    n_updates        | 223569   |
----------------------------------
----------------------------------
| rollout/            |          |
|    ep_len_mean      | 4.09e+03 |
|    ep_rew_mean      | 632      |
|    exploration_rate | 0.01     |
| time/               |          |
|    episodes         | 4000     |
|    fps              | 714      |
|    time_elapsed     | 1392     |
|    total_timesteps  | 995417   |
| train/              |          |
|    learning_rate    | 0.0001   |
|    loss             | 0.0312   |
|    n_updates        | 223854   |
----------------------------------
----------------------------------
| rollout/            |          |
|    ep_len_mean      | 4.05e+03 |
|    ep_rew_mean      | 625      |
|    exploration_rate | 0.01     |
| time/               |          |
|    episodes         | 4004     |
|    fps              | 714      |
|    time_elapsed     | 1394     |
|    total_timesteps  | 996573   |
| train/              |          |
|    learning_rate    | 0.0001   |
|    loss             | 0.018    |
|    n_updates        | 224143   |
----------------------------------
----------------------------------
| rollout/            |          |
|    ep_len_mean      | 4.03e+03 |
|    ep_rew_mean      | 620      |
|    exploration_rate | 0.01     |
| time/               |          |
|    episodes         | 4008     |
|    fps              | 714      |
|    time_elapsed     | 1395     |
|    total_timesteps  | 997458   |
| train/              |          |
|    learning_rate    | 0.0001   |
|    loss             | 0.0145   |
|    n_updates        | 224364   |
----------------------------------
----------------------------------
| rollout/            |          |
|    ep_len_mean      | 4.03e+03 |
|    ep_rew_mean      | 620      |
|    exploration_rate | 0.01     |
| time/               |          |
|    episodes         | 4012     |
|    fps              | 714      |
|    time_elapsed     | 1397     |
|    total_timesteps  | 998970   |
| train/              |          |
|    learning_rate    | 0.0001   |
|    loss             | 0.0135   |
|    n_updates        | 224742   |
----------------------------------
Eval num_timesteps=1000000, episode_reward=616.00 +/- 245.53
Episode length: 4022.20 +/- 1544.21
----------------------------------
| eval/               |          |
|    mean_ep_length   | 4.02e+03 |
|    mean_reward      | 616      |
| rollout/            |          |
|    exploration_rate | 0.01     |
| time/               |          |
|    total_timesteps  | 1000000  |
| train/              |          |
|    learning_rate    | 0.0001   |
|    loss             | 0.0182   |
|    n_updates        | 224999   |
----------------------------------
Saving to /home/libing/source/ml/rl/deep-rl-class/notebooks/results/unit3/dqn/SpaceInvadersNoFrameskip-v4_1
Running: /home/libing/.conda/envs/deep-rl-class/bin/python -m rl_zoo3.enjoy --algo dqn --env SpaceInvadersNoFrameskip-v4 --no-render --n-timesteps 5000 --folder /home/libing/source/ml/rl/deep-rl-class/notebooks/results/unit3 --device cuda
Unit3 PASS None
