Gym has been unmaintained since 2022 and does not support NumPy 2.0 amongst other critical functionality.
Please upgrade to Gymnasium, the maintained drop-in replacement of Gym, or contact the authors of your software and request that they upgrade.
Users of this version of Gym should be able to simply replace 'import gym' with 'import gymnasium as gym' in the vast majority of cases.
See the migration guide at https://gymnasium.farama.org/introduction/migration_guide/ for additional information.
pybullet build time: Jan 29 2025 23:16:28
Using cuda device
------------------------------------
| rollout/              |          |
|    ep_len_mean        | 41       |
|    ep_rew_mean        | -10.8    |
|    success_rate       | 0.222    |
| time/                 |          |
|    fps                | 1055     |
|    iterations         | 100      |
|    time_elapsed       | 1        |
|    total_timesteps    | 2000     |
| train/                |          |
|    entropy_loss       | -4.24    |
|    explained_variance | 0.755    |
|    learning_rate      | 0.0007   |
|    n_updates          | 99       |
|    policy_loss        | -1.01    |
|    std                | 0.996    |
|    value_loss         | 0.111    |
------------------------------------
------------------------------------
| rollout/              |          |
|    ep_len_mean        | 41.4     |
|    ep_rew_mean        | -11.3    |
|    success_rate       | 0.221    |
| time/                 |          |
|    fps                | 1127     |
|    iterations         | 200      |
|    time_elapsed       | 3        |
|    total_timesteps    | 4000     |
| train/                |          |
|    entropy_loss       | -4.26    |
|    explained_variance | 0.649    |
|    learning_rate      | 0.0007   |
|    n_updates          | 199      |
|    policy_loss        | -1.4     |
|    std                | 1        |
|    value_loss         | 0.204    |
------------------------------------
------------------------------------
| rollout/              |          |
|    ep_len_mean        | 42.4     |
|    ep_rew_mean        | -12.6    |
|    success_rate       | 0.2      |
| time/                 |          |
|    fps                | 1162     |
|    iterations         | 300      |
|    time_elapsed       | 5        |
|    total_timesteps    | 6000     |
| train/                |          |
|    entropy_loss       | -4.28    |
|    explained_variance | 0.968    |
|    learning_rate      | 0.0007   |
|    n_updates          | 299      |
|    policy_loss        | -0.764   |
|    std                | 1.01     |
|    value_loss         | 0.138    |
------------------------------------
------------------------------------
| rollout/              |          |
|    ep_len_mean        | 42.5     |
|    ep_rew_mean        | -12.6    |
|    success_rate       | 0.18     |
| time/                 |          |
|    fps                | 1177     |
|    iterations         | 400      |
|    time_elapsed       | 6        |
|    total_timesteps    | 8000     |
| train/                |          |
|    entropy_loss       | -4.28    |
|    explained_variance | 0.989    |
|    learning_rate      | 0.0007   |
|    n_updates          | 399      |
|    policy_loss        | -0.371   |
|    std                | 1.01     |
|    value_loss         | 0.0916   |
------------------------------------
------------------------------------
| rollout/              |          |
|    ep_len_mean        | 43.8     |
|    ep_rew_mean        | -12.6    |
|    success_rate       | 0.15     |
| time/                 |          |
|    fps                | 1196     |
|    iterations         | 500      |
|    time_elapsed       | 8        |
|    total_timesteps    | 10000    |
| train/                |          |
|    entropy_loss       | -4.29    |
|    explained_variance | 0.676    |
|    learning_rate      | 0.0007   |
|    n_updates          | 499      |
|    policy_loss        | 0.0614   |
|    std                | 1.01     |
|    value_loss         | 0.0651   |
------------------------------------
------------------------------------
| rollout/              |          |
|    ep_len_mean        | 42.3     |
|    ep_rew_mean        | -11.5    |
|    success_rate       | 0.18     |
| time/                 |          |
|    fps                | 1204     |
|    iterations         | 600      |
|    time_elapsed       | 9        |
|    total_timesteps    | 12000    |
| train/                |          |
|    entropy_loss       | -4.3     |
|    explained_variance | 0.936    |
|    learning_rate      | 0.0007   |
|    n_updates          | 599      |
|    policy_loss        | 0.522    |
|    std                | 1.01     |
|    value_loss         | 0.0473   |
------------------------------------
------------------------------------
| rollout/              |          |
|    ep_len_mean        | 41.5     |
|    ep_rew_mean        | -11.8    |
|    success_rate       | 0.2      |
| time/                 |          |
|    fps                | 1209     |
|    iterations         | 700      |
|    time_elapsed       | 11       |
|    total_timesteps    | 14000    |
| train/                |          |
|    entropy_loss       | -4.3     |
|    explained_variance | 0.892    |
|    learning_rate      | 0.0007   |
|    n_updates          | 699      |
|    policy_loss        | 0.972    |
|    std                | 1.02     |
|    value_loss         | 0.208    |
------------------------------------
------------------------------------
| rollout/              |          |
|    ep_len_mean        | 42.1     |
|    ep_rew_mean        | -11.9    |
|    success_rate       | 0.19     |
| time/                 |          |
|    fps                | 1216     |
|    iterations         | 800      |
|    time_elapsed       | 13       |
|    total_timesteps    | 16000    |
| train/                |          |
|    entropy_loss       | -4.3     |
|    explained_variance | 0.932    |
|    learning_rate      | 0.0007   |
|    n_updates          | 799      |
|    policy_loss        | 0.058    |
|    std                | 1.01     |
|    value_loss         | 0.0466   |
------------------------------------
------------------------------------
| rollout/              |          |
|    ep_len_mean        | 42.5     |
|    ep_rew_mean        | -10.3    |
|    success_rate       | 0.17     |
| time/                 |          |
|    fps                | 1221     |
|    iterations         | 900      |
|    time_elapsed       | 14       |
|    total_timesteps    | 18000    |
| train/                |          |
|    entropy_loss       | -4.32    |
|    explained_variance | 0.991    |
|    learning_rate      | 0.0007   |
|    n_updates          | 899      |
|    policy_loss        | -0.445   |
|    std                | 1.02     |
|    value_loss         | 0.0306   |
------------------------------------
------------------------------------
| rollout/              |          |
|    ep_len_mean        | 40.2     |
|    ep_rew_mean        | -8.84    |
|    success_rate       | 0.22     |
| time/                 |          |
|    fps                | 1221     |
|    iterations         | 1000     |
|    time_elapsed       | 16       |
|    total_timesteps    | 20000    |
| train/                |          |
|    entropy_loss       | -4.31    |
|    explained_variance | 0.976    |
|    learning_rate      | 0.0007   |
|    n_updates          | 999      |
|    policy_loss        | 0.0571   |
|    std                | 1.02     |
|    value_loss         | 0.0152   |
------------------------------------
------------------------------------
| rollout/              |          |
|    ep_len_mean        | 39.2     |
|    ep_rew_mean        | -9.02    |
|    success_rate       | 0.25     |
| time/                 |          |
|    fps                | 1219     |
|    iterations         | 1100     |
|    time_elapsed       | 18       |
|    total_timesteps    | 22000    |
| train/                |          |
|    entropy_loss       | -4.32    |
|    explained_variance | 0.986    |
|    learning_rate      | 0.0007   |
|    n_updates          | 1099     |
|    policy_loss        | -0.589   |
|    std                | 1.02     |
|    value_loss         | 0.0491   |
------------------------------------
------------------------------------
| rollout/              |          |
|    ep_len_mean        | 41.9     |
|    ep_rew_mean        | -10.3    |
|    success_rate       | 0.19     |
| time/                 |          |
|    fps                | 1219     |
|    iterations         | 1200     |
|    time_elapsed       | 19       |
|    total_timesteps    | 24000    |
| train/                |          |
|    entropy_loss       | -4.34    |
|    explained_variance | 0.994    |
|    learning_rate      | 0.0007   |
|    n_updates          | 1199     |
|    policy_loss        | 0.276    |
|    std                | 1.03     |
|    value_loss         | 0.0123   |
------------------------------------
------------------------------------
| rollout/              |          |
|    ep_len_mean        | 41       |
|    ep_rew_mean        | -9.34    |
|    success_rate       | 0.22     |
| time/                 |          |
|    fps                | 1219     |
|    iterations         | 1300     |
|    time_elapsed       | 21       |
|    total_timesteps    | 26000    |
| train/                |          |
|    entropy_loss       | -4.35    |
|    explained_variance | 0.7      |
|    learning_rate      | 0.0007   |
|    n_updates          | 1299     |
|    policy_loss        | 0.669    |
|    std                | 1.03     |
|    value_loss         | 0.545    |
------------------------------------
------------------------------------
| rollout/              |          |
|    ep_len_mean        | 36.2     |
|    ep_rew_mean        | -7.36    |
|    success_rate       | 0.33     |
| time/                 |          |
|    fps                | 1222     |
|    iterations         | 1400     |
|    time_elapsed       | 22       |
|    total_timesteps    | 28000    |
| train/                |          |
|    entropy_loss       | -4.33    |
|    explained_variance | 0.6      |
|    learning_rate      | 0.0007   |
|    n_updates          | 1399     |
|    policy_loss        | -0.336   |
|    std                | 1.02     |
|    value_loss         | 0.0697   |
------------------------------------
------------------------------------
| rollout/              |          |
|    ep_len_mean        | 34.8     |
|    ep_rew_mean        | -6.71    |
|    success_rate       | 0.39     |
| time/                 |          |
|    fps                | 1226     |
|    iterations         | 1500     |
|    time_elapsed       | 24       |
|    total_timesteps    | 30000    |
| train/                |          |
|    entropy_loss       | -4.33    |
|    explained_variance | 0.993    |
|    learning_rate      | 0.0007   |
|    n_updates          | 1499     |
|    policy_loss        | 0.127    |
|    std                | 1.03     |
|    value_loss         | 0.013    |
------------------------------------
------------------------------------
| rollout/              |          |
|    ep_len_mean        | 34.7     |
|    ep_rew_mean        | -6.21    |
|    success_rate       | 0.43     |
| time/                 |          |
|    fps                | 1230     |
|    iterations         | 1600     |
|    time_elapsed       | 26       |
|    total_timesteps    | 32000    |
| train/                |          |
|    entropy_loss       | -4.33    |
|    explained_variance | 0.404    |
|    learning_rate      | 0.0007   |
|    n_updates          | 1599     |
|    policy_loss        | 3.7      |
|    std                | 1.03     |
|    value_loss         | 2.46     |
------------------------------------
------------------------------------
| rollout/              |          |
|    ep_len_mean        | 32.4     |
|    ep_rew_mean        | -5.44    |
|    success_rate       | 0.49     |
| time/                 |          |
|    fps                | 1234     |
|    iterations         | 1700     |
|    time_elapsed       | 27       |
|    total_timesteps    | 34000    |
| train/                |          |
|    entropy_loss       | -4.33    |
|    explained_variance | 0.914    |
|    learning_rate      | 0.0007   |
|    n_updates          | 1699     |
|    policy_loss        | -0.03    |
|    std                | 1.03     |
|    value_loss         | 0.0138   |
------------------------------------
------------------------------------
| rollout/              |          |
|    ep_len_mean        | 26.7     |
|    ep_rew_mean        | -3.93    |
|    success_rate       | 0.65     |
| time/                 |          |
|    fps                | 1238     |
|    iterations         | 1800     |
|    time_elapsed       | 29       |
|    total_timesteps    | 36000    |
| train/                |          |
|    entropy_loss       | -4.31    |
|    explained_variance | 0.98     |
|    learning_rate      | 0.0007   |
|    n_updates          | 1799     |
|    policy_loss        | -0.78    |
|    std                | 1.02     |
|    value_loss         | 0.0534   |
------------------------------------
------------------------------------
| rollout/              |          |
|    ep_len_mean        | 22.8     |
|    ep_rew_mean        | -3.18    |
|    success_rate       | 0.78     |
| time/                 |          |
|    fps                | 1241     |
|    iterations         | 1900     |
|    time_elapsed       | 30       |
|    total_timesteps    | 38000    |
| train/                |          |
|    entropy_loss       | -4.28    |
|    explained_variance | 0.91     |
|    learning_rate      | 0.0007   |
|    n_updates          | 1899     |
|    policy_loss        | 0.271    |
|    std                | 1.01     |
|    value_loss         | 0.0282   |
------------------------------------
------------------------------------
| rollout/              |          |
|    ep_len_mean        | 14.2     |
|    ep_rew_mean        | -1.68    |
|    success_rate       | 0.97     |
| time/                 |          |
|    fps                | 1244     |
|    iterations         | 2000     |
|    time_elapsed       | 32       |
|    total_timesteps    | 40000    |
| train/                |          |
|    entropy_loss       | -4.27    |
|    explained_variance | 0.627    |
|    learning_rate      | 0.0007   |
|    n_updates          | 1999     |
|    policy_loss        | 0.248    |
|    std                | 1        |
|    value_loss         | 0.0457   |
------------------------------------
------------------------------------
| rollout/              |          |
|    ep_len_mean        | 7.83     |
|    ep_rew_mean        | -0.761   |
|    success_rate       | 1        |
| time/                 |          |
|    fps                | 1248     |
|    iterations         | 2100     |
|    time_elapsed       | 33       |
|    total_timesteps    | 42000    |
| train/                |          |
|    entropy_loss       | -4.23    |
|    explained_variance | 0.46     |
|    learning_rate      | 0.0007   |
|    n_updates          | 2099     |
|    policy_loss        | 0.092    |
|    std                | 0.992    |
|    value_loss         | 0.022    |
------------------------------------
------------------------------------
| rollout/              |          |
|    ep_len_mean        | 6.17     |
|    ep_rew_mean        | -0.572   |
|    success_rate       | 1        |
| time/                 |          |
|    fps                | 1251     |
|    iterations         | 2200     |
|    time_elapsed       | 35       |
|    total_timesteps    | 44000    |
| train/                |          |
|    entropy_loss       | -4.19    |
|    explained_variance | -0.52    |
|    learning_rate      | 0.0007   |
|    n_updates          | 2199     |
|    policy_loss        | -0.233   |
|    std                | 0.979    |
|    value_loss         | 0.0197   |
------------------------------------
------------------------------------
| rollout/              |          |
|    ep_len_mean        | 5.21     |
|    ep_rew_mean        | -0.468   |
|    success_rate       | 1        |
| time/                 |          |
|    fps                | 1254     |
|    iterations         | 2300     |
|    time_elapsed       | 36       |
|    total_timesteps    | 46000    |
| train/                |          |
|    entropy_loss       | -4.14    |
|    explained_variance | -0.86    |
|    learning_rate      | 0.0007   |
|    n_updates          | 2299     |
|    policy_loss        | 0.283    |
|    std                | 0.962    |
|    value_loss         | 0.0109   |
------------------------------------
------------------------------------
| rollout/              |          |
|    ep_len_mean        | 4        |
|    ep_rew_mean        | -0.338   |
|    success_rate       | 1        |
| time/                 |          |
|    fps                | 1256     |
|    iterations         | 2400     |
|    time_elapsed       | 38       |
|    total_timesteps    | 48000    |
| train/                |          |
|    entropy_loss       | -4.09    |
|    explained_variance | -0.00222 |
|    learning_rate      | 0.0007   |
|    n_updates          | 2399     |
|    policy_loss        | -0.0931  |
|    std                | 0.945    |
|    value_loss         | 0.00454  |
------------------------------------
------------------------------------
| rollout/              |          |
|    ep_len_mean        | 3.57     |
|    ep_rew_mean        | -0.29    |
|    success_rate       | 1        |
| time/                 |          |
|    fps                | 1258     |
|    iterations         | 2500     |
|    time_elapsed       | 39       |
|    total_timesteps    | 50000    |
| train/                |          |
|    entropy_loss       | -4.04    |
|    explained_variance | 0.333    |
|    learning_rate      | 0.0007   |
|    n_updates          | 2499     |
|    policy_loss        | 0.106    |
|    std                | 0.929    |
|    value_loss         | 0.00447  |
------------------------------------
------------------------------------
| rollout/              |          |
|    ep_len_mean        | 3.61     |
|    ep_rew_mean        | -0.301   |
|    success_rate       | 1        |
| time/                 |          |
|    fps                | 1260     |
|    iterations         | 2600     |
|    time_elapsed       | 41       |
|    total_timesteps    | 52000    |
| train/                |          |
|    entropy_loss       | -3.99    |
|    explained_variance | 0.301    |
|    learning_rate      | 0.0007   |
|    n_updates          | 2599     |
|    policy_loss        | -0.143   |
|    std                | 0.916    |
|    value_loss         | 0.00442  |
------------------------------------
------------------------------------
| rollout/              |          |
|    ep_len_mean        | 3.25     |
|    ep_rew_mean        | -0.258   |
|    success_rate       | 1        |
| time/                 |          |
|    fps                | 1262     |
|    iterations         | 2700     |
|    time_elapsed       | 42       |
|    total_timesteps    | 54000    |
| train/                |          |
|    entropy_loss       | -3.96    |
|    explained_variance | 0.155    |
|    learning_rate      | 0.0007   |
|    n_updates          | 2699     |
|    policy_loss        | 0.0462   |
|    std                | 0.906    |
|    value_loss         | 0.000841 |
------------------------------------
------------------------------------
| rollout/              |          |
|    ep_len_mean        | 3.35     |
|    ep_rew_mean        | -0.262   |
|    success_rate       | 1        |
| time/                 |          |
|    fps                | 1264     |
|    iterations         | 2800     |
|    time_elapsed       | 44       |
|    total_timesteps    | 56000    |
| train/                |          |
|    entropy_loss       | -3.92    |
|    explained_variance | 0.478    |
|    learning_rate      | 0.0007   |
|    n_updates          | 2799     |
|    policy_loss        | -0.0394  |
|    std                | 0.895    |
|    value_loss         | 0.000826 |
------------------------------------
------------------------------------
| rollout/              |          |
|    ep_len_mean        | 3.3      |
|    ep_rew_mean        | -0.259   |
|    success_rate       | 1        |
| time/                 |          |
|    fps                | 1265     |
|    iterations         | 2900     |
|    time_elapsed       | 45       |
|    total_timesteps    | 58000    |
| train/                |          |
|    entropy_loss       | -3.92    |
|    explained_variance | -0.175   |
|    learning_rate      | 0.0007   |
|    n_updates          | 2899     |
|    policy_loss        | -0.176   |
|    std                | 0.893    |
|    value_loss         | 0.00376  |
------------------------------------
------------------------------------
| rollout/              |          |
|    ep_len_mean        | 3.07     |
|    ep_rew_mean        | -0.243   |
|    success_rate       | 1        |
| time/                 |          |
|    fps                | 1267     |
|    iterations         | 3000     |
|    time_elapsed       | 47       |
|    total_timesteps    | 60000    |
| train/                |          |
|    entropy_loss       | -3.91    |
|    explained_variance | 0.636    |
|    learning_rate      | 0.0007   |
|    n_updates          | 2999     |
|    policy_loss        | -0.0796  |
|    std                | 0.89     |
|    value_loss         | 0.000914 |
------------------------------------
------------------------------------
| rollout/              |          |
|    ep_len_mean        | 2.98     |
|    ep_rew_mean        | -0.226   |
|    success_rate       | 1        |
| time/                 |          |
|    fps                | 1269     |
|    iterations         | 3100     |
|    time_elapsed       | 48       |
|    total_timesteps    | 62000    |
| train/                |          |
|    entropy_loss       | -3.87    |
|    explained_variance | -0.705   |
|    learning_rate      | 0.0007   |
|    n_updates          | 3099     |
|    policy_loss        | -0.0636  |
|    std                | 0.88     |
|    value_loss         | 0.000945 |
------------------------------------
------------------------------------
| rollout/              |          |
|    ep_len_mean        | 3.54     |
|    ep_rew_mean        | -0.282   |
|    success_rate       | 1        |
| time/                 |          |
|    fps                | 1271     |
|    iterations         | 3200     |
|    time_elapsed       | 50       |
|    total_timesteps    | 64000    |
| train/                |          |
|    entropy_loss       | -3.84    |
|    explained_variance | 0.322    |
|    learning_rate      | 0.0007   |
|    n_updates          | 3199     |
|    policy_loss        | -0.186   |
|    std                | 0.87     |
|    value_loss         | 0.00434  |
------------------------------------
------------------------------------
| rollout/              |          |
|    ep_len_mean        | 3.19     |
|    ep_rew_mean        | -0.26    |
|    success_rate       | 1        |
| time/                 |          |
|    fps                | 1273     |
|    iterations         | 3300     |
|    time_elapsed       | 51       |
|    total_timesteps    | 66000    |
| train/                |          |
|    entropy_loss       | -3.79    |
|    explained_variance | 0.712    |
|    learning_rate      | 0.0007   |
|    n_updates          | 3299     |
|    policy_loss        | 0.0329   |
|    std                | 0.857    |
|    value_loss         | 0.000658 |
------------------------------------
------------------------------------
| rollout/              |          |
|    ep_len_mean        | 3.02     |
|    ep_rew_mean        | -0.237   |
|    success_rate       | 1        |
| time/                 |          |
|    fps                | 1274     |
|    iterations         | 3400     |
|    time_elapsed       | 53       |
|    total_timesteps    | 68000    |
| train/                |          |
|    entropy_loss       | -3.77    |
|    explained_variance | 0.333    |
|    learning_rate      | 0.0007   |
|    n_updates          | 3399     |
|    policy_loss        | -0.0306  |
|    std                | 0.851    |
|    value_loss         | 0.000905 |
------------------------------------
------------------------------------
| rollout/              |          |
|    ep_len_mean        | 2.87     |
|    ep_rew_mean        | -0.226   |
|    success_rate       | 1        |
| time/                 |          |
|    fps                | 1275     |
|    iterations         | 3500     |
|    time_elapsed       | 54       |
|    total_timesteps    | 70000    |
| train/                |          |
|    entropy_loss       | -3.74    |
|    explained_variance | 0.784    |
|    learning_rate      | 0.0007   |
|    n_updates          | 3499     |
|    policy_loss        | -0.0193  |
|    std                | 0.842    |
|    value_loss         | 0.000335 |
------------------------------------
------------------------------------
| rollout/              |          |
|    ep_len_mean        | 3.24     |
|    ep_rew_mean        | -0.251   |
|    success_rate       | 1        |
| time/                 |          |
|    fps                | 1277     |
|    iterations         | 3600     |
|    time_elapsed       | 56       |
|    total_timesteps    | 72000    |
| train/                |          |
|    entropy_loss       | -3.69    |
|    explained_variance | -1.38    |
|    learning_rate      | 0.0007   |
|    n_updates          | 3599     |
|    policy_loss        | -0.119   |
|    std                | 0.829    |
|    value_loss         | 0.00324  |
------------------------------------
------------------------------------
| rollout/              |          |
|    ep_len_mean        | 3.06     |
|    ep_rew_mean        | -0.248   |
|    success_rate       | 1        |
| time/                 |          |
|    fps                | 1278     |
|    iterations         | 3700     |
|    time_elapsed       | 57       |
|    total_timesteps    | 74000    |
| train/                |          |
|    entropy_loss       | -3.66    |
|    explained_variance | -0.879   |
|    learning_rate      | 0.0007   |
|    n_updates          | 3699     |
|    policy_loss        | -0.111   |
|    std                | 0.819    |
|    value_loss         | 0.00473  |
------------------------------------
------------------------------------
| rollout/              |          |
|    ep_len_mean        | 3.04     |
|    ep_rew_mean        | -0.237   |
|    success_rate       | 1        |
| time/                 |          |
|    fps                | 1280     |
|    iterations         | 3800     |
|    time_elapsed       | 59       |
|    total_timesteps    | 76000    |
| train/                |          |
|    entropy_loss       | -3.64    |
|    explained_variance | 0.0782   |
|    learning_rate      | 0.0007   |
|    n_updates          | 3799     |
|    policy_loss        | 0.0533   |
|    std                | 0.814    |
|    value_loss         | 0.001    |
------------------------------------
------------------------------------
| rollout/              |          |
|    ep_len_mean        | 3.04     |
|    ep_rew_mean        | -0.233   |
|    success_rate       | 1        |
| time/                 |          |
|    fps                | 1281     |
|    iterations         | 3900     |
|    time_elapsed       | 60       |
|    total_timesteps    | 78000    |
| train/                |          |
|    entropy_loss       | -3.63    |
|    explained_variance | -0.544   |
|    learning_rate      | 0.0007   |
|    n_updates          | 3899     |
|    policy_loss        | 0.0967   |
|    std                | 0.812    |
|    value_loss         | 0.00306  |
------------------------------------
------------------------------------
| rollout/              |          |
|    ep_len_mean        | 2.92     |
|    ep_rew_mean        | -0.22    |
|    success_rate       | 1        |
| time/                 |          |
|    fps                | 1283     |
|    iterations         | 4000     |
|    time_elapsed       | 62       |
|    total_timesteps    | 80000    |
| train/                |          |
|    entropy_loss       | -3.6     |
|    explained_variance | -0.544   |
|    learning_rate      | 0.0007   |
|    n_updates          | 3999     |
|    policy_loss        | -0.132   |
|    std                | 0.803    |
|    value_loss         | 0.00298  |
------------------------------------
------------------------------------
| rollout/              |          |
|    ep_len_mean        | 2.97     |
|    ep_rew_mean        | -0.24    |
|    success_rate       | 1        |
| time/                 |          |
|    fps                | 1284     |
|    iterations         | 4100     |
|    time_elapsed       | 63       |
|    total_timesteps    | 82000    |
| train/                |          |
|    entropy_loss       | -3.59    |
|    explained_variance | 0.431    |
|    learning_rate      | 0.0007   |
|    n_updates          | 4099     |
|    policy_loss        | -0.0343  |
|    std                | 0.8      |
|    value_loss         | 0.000915 |
------------------------------------
------------------------------------
| rollout/              |          |
|    ep_len_mean        | 2.97     |
|    ep_rew_mean        | -0.241   |
|    success_rate       | 1        |
| time/                 |          |
|    fps                | 1285     |
|    iterations         | 4200     |
|    time_elapsed       | 65       |
|    total_timesteps    | 84000    |
| train/                |          |
|    entropy_loss       | -3.56    |
|    explained_variance | 0.475    |
|    learning_rate      | 0.0007   |
|    n_updates          | 4199     |
|    policy_loss        | 0.0596   |
|    std                | 0.794    |
|    value_loss         | 0.00112  |
------------------------------------
------------------------------------
| rollout/              |          |
|    ep_len_mean        | 2.86     |
|    ep_rew_mean        | -0.228   |
|    success_rate       | 1        |
| time/                 |          |
|    fps                | 1287     |
|    iterations         | 4300     |
|    time_elapsed       | 66       |
|    total_timesteps    | 86000    |
| train/                |          |
|    entropy_loss       | -3.55    |
|    explained_variance | 0.309    |
|    learning_rate      | 0.0007   |
|    n_updates          | 4299     |
|    policy_loss        | 0.0265   |
|    std                | 0.79     |
|    value_loss         | 0.00101  |
------------------------------------
------------------------------------
| rollout/              |          |
|    ep_len_mean        | 3.13     |
|    ep_rew_mean        | -0.245   |
|    success_rate       | 1        |
| time/                 |          |
|    fps                | 1287     |
|    iterations         | 4400     |
|    time_elapsed       | 68       |
|    total_timesteps    | 88000    |
| train/                |          |
|    entropy_loss       | -3.54    |
|    explained_variance | 0.42     |
|    learning_rate      | 0.0007   |
|    n_updates          | 4399     |
|    policy_loss        | 0.0346   |
|    std                | 0.788    |
|    value_loss         | 0.00127  |
------------------------------------
------------------------------------
| rollout/              |          |
|    ep_len_mean        | 2.98     |
|    ep_rew_mean        | -0.242   |
|    success_rate       | 1        |
| time/                 |          |
|    fps                | 1289     |
|    iterations         | 4500     |
|    time_elapsed       | 69       |
|    total_timesteps    | 90000    |
| train/                |          |
|    entropy_loss       | -3.51    |
|    explained_variance | 0.71     |
|    learning_rate      | 0.0007   |
|    n_updates          | 4499     |
|    policy_loss        | -0.0304  |
|    std                | 0.781    |
|    value_loss         | 0.000398 |
------------------------------------
------------------------------------
| rollout/              |          |
|    ep_len_mean        | 2.84     |
|    ep_rew_mean        | -0.218   |
|    success_rate       | 1        |
| time/                 |          |
|    fps                | 1290     |
|    iterations         | 4600     |
|    time_elapsed       | 71       |
|    total_timesteps    | 92000    |
| train/                |          |
|    entropy_loss       | -3.49    |
|    explained_variance | 0.677    |
|    learning_rate      | 0.0007   |
|    n_updates          | 4599     |
|    policy_loss        | -0.011   |
|    std                | 0.775    |
|    value_loss         | 0.000246 |
------------------------------------
------------------------------------
| rollout/              |          |
|    ep_len_mean        | 3.05     |
|    ep_rew_mean        | -0.236   |
|    success_rate       | 1        |
| time/                 |          |
|    fps                | 1291     |
|    iterations         | 4700     |
|    time_elapsed       | 72       |
|    total_timesteps    | 94000    |
| train/                |          |
|    entropy_loss       | -3.48    |
|    explained_variance | 0.685    |
|    learning_rate      | 0.0007   |
|    n_updates          | 4699     |
|    policy_loss        | -0.102   |
|    std                | 0.773    |
|    value_loss         | 0.00139  |
------------------------------------
------------------------------------
| rollout/              |          |
|    ep_len_mean        | 3.1      |
|    ep_rew_mean        | -0.253   |
|    success_rate       | 1        |
| time/                 |          |
|    fps                | 1292     |
|    iterations         | 4800     |
|    time_elapsed       | 74       |
|    total_timesteps    | 96000    |
| train/                |          |
|    entropy_loss       | -3.45    |
|    explained_variance | 0.779    |
|    learning_rate      | 0.0007   |
|    n_updates          | 4799     |
|    policy_loss        | 0.00442  |
|    std                | 0.765    |
|    value_loss         | 0.000383 |
------------------------------------
------------------------------------
| rollout/              |          |
|    ep_len_mean        | 2.87     |
|    ep_rew_mean        | -0.229   |
|    success_rate       | 1        |
| time/                 |          |
|    fps                | 1292     |
|    iterations         | 4900     |
|    time_elapsed       | 75       |
|    total_timesteps    | 98000    |
| train/                |          |
|    entropy_loss       | -3.45    |
|    explained_variance | 0.825    |
|    learning_rate      | 0.0007   |
|    n_updates          | 4899     |
|    policy_loss        | 0.0407   |
|    std                | 0.764    |
|    value_loss         | 0.000445 |
------------------------------------
------------------------------------
| rollout/              |          |
|    ep_len_mean        | 2.98     |
|    ep_rew_mean        | -0.252   |
|    success_rate       | 1        |
| time/                 |          |
|    fps                | 1293     |
|    iterations         | 5000     |
|    time_elapsed       | 77       |
|    total_timesteps    | 100000   |
| train/                |          |
|    entropy_loss       | -3.43    |
|    explained_variance | 0.918    |
|    learning_rate      | 0.0007   |
|    n_updates          | 4999     |
|    policy_loss        | 0.109    |
|    std                | 0.759    |
|    value_loss         | 0.00118  |
------------------------------------
------------------------------------
| rollout/              |          |
|    ep_len_mean        | 2.99     |
|    ep_rew_mean        | -0.234   |
|    success_rate       | 1        |
| time/                 |          |
|    fps                | 1294     |
|    iterations         | 5100     |
|    time_elapsed       | 78       |
|    total_timesteps    | 102000   |
| train/                |          |
|    entropy_loss       | -3.41    |
|    explained_variance | 0.611    |
|    learning_rate      | 0.0007   |
|    n_updates          | 5099     |
|    policy_loss        | 0.0296   |
|    std                | 0.755    |
|    value_loss         | 0.000854 |
------------------------------------
------------------------------------
| rollout/              |          |
|    ep_len_mean        | 2.72     |
|    ep_rew_mean        | -0.203   |
|    success_rate       | 1        |
| time/                 |          |
|    fps                | 1295     |
|    iterations         | 5200     |
|    time_elapsed       | 80       |
|    total_timesteps    | 104000   |
| train/                |          |
|    entropy_loss       | -3.39    |
|    explained_variance | 0.599    |
|    learning_rate      | 0.0007   |
|    n_updates          | 5199     |
|    policy_loss        | 0.0412   |
|    std                | 0.749    |
|    value_loss         | 0.000607 |
------------------------------------
------------------------------------
| rollout/              |          |
|    ep_len_mean        | 3        |
|    ep_rew_mean        | -0.245   |
|    success_rate       | 1        |
| time/                 |          |
|    fps                | 1295     |
|    iterations         | 5300     |
|    time_elapsed       | 81       |
|    total_timesteps    | 106000   |
| train/                |          |
|    entropy_loss       | -3.38    |
|    explained_variance | 0.771    |
|    learning_rate      | 0.0007   |
|    n_updates          | 5299     |
|    policy_loss        | 0.0948   |
|    std                | 0.747    |
|    value_loss         | 0.00134  |
------------------------------------
------------------------------------
| rollout/              |          |
|    ep_len_mean        | 2.9      |
|    ep_rew_mean        | -0.222   |
|    success_rate       | 1        |
| time/                 |          |
|    fps                | 1296     |
|    iterations         | 5400     |
|    time_elapsed       | 83       |
|    total_timesteps    | 108000   |
| train/                |          |
|    entropy_loss       | -3.36    |
|    explained_variance | 0.605    |
|    learning_rate      | 0.0007   |
|    n_updates          | 5399     |
|    policy_loss        | 0.0411   |
|    std                | 0.743    |
|    value_loss         | 0.00132  |
------------------------------------
------------------------------------
| rollout/              |          |
|    ep_len_mean        | 2.88     |
|    ep_rew_mean        | -0.23    |
|    success_rate       | 1        |
| time/                 |          |
|    fps                | 1297     |
|    iterations         | 5500     |
|    time_elapsed       | 84       |
|    total_timesteps    | 110000   |
| train/                |          |
|    entropy_loss       | -3.35    |
|    explained_variance | 0.719    |
|    learning_rate      | 0.0007   |
|    n_updates          | 5499     |
|    policy_loss        | -0.0122  |
|    std                | 0.739    |
|    value_loss         | 0.000279 |
------------------------------------
------------------------------------
| rollout/              |          |
|    ep_len_mean        | 2.99     |
|    ep_rew_mean        | -0.232   |
|    success_rate       | 1        |
| time/                 |          |
|    fps                | 1297     |
|    iterations         | 5600     |
|    time_elapsed       | 86       |
|    total_timesteps    | 112000   |
| train/                |          |
|    entropy_loss       | -3.33    |
|    explained_variance | 0.268    |
|    learning_rate      | 0.0007   |
|    n_updates          | 5599     |
|    policy_loss        | 3.41e-05 |
|    std                | 0.735    |
|    value_loss         | 0.00143  |
------------------------------------
------------------------------------
| rollout/              |          |
|    ep_len_mean        | 2.71     |
|    ep_rew_mean        | -0.208   |
|    success_rate       | 1        |
| time/                 |          |
|    fps                | 1298     |
|    iterations         | 5700     |
|    time_elapsed       | 87       |
|    total_timesteps    | 114000   |
| train/                |          |
|    entropy_loss       | -3.31    |
|    explained_variance | 0.557    |
|    learning_rate      | 0.0007   |
|    n_updates          | 5699     |
|    policy_loss        | -0.0303  |
|    std                | 0.73     |
|    value_loss         | 0.000664 |
------------------------------------
------------------------------------
| rollout/              |          |
|    ep_len_mean        | 2.8      |
|    ep_rew_mean        | -0.222   |
|    success_rate       | 1        |
| time/                 |          |
|    fps                | 1299     |
|    iterations         | 5800     |
|    time_elapsed       | 89       |
|    total_timesteps    | 116000   |
| train/                |          |
|    entropy_loss       | -3.3     |
|    explained_variance | 0.89     |
|    learning_rate      | 0.0007   |
|    n_updates          | 5799     |
|    policy_loss        | 0.0213   |
|    std                | 0.728    |
|    value_loss         | 0.000259 |
------------------------------------
------------------------------------
| rollout/              |          |
|    ep_len_mean        | 2.77     |
|    ep_rew_mean        | -0.21    |
|    success_rate       | 1        |
| time/                 |          |
|    fps                | 1299     |
|    iterations         | 5900     |
|    time_elapsed       | 90       |
|    total_timesteps    | 118000   |
| train/                |          |
|    entropy_loss       | -3.29    |
|    explained_variance | 0.933    |
|    learning_rate      | 0.0007   |
|    n_updates          | 5899     |
|    policy_loss        | -0.0103  |
|    std                | 0.724    |
|    value_loss         | 0.000104 |
------------------------------------
------------------------------------
| rollout/              |          |
|    ep_len_mean        | 2.9      |
|    ep_rew_mean        | -0.225   |
|    success_rate       | 1        |
| time/                 |          |
|    fps                | 1300     |
|    iterations         | 6000     |
|    time_elapsed       | 92       |
|    total_timesteps    | 120000   |
| train/                |          |
|    entropy_loss       | -3.3     |
|    explained_variance | 0.456    |
|    learning_rate      | 0.0007   |
|    n_updates          | 5999     |
|    policy_loss        | -0.0472  |
|    std                | 0.726    |
|    value_loss         | 0.000963 |
------------------------------------
------------------------------------
| rollout/              |          |
|    ep_len_mean        | 2.73     |
|    ep_rew_mean        | -0.215   |
|    success_rate       | 1        |
| time/                 |          |
|    fps                | 1301     |
|    iterations         | 6100     |
|    time_elapsed       | 93       |
|    total_timesteps    | 122000   |
| train/                |          |
|    entropy_loss       | -3.28    |
|    explained_variance | 0.846    |
|    learning_rate      | 0.0007   |
|    n_updates          | 6099     |
|    policy_loss        | 0.00298  |
|    std                | 0.723    |
|    value_loss         | 0.000175 |
------------------------------------
------------------------------------
| rollout/              |          |
|    ep_len_mean        | 2.73     |
|    ep_rew_mean        | -0.205   |
|    success_rate       | 1        |
| time/                 |          |
|    fps                | 1301     |
|    iterations         | 6200     |
|    time_elapsed       | 95       |
|    total_timesteps    | 124000   |
| train/                |          |
|    entropy_loss       | -3.27    |
|    explained_variance | 0.93     |
|    learning_rate      | 0.0007   |
|    n_updates          | 6199     |
|    policy_loss        | 0.0048   |
|    std                | 0.719    |
|    value_loss         | 9.87e-05 |
------------------------------------
------------------------------------
| rollout/              |          |
|    ep_len_mean        | 2.92     |
|    ep_rew_mean        | -0.235   |
|    success_rate       | 1        |
| time/                 |          |
|    fps                | 1302     |
|    iterations         | 6300     |
|    time_elapsed       | 96       |
|    total_timesteps    | 126000   |
| train/                |          |
|    entropy_loss       | -3.27    |
|    explained_variance | 0.57     |
|    learning_rate      | 0.0007   |
|    n_updates          | 6299     |
|    policy_loss        | -0.0836  |
|    std                | 0.721    |
|    value_loss         | 0.00159  |
------------------------------------
------------------------------------
| rollout/              |          |
|    ep_len_mean        | 2.77     |
|    ep_rew_mean        | -0.222   |
|    success_rate       | 1        |
| time/                 |          |
|    fps                | 1302     |
|    iterations         | 6400     |
|    time_elapsed       | 98       |
|    total_timesteps    | 128000   |
| train/                |          |
|    entropy_loss       | -3.26    |
|    explained_variance | 0.602    |
|    learning_rate      | 0.0007   |
|    n_updates          | 6399     |
|    policy_loss        | -0.00722 |
|    std                | 0.717    |
|    value_loss         | 0.00047  |
------------------------------------
-------------------------------------
| rollout/              |           |
|    ep_len_mean        | 2.94      |
|    ep_rew_mean        | -0.235    |
|    success_rate       | 1         |
| time/                 |           |
|    fps                | 1303      |
|    iterations         | 6500      |
|    time_elapsed       | 99        |
|    total_timesteps    | 130000    |
| train/                |           |
|    entropy_loss       | -3.24     |
|    explained_variance | 0.737     |
|    learning_rate      | 0.0007    |
|    n_updates          | 6499      |
|    policy_loss        | -0.000806 |
|    std                | 0.714     |
|    value_loss         | 0.000339  |
-------------------------------------
------------------------------------
| rollout/              |          |
|    ep_len_mean        | 2.97     |
|    ep_rew_mean        | -0.23    |
|    success_rate       | 1        |
| time/                 |          |
|    fps                | 1304     |
|    iterations         | 6600     |
|    time_elapsed       | 101      |
|    total_timesteps    | 132000   |
| train/                |          |
|    entropy_loss       | -3.22    |
|    explained_variance | 0.833    |
|    learning_rate      | 0.0007   |
|    n_updates          | 6599     |
|    policy_loss        | 0.00123  |
|    std                | 0.709    |
|    value_loss         | 0.000293 |
------------------------------------
------------------------------------
| rollout/              |          |
|    ep_len_mean        | 2.78     |
|    ep_rew_mean        | -0.222   |
|    success_rate       | 1        |
| time/                 |          |
|    fps                | 1304     |
|    iterations         | 6700     |
|    time_elapsed       | 102      |
|    total_timesteps    | 134000   |
| train/                |          |
|    entropy_loss       | -3.21    |
|    explained_variance | 0.773    |
|    learning_rate      | 0.0007   |
|    n_updates          | 6699     |
|    policy_loss        | -0.0194  |
|    std                | 0.705    |
|    value_loss         | 0.000237 |
------------------------------------
------------------------------------
| rollout/              |          |
|    ep_len_mean        | 2.86     |
|    ep_rew_mean        | -0.223   |
|    success_rate       | 1        |
| time/                 |          |
|    fps                | 1305     |
|    iterations         | 6800     |
|    time_elapsed       | 104      |
|    total_timesteps    | 136000   |
| train/                |          |
|    entropy_loss       | -3.19    |
|    explained_variance | 0.773    |
|    learning_rate      | 0.0007   |
|    n_updates          | 6799     |
|    policy_loss        | -0.00229 |
|    std                | 0.7      |
|    value_loss         | 0.000239 |
------------------------------------
------------------------------------
| rollout/              |          |
|    ep_len_mean        | 2.75     |
|    ep_rew_mean        | -0.21    |
|    success_rate       | 1        |
| time/                 |          |
|    fps                | 1305     |
|    iterations         | 6900     |
|    time_elapsed       | 105      |
|    total_timesteps    | 138000   |
| train/                |          |
|    entropy_loss       | -3.18    |
|    explained_variance | 0.771    |
|    learning_rate      | 0.0007   |
|    n_updates          | 6899     |
|    policy_loss        | -0.1     |
|    std                | 0.697    |
|    value_loss         | 0.00116  |
------------------------------------
------------------------------------
| rollout/              |          |
|    ep_len_mean        | 2.75     |
|    ep_rew_mean        | -0.213   |
|    success_rate       | 1        |
| time/                 |          |
|    fps                | 1305     |
|    iterations         | 7000     |
|    time_elapsed       | 107      |
|    total_timesteps    | 140000   |
| train/                |          |
|    entropy_loss       | -3.15    |
|    explained_variance | 0.939    |
|    learning_rate      | 0.0007   |
|    n_updates          | 6999     |
|    policy_loss        | 0.00736  |
|    std                | 0.692    |
|    value_loss         | 9.35e-05 |
------------------------------------
------------------------------------
| rollout/              |          |
|    ep_len_mean        | 2.64     |
|    ep_rew_mean        | -0.198   |
|    success_rate       | 1        |
| time/                 |          |
|    fps                | 1306     |
|    iterations         | 7100     |
|    time_elapsed       | 108      |
|    total_timesteps    | 142000   |
| train/                |          |
|    entropy_loss       | -3.14    |
|    explained_variance | 0.92     |
|    learning_rate      | 0.0007   |
|    n_updates          | 7099     |
|    policy_loss        | 0.0375   |
|    std                | 0.69     |
|    value_loss         | 0.000432 |
------------------------------------
------------------------------------
| rollout/              |          |
|    ep_len_mean        | 2.88     |
|    ep_rew_mean        | -0.23    |
|    success_rate       | 1        |
| time/                 |          |
|    fps                | 1306     |
|    iterations         | 7200     |
|    time_elapsed       | 110      |
|    total_timesteps    | 144000   |
| train/                |          |
|    entropy_loss       | -3.12    |
|    explained_variance | 0.786    |
|    learning_rate      | 0.0007   |
|    n_updates          | 7199     |
|    policy_loss        | -0.0217  |
|    std                | 0.686    |
|    value_loss         | 0.000469 |
------------------------------------
------------------------------------
| rollout/              |          |
|    ep_len_mean        | 2.97     |
|    ep_rew_mean        | -0.235   |
|    success_rate       | 1        |
| time/                 |          |
|    fps                | 1307     |
|    iterations         | 7300     |
|    time_elapsed       | 111      |
|    total_timesteps    | 146000   |
| train/                |          |
|    entropy_loss       | -3.1     |
|    explained_variance | 0.874    |
|    learning_rate      | 0.0007   |
|    n_updates          | 7299     |
|    policy_loss        | 0.0555   |
|    std                | 0.68     |
|    value_loss         | 0.000498 |
------------------------------------
------------------------------------
| rollout/              |          |
|    ep_len_mean        | 2.77     |
|    ep_rew_mean        | -0.21    |
|    success_rate       | 1        |
| time/                 |          |
|    fps                | 1307     |
|    iterations         | 7400     |
|    time_elapsed       | 113      |
|    total_timesteps    | 148000   |
| train/                |          |
|    entropy_loss       | -3.09    |
|    explained_variance | 0.844    |
|    learning_rate      | 0.0007   |
|    n_updates          | 7399     |
|    policy_loss        | 0.0328   |
|    std                | 0.678    |
|    value_loss         | 0.000284 |
------------------------------------
------------------------------------
| rollout/              |          |
|    ep_len_mean        | 2.72     |
|    ep_rew_mean        | -0.212   |
|    success_rate       | 1        |
| time/                 |          |
|    fps                | 1308     |
|    iterations         | 7500     |
|    time_elapsed       | 114      |
|    total_timesteps    | 150000   |
| train/                |          |
|    entropy_loss       | -3.07    |
|    explained_variance | 0.924    |
|    learning_rate      | 0.0007   |
|    n_updates          | 7499     |
|    policy_loss        | 0.00481  |
|    std                | 0.673    |
|    value_loss         | 0.00011  |
------------------------------------
------------------------------------
| rollout/              |          |
|    ep_len_mean        | 2.76     |
|    ep_rew_mean        | -0.21    |
|    success_rate       | 1        |
| time/                 |          |
|    fps                | 1308     |
|    iterations         | 7600     |
|    time_elapsed       | 116      |
|    total_timesteps    | 152000   |
| train/                |          |
|    entropy_loss       | -3.06    |
|    explained_variance | 0.227    |
|    learning_rate      | 0.0007   |
|    n_updates          | 7599     |
|    policy_loss        | 0.0656   |
|    std                | 0.672    |
|    value_loss         | 0.00246  |
------------------------------------
------------------------------------
| rollout/              |          |
|    ep_len_mean        | 2.91     |
|    ep_rew_mean        | -0.227   |
|    success_rate       | 1        |
| time/                 |          |
|    fps                | 1308     |
|    iterations         | 7700     |
|    time_elapsed       | 117      |
|    total_timesteps    | 154000   |
| train/                |          |
|    entropy_loss       | -3.04    |
|    explained_variance | 0.831    |
|    learning_rate      | 0.0007   |
|    n_updates          | 7699     |
|    policy_loss        | -0.0507  |
|    std                | 0.668    |
|    value_loss         | 0.000527 |
------------------------------------
------------------------------------
| rollout/              |          |
|    ep_len_mean        | 2.8      |
|    ep_rew_mean        | -0.219   |
|    success_rate       | 1        |
| time/                 |          |
|    fps                | 1309     |
|    iterations         | 7800     |
|    time_elapsed       | 119      |
|    total_timesteps    | 156000   |
| train/                |          |
|    entropy_loss       | -3.03    |
|    explained_variance | 0.929    |
|    learning_rate      | 0.0007   |
|    n_updates          | 7799     |
|    policy_loss        | -0.0168  |
|    std                | 0.664    |
|    value_loss         | 0.000144 |
------------------------------------
------------------------------------
| rollout/              |          |
|    ep_len_mean        | 2.83     |
|    ep_rew_mean        | -0.222   |
|    success_rate       | 1        |
| time/                 |          |
|    fps                | 1309     |
|    iterations         | 7900     |
|    time_elapsed       | 120      |
|    total_timesteps    | 158000   |
| train/                |          |
|    entropy_loss       | -3.02    |
|    explained_variance | 0.771    |
|    learning_rate      | 0.0007   |
|    n_updates          | 7899     |
|    policy_loss        | -0.0488  |
|    std                | 0.662    |
|    value_loss         | 0.000547 |
------------------------------------
------------------------------------
| rollout/              |          |
|    ep_len_mean        | 2.97     |
|    ep_rew_mean        | -0.235   |
|    success_rate       | 1        |
| time/                 |          |
|    fps                | 1310     |
|    iterations         | 8000     |
|    time_elapsed       | 122      |
|    total_timesteps    | 160000   |
| train/                |          |
|    entropy_loss       | -3.01    |
|    explained_variance | 0.677    |
|    learning_rate      | 0.0007   |
|    n_updates          | 7999     |
|    policy_loss        | 0.0301   |
|    std                | 0.659    |
|    value_loss         | 0.000445 |
------------------------------------
------------------------------------
| rollout/              |          |
|    ep_len_mean        | 2.97     |
|    ep_rew_mean        | -0.23    |
|    success_rate       | 1        |
| time/                 |          |
|    fps                | 1310     |
|    iterations         | 8100     |
|    time_elapsed       | 123      |
|    total_timesteps    | 162000   |
| train/                |          |
|    entropy_loss       | -2.99    |
|    explained_variance | 0.825    |
|    learning_rate      | 0.0007   |
|    n_updates          | 8099     |
|    policy_loss        | 0.0279   |
|    std                | 0.655    |
|    value_loss         | 0.000321 |
------------------------------------
------------------------------------
| rollout/              |          |
|    ep_len_mean        | 2.75     |
|    ep_rew_mean        | -0.222   |
|    success_rate       | 1        |
| time/                 |          |
|    fps                | 1310     |
|    iterations         | 8200     |
|    time_elapsed       | 125      |
|    total_timesteps    | 164000   |
| train/                |          |
|    entropy_loss       | -2.96    |
|    explained_variance | 0.788    |
|    learning_rate      | 0.0007   |
|    n_updates          | 8199     |
|    policy_loss        | -0.00914 |
|    std                | 0.649    |
|    value_loss         | 0.000339 |
------------------------------------
------------------------------------
| rollout/              |          |
|    ep_len_mean        | 2.81     |
|    ep_rew_mean        | -0.217   |
|    success_rate       | 1        |
| time/                 |          |
|    fps                | 1311     |
|    iterations         | 8300     |
|    time_elapsed       | 126      |
|    total_timesteps    | 166000   |
| train/                |          |
|    entropy_loss       | -2.95    |
|    explained_variance | 0.737    |
|    learning_rate      | 0.0007   |
|    n_updates          | 8299     |
|    policy_loss        | -0.0146  |
|    std                | 0.646    |
|    value_loss         | 0.000267 |
------------------------------------
------------------------------------
| rollout/              |          |
|    ep_len_mean        | 2.82     |
|    ep_rew_mean        | -0.211   |
|    success_rate       | 1        |
| time/                 |          |
|    fps                | 1311     |
|    iterations         | 8400     |
|    time_elapsed       | 128      |
|    total_timesteps    | 168000   |
| train/                |          |
|    entropy_loss       | -2.94    |
|    explained_variance | 0.52     |
|    learning_rate      | 0.0007   |
|    n_updates          | 8399     |
|    policy_loss        | -0.0627  |
|    std                | 0.645    |
|    value_loss         | 0.000879 |
------------------------------------
------------------------------------
| rollout/              |          |
|    ep_len_mean        | 2.91     |
|    ep_rew_mean        | -0.228   |
|    success_rate       | 1        |
| time/                 |          |
|    fps                | 1311     |
|    iterations         | 8500     |
|    time_elapsed       | 129      |
|    total_timesteps    | 170000   |
| train/                |          |
|    entropy_loss       | -2.92    |
|    explained_variance | 0.878    |
|    learning_rate      | 0.0007   |
|    n_updates          | 8499     |
|    policy_loss        | 0.00902  |
|    std                | 0.64     |
|    value_loss         | 0.000244 |
------------------------------------
------------------------------------
| rollout/              |          |
|    ep_len_mean        | 2.8      |
|    ep_rew_mean        | -0.218   |
|    success_rate       | 1        |
| time/                 |          |
|    fps                | 1311     |
|    iterations         | 8600     |
|    time_elapsed       | 131      |
|    total_timesteps    | 172000   |
| train/                |          |
|    entropy_loss       | -2.9     |
|    explained_variance | 0.931    |
|    learning_rate      | 0.0007   |
|    n_updates          | 8599     |
|    policy_loss        | 0.00364  |
|    std                | 0.636    |
|    value_loss         | 8.01e-05 |
------------------------------------
------------------------------------
| rollout/              |          |
|    ep_len_mean        | 2.72     |
|    ep_rew_mean        | -0.211   |
|    success_rate       | 1        |
| time/                 |          |
|    fps                | 1312     |
|    iterations         | 8700     |
|    time_elapsed       | 132      |
|    total_timesteps    | 174000   |
| train/                |          |
|    entropy_loss       | -2.88    |
|    explained_variance | 0.827    |
|    learning_rate      | 0.0007   |
|    n_updates          | 8699     |
|    policy_loss        | -0.0246  |
|    std                | 0.633    |
|    value_loss         | 0.000328 |
------------------------------------
------------------------------------
| rollout/              |          |
|    ep_len_mean        | 2.89     |
|    ep_rew_mean        | -0.218   |
|    success_rate       | 1        |
| time/                 |          |
|    fps                | 1312     |
|    iterations         | 8800     |
|    time_elapsed       | 134      |
|    total_timesteps    | 176000   |
| train/                |          |
|    entropy_loss       | -2.86    |
|    explained_variance | 0.886    |
|    learning_rate      | 0.0007   |
|    n_updates          | 8799     |
|    policy_loss        | 0.085    |
|    std                | 0.629    |
|    value_loss         | 0.000933 |
------------------------------------
------------------------------------
| rollout/              |          |
|    ep_len_mean        | 2.76     |
|    ep_rew_mean        | -0.218   |
|    success_rate       | 1        |
| time/                 |          |
|    fps                | 1312     |
|    iterations         | 8900     |
|    time_elapsed       | 135      |
|    total_timesteps    | 178000   |
| train/                |          |
|    entropy_loss       | -2.84    |
|    explained_variance | 0.942    |
|    learning_rate      | 0.0007   |
|    n_updates          | 8899     |
|    policy_loss        | -0.0207  |
|    std                | 0.624    |
|    value_loss         | 0.000169 |
------------------------------------
------------------------------------
| rollout/              |          |
|    ep_len_mean        | 2.83     |
|    ep_rew_mean        | -0.219   |
|    success_rate       | 1        |
| time/                 |          |
|    fps                | 1312     |
|    iterations         | 9000     |
|    time_elapsed       | 137      |
|    total_timesteps    | 180000   |
| train/                |          |
|    entropy_loss       | -2.81    |
|    explained_variance | 0.868    |
|    learning_rate      | 0.0007   |
|    n_updates          | 8999     |
|    policy_loss        | 0.012    |
|    std                | 0.618    |
|    value_loss         | 0.000141 |
------------------------------------
------------------------------------
| rollout/              |          |
|    ep_len_mean        | 2.87     |
|    ep_rew_mean        | -0.22    |
|    success_rate       | 1        |
| time/                 |          |
|    fps                | 1312     |
|    iterations         | 9100     |
|    time_elapsed       | 138      |
|    total_timesteps    | 182000   |
| train/                |          |
|    entropy_loss       | -2.81    |
|    explained_variance | 0.761    |
|    learning_rate      | 0.0007   |
|    n_updates          | 9099     |
|    policy_loss        | 0.00846  |
|    std                | 0.618    |
|    value_loss         | 0.000357 |
------------------------------------
------------------------------------
| rollout/              |          |
|    ep_len_mean        | 2.83     |
|    ep_rew_mean        | -0.215   |
|    success_rate       | 1        |
| time/                 |          |
|    fps                | 1313     |
|    iterations         | 9200     |
|    time_elapsed       | 140      |
|    total_timesteps    | 184000   |
| train/                |          |
|    entropy_loss       | -2.8     |
|    explained_variance | 0.701    |
|    learning_rate      | 0.0007   |
|    n_updates          | 9199     |
|    policy_loss        | 0.0311   |
|    std                | 0.616    |
|    value_loss         | 0.000487 |
------------------------------------
------------------------------------
| rollout/              |          |
|    ep_len_mean        | 2.95     |
|    ep_rew_mean        | -0.232   |
|    success_rate       | 1        |
| time/                 |          |
|    fps                | 1313     |
|    iterations         | 9300     |
|    time_elapsed       | 141      |
|    total_timesteps    | 186000   |
| train/                |          |
|    entropy_loss       | -2.8     |
|    explained_variance | 0.853    |
|    learning_rate      | 0.0007   |
|    n_updates          | 9299     |
|    policy_loss        | -0.0265  |
|    std                | 0.615    |
|    value_loss         | 0.000261 |
------------------------------------
------------------------------------
| rollout/              |          |
|    ep_len_mean        | 2.89     |
|    ep_rew_mean        | -0.224   |
|    success_rate       | 1        |
| time/                 |          |
|    fps                | 1313     |
|    iterations         | 9400     |
|    time_elapsed       | 143      |
|    total_timesteps    | 188000   |
| train/                |          |
|    entropy_loss       | -2.78    |
|    explained_variance | 0.953    |
|    learning_rate      | 0.0007   |
|    n_updates          | 9399     |
|    policy_loss        | 0.0106   |
|    std                | 0.613    |
|    value_loss         | 0.000179 |
------------------------------------
------------------------------------
| rollout/              |          |
|    ep_len_mean        | 2.66     |
|    ep_rew_mean        | -0.202   |
|    success_rate       | 1        |
| time/                 |          |
|    fps                | 1313     |
|    iterations         | 9500     |
|    time_elapsed       | 144      |
|    total_timesteps    | 190000   |
| train/                |          |
|    entropy_loss       | -2.79    |
|    explained_variance | 0.885    |
|    learning_rate      | 0.0007   |
|    n_updates          | 9499     |
|    policy_loss        | 0.0362   |
|    std                | 0.613    |
|    value_loss         | 0.000346 |
------------------------------------
------------------------------------
| rollout/              |          |
|    ep_len_mean        | 2.96     |
|    ep_rew_mean        | -0.229   |
|    success_rate       | 1        |
| time/                 |          |
|    fps                | 1314     |
|    iterations         | 9600     |
|    time_elapsed       | 146      |
|    total_timesteps    | 192000   |
| train/                |          |
|    entropy_loss       | -2.79    |
|    explained_variance | 0.897    |
|    learning_rate      | 0.0007   |
|    n_updates          | 9599     |
|    policy_loss        | 0.0058   |
|    std                | 0.614    |
|    value_loss         | 0.000216 |
------------------------------------
------------------------------------
| rollout/              |          |
|    ep_len_mean        | 2.91     |
|    ep_rew_mean        | -0.223   |
|    success_rate       | 1        |
| time/                 |          |
|    fps                | 1314     |
|    iterations         | 9700     |
|    time_elapsed       | 147      |
|    total_timesteps    | 194000   |
| train/                |          |
|    entropy_loss       | -2.76    |
|    explained_variance | 0.779    |
|    learning_rate      | 0.0007   |
|    n_updates          | 9699     |
|    policy_loss        | 0.0413   |
|    std                | 0.607    |
|    value_loss         | 0.000623 |
------------------------------------
------------------------------------
| rollout/              |          |
|    ep_len_mean        | 2.76     |
|    ep_rew_mean        | -0.206   |
|    success_rate       | 1        |
| time/                 |          |
|    fps                | 1314     |
|    iterations         | 9800     |
|    time_elapsed       | 149      |
|    total_timesteps    | 196000   |
| train/                |          |
|    entropy_loss       | -2.75    |
|    explained_variance | 0.926    |
|    learning_rate      | 0.0007   |
|    n_updates          | 9799     |
|    policy_loss        | -0.00607 |
|    std                | 0.606    |
|    value_loss         | 8.27e-05 |
------------------------------------
------------------------------------
| rollout/              |          |
|    ep_len_mean        | 2.95     |
|    ep_rew_mean        | -0.228   |
|    success_rate       | 1        |
| time/                 |          |
|    fps                | 1314     |
|    iterations         | 9900     |
|    time_elapsed       | 150      |
|    total_timesteps    | 198000   |
| train/                |          |
|    entropy_loss       | -2.75    |
|    explained_variance | 0.937    |
|    learning_rate      | 0.0007   |
|    n_updates          | 9899     |
|    policy_loss        | -0.00277 |
|    std                | 0.605    |
|    value_loss         | 0.000155 |
------------------------------------
------------------------------------
| rollout/              |          |
|    ep_len_mean        | 2.81     |
|    ep_rew_mean        | -0.223   |
|    success_rate       | 1        |
| time/                 |          |
|    fps                | 1315     |
|    iterations         | 10000    |
|    time_elapsed       | 152      |
|    total_timesteps    | 200000   |
| train/                |          |
|    entropy_loss       | -2.73    |
|    explained_variance | 0.98     |
|    learning_rate      | 0.0007   |
|    n_updates          | 9999     |
|    policy_loss        | 0.000329 |
|    std                | 0.603    |
|    value_loss         | 3.94e-05 |
------------------------------------
------------------------------------
| rollout/              |          |
|    ep_len_mean        | 2.72     |
|    ep_rew_mean        | -0.202   |
|    success_rate       | 1        |
| time/                 |          |
|    fps                | 1314     |
|    iterations         | 10100    |
|    time_elapsed       | 153      |
|    total_timesteps    | 202000   |
| train/                |          |
|    entropy_loss       | -2.73    |
|    explained_variance | 0.935    |
|    learning_rate      | 0.0007   |
|    n_updates          | 10099    |
|    policy_loss        | -0.0219  |
|    std                | 0.602    |
|    value_loss         | 0.000244 |
------------------------------------
------------------------------------
| rollout/              |          |
|    ep_len_mean        | 2.79     |
|    ep_rew_mean        | -0.216   |
|    success_rate       | 1        |
| time/                 |          |
|    fps                | 1315     |
|    iterations         | 10200    |
|    time_elapsed       | 155      |
|    total_timesteps    | 204000   |
| train/                |          |
|    entropy_loss       | -2.72    |
|    explained_variance | 0.93     |
|    learning_rate      | 0.0007   |
|    n_updates          | 10199    |
|    policy_loss        | -0.00625 |
|    std                | 0.601    |
|    value_loss         | 0.000117 |
------------------------------------
------------------------------------
| rollout/              |          |
|    ep_len_mean        | 2.91     |
|    ep_rew_mean        | -0.226   |
|    success_rate       | 1        |
| time/                 |          |
|    fps                | 1315     |
|    iterations         | 10300    |
|    time_elapsed       | 156      |
|    total_timesteps    | 206000   |
| train/                |          |
|    entropy_loss       | -2.72    |
|    explained_variance | 0.901    |
|    learning_rate      | 0.0007   |
|    n_updates          | 10299    |
|    policy_loss        | -0.014   |
|    std                | 0.599    |
|    value_loss         | 0.00015  |
------------------------------------
------------------------------------
| rollout/              |          |
|    ep_len_mean        | 2.83     |
|    ep_rew_mean        | -0.223   |
|    success_rate       | 1        |
| time/                 |          |
|    fps                | 1315     |
|    iterations         | 10400    |
|    time_elapsed       | 158      |
|    total_timesteps    | 208000   |
| train/                |          |
|    entropy_loss       | -2.69    |
|    explained_variance | 0.802    |
|    learning_rate      | 0.0007   |
|    n_updates          | 10399    |
|    policy_loss        | -0.0462  |
|    std                | 0.595    |
|    value_loss         | 0.000586 |
------------------------------------
------------------------------------
| rollout/              |          |
|    ep_len_mean        | 2.76     |
|    ep_rew_mean        | -0.21    |
|    success_rate       | 1        |
| time/                 |          |
|    fps                | 1315     |
|    iterations         | 10500    |
|    time_elapsed       | 159      |
|    total_timesteps    | 210000   |
| train/                |          |
|    entropy_loss       | -2.68    |
|    explained_variance | 0.94     |
|    learning_rate      | 0.0007   |
|    n_updates          | 10499    |
|    policy_loss        | -0.00504 |
|    std                | 0.592    |
|    value_loss         | 0.000146 |
------------------------------------
------------------------------------
| rollout/              |          |
|    ep_len_mean        | 2.76     |
|    ep_rew_mean        | -0.207   |
|    success_rate       | 1        |
| time/                 |          |
|    fps                | 1316     |
|    iterations         | 10600    |
|    time_elapsed       | 161      |
|    total_timesteps    | 212000   |
| train/                |          |
|    entropy_loss       | -2.67    |
|    explained_variance | 0.936    |
|    learning_rate      | 0.0007   |
|    n_updates          | 10599    |
|    policy_loss        | 0.0047   |
|    std                | 0.59     |
|    value_loss         | 6.86e-05 |
------------------------------------
------------------------------------
| rollout/              |          |
|    ep_len_mean        | 2.73     |
|    ep_rew_mean        | -0.207   |
|    success_rate       | 1        |
| time/                 |          |
|    fps                | 1316     |
|    iterations         | 10700    |
|    time_elapsed       | 162      |
|    total_timesteps    | 214000   |
| train/                |          |
|    entropy_loss       | -2.65    |
|    explained_variance | 0.828    |
|    learning_rate      | 0.0007   |
|    n_updates          | 10699    |
|    policy_loss        | 0.00873  |
|    std                | 0.585    |
|    value_loss         | 0.000229 |
------------------------------------
------------------------------------
| rollout/              |          |
|    ep_len_mean        | 2.85     |
|    ep_rew_mean        | -0.222   |
|    success_rate       | 1        |
| time/                 |          |
|    fps                | 1316     |
|    iterations         | 10800    |
|    time_elapsed       | 164      |
|    total_timesteps    | 216000   |
| train/                |          |
|    entropy_loss       | -2.65    |
|    explained_variance | 0.864    |
|    learning_rate      | 0.0007   |
|    n_updates          | 10799    |
|    policy_loss        | 0.0273   |
|    std                | 0.585    |
|    value_loss         | 0.000513 |
------------------------------------
------------------------------------
| rollout/              |          |
|    ep_len_mean        | 2.69     |
|    ep_rew_mean        | -0.207   |
|    success_rate       | 1        |
| time/                 |          |
|    fps                | 1316     |
|    iterations         | 10900    |
|    time_elapsed       | 165      |
|    total_timesteps    | 218000   |
| train/                |          |
|    entropy_loss       | -2.65    |
|    explained_variance | 0.923    |
|    learning_rate      | 0.0007   |
|    n_updates          | 10899    |
|    policy_loss        | -0.00592 |
|    std                | 0.585    |
|    value_loss         | 0.000276 |
------------------------------------
------------------------------------
| rollout/              |          |
|    ep_len_mean        | 2.81     |
|    ep_rew_mean        | -0.219   |
|    success_rate       | 1        |
| time/                 |          |
|    fps                | 1317     |
|    iterations         | 11000    |
|    time_elapsed       | 167      |
|    total_timesteps    | 220000   |
| train/                |          |
|    entropy_loss       | -2.64    |
|    explained_variance | 0.958    |
|    learning_rate      | 0.0007   |
|    n_updates          | 10999    |
|    policy_loss        | -0.0134  |
|    std                | 0.584    |
|    value_loss         | 9.25e-05 |
------------------------------------
------------------------------------
| rollout/              |          |
|    ep_len_mean        | 2.63     |
|    ep_rew_mean        | -0.198   |
|    success_rate       | 1        |
| time/                 |          |
|    fps                | 1317     |
|    iterations         | 11100    |
|    time_elapsed       | 168      |
|    total_timesteps    | 222000   |
| train/                |          |
|    entropy_loss       | -2.63    |
|    explained_variance | 0.898    |
|    learning_rate      | 0.0007   |
|    n_updates          | 11099    |
|    policy_loss        | -0.0196  |
|    std                | 0.582    |
|    value_loss         | 0.000324 |
------------------------------------
------------------------------------
| rollout/              |          |
|    ep_len_mean        | 2.88     |
|    ep_rew_mean        | -0.234   |
|    success_rate       | 1        |
| time/                 |          |
|    fps                | 1317     |
|    iterations         | 11200    |
|    time_elapsed       | 170      |
|    total_timesteps    | 224000   |
| train/                |          |
|    entropy_loss       | -2.61    |
|    explained_variance | 0.916    |
|    learning_rate      | 0.0007   |
|    n_updates          | 11199    |
|    policy_loss        | -0.0121  |
|    std                | 0.579    |
|    value_loss         | 0.00019  |
------------------------------------
------------------------------------
| rollout/              |          |
|    ep_len_mean        | 2.75     |
|    ep_rew_mean        | -0.207   |
|    success_rate       | 1        |
| time/                 |          |
|    fps                | 1317     |
|    iterations         | 11300    |
|    time_elapsed       | 171      |
|    total_timesteps    | 226000   |
| train/                |          |
|    entropy_loss       | -2.61    |
|    explained_variance | 0.965    |
|    learning_rate      | 0.0007   |
|    n_updates          | 11299    |
|    policy_loss        | -0.019   |
|    std                | 0.579    |
|    value_loss         | 0.000149 |
------------------------------------
------------------------------------
| rollout/              |          |
|    ep_len_mean        | 2.66     |
|    ep_rew_mean        | -0.197   |
|    success_rate       | 1        |
| time/                 |          |
|    fps                | 1317     |
|    iterations         | 11400    |
|    time_elapsed       | 173      |
|    total_timesteps    | 228000   |
| train/                |          |
|    entropy_loss       | -2.61    |
|    explained_variance | 0.925    |
|    learning_rate      | 0.0007   |
|    n_updates          | 11399    |
|    policy_loss        | -0.0219  |
|    std                | 0.579    |
|    value_loss         | 0.00019  |
------------------------------------
------------------------------------
| rollout/              |          |
|    ep_len_mean        | 2.78     |
|    ep_rew_mean        | -0.218   |
|    success_rate       | 1        |
| time/                 |          |
|    fps                | 1317     |
|    iterations         | 11500    |
|    time_elapsed       | 174      |
|    total_timesteps    | 230000   |
| train/                |          |
|    entropy_loss       | -2.61    |
|    explained_variance | 0.654    |
|    learning_rate      | 0.0007   |
|    n_updates          | 11499    |
|    policy_loss        | -0.00899 |
|    std                | 0.578    |
|    value_loss         | 0.000474 |
------------------------------------
------------------------------------
| rollout/              |          |
|    ep_len_mean        | 2.94     |
|    ep_rew_mean        | -0.235   |
|    success_rate       | 1        |
| time/                 |          |
|    fps                | 1318     |
|    iterations         | 11600    |
|    time_elapsed       | 176      |
|    total_timesteps    | 232000   |
| train/                |          |
|    entropy_loss       | -2.6     |
|    explained_variance | 0.82     |
|    learning_rate      | 0.0007   |
|    n_updates          | 11599    |
|    policy_loss        | -0.00433 |
|    std                | 0.576    |
|    value_loss         | 0.000545 |
------------------------------------
------------------------------------
| rollout/              |          |
|    ep_len_mean        | 3.14     |
|    ep_rew_mean        | -0.251   |
|    success_rate       | 1        |
| time/                 |          |
|    fps                | 1318     |
|    iterations         | 11700    |
|    time_elapsed       | 177      |
|    total_timesteps    | 234000   |
| train/                |          |
|    entropy_loss       | -2.6     |
|    explained_variance | -6.17    |
|    learning_rate      | 0.0007   |
|    n_updates          | 11699    |
|    policy_loss        | 0.0832   |
|    std                | 0.576    |
|    value_loss         | 0.0205   |
------------------------------------
------------------------------------
| rollout/              |          |
|    ep_len_mean        | 3.78     |
|    ep_rew_mean        | -0.312   |
|    success_rate       | 0.99     |
| time/                 |          |
|    fps                | 1318     |
|    iterations         | 11800    |
|    time_elapsed       | 179      |
|    total_timesteps    | 236000   |
| train/                |          |
|    entropy_loss       | -2.58    |
|    explained_variance | -0.436   |
|    learning_rate      | 0.0007   |
|    n_updates          | 11799    |
|    policy_loss        | 0.106    |
|    std                | 0.574    |
|    value_loss         | 0.0337   |
------------------------------------
------------------------------------
| rollout/              |          |
|    ep_len_mean        | 2.82     |
|    ep_rew_mean        | -0.222   |
|    success_rate       | 1        |
| time/                 |          |
|    fps                | 1318     |
|    iterations         | 11900    |
|    time_elapsed       | 180      |
|    total_timesteps    | 238000   |
| train/                |          |
|    entropy_loss       | -2.59    |
|    explained_variance | 0.836    |
|    learning_rate      | 0.0007   |
|    n_updates          | 11899    |
|    policy_loss        | -0.00432 |
|    std                | 0.575    |
|    value_loss         | 0.000399 |
------------------------------------
------------------------------------
| rollout/              |          |
|    ep_len_mean        | 2.76     |
|    ep_rew_mean        | -0.219   |
|    success_rate       | 1        |
| time/                 |          |
|    fps                | 1318     |
|    iterations         | 12000    |
|    time_elapsed       | 181      |
|    total_timesteps    | 240000   |
| train/                |          |
|    entropy_loss       | -2.59    |
|    explained_variance | 0.97     |
|    learning_rate      | 0.0007   |
|    n_updates          | 11999    |
|    policy_loss        | 0.00235  |
|    std                | 0.575    |
|    value_loss         | 8.25e-05 |
------------------------------------
------------------------------------
| rollout/              |          |
|    ep_len_mean        | 2.87     |
|    ep_rew_mean        | -0.226   |
|    success_rate       | 1        |
| time/                 |          |
|    fps                | 1319     |
|    iterations         | 12100    |
|    time_elapsed       | 183      |
|    total_timesteps    | 242000   |
| train/                |          |
|    entropy_loss       | -2.58    |
|    explained_variance | 0.94     |
|    learning_rate      | 0.0007   |
|    n_updates          | 12099    |
|    policy_loss        | -0.0169  |
|    std                | 0.572    |
|    value_loss         | 0.000164 |
------------------------------------
------------------------------------
| rollout/              |          |
|    ep_len_mean        | 2.8      |
|    ep_rew_mean        | -0.218   |
|    success_rate       | 1        |
| time/                 |          |
|    fps                | 1319     |
|    iterations         | 12200    |
|    time_elapsed       | 184      |
|    total_timesteps    | 244000   |
| train/                |          |
|    entropy_loss       | -2.55    |
|    explained_variance | 0.898    |
|    learning_rate      | 0.0007   |
|    n_updates          | 12199    |
|    policy_loss        | -0.0181  |
|    std                | 0.568    |
|    value_loss         | 0.000341 |
------------------------------------
------------------------------------
| rollout/              |          |
|    ep_len_mean        | 2.78     |
|    ep_rew_mean        | -0.216   |
|    success_rate       | 1        |
| time/                 |          |
|    fps                | 1319     |
|    iterations         | 12300    |
|    time_elapsed       | 186      |
|    total_timesteps    | 246000   |
| train/                |          |
|    entropy_loss       | -2.54    |
|    explained_variance | 0.937    |
|    learning_rate      | 0.0007   |
|    n_updates          | 12299    |
|    policy_loss        | -0.00532 |
|    std                | 0.566    |
|    value_loss         | 0.000225 |
------------------------------------
------------------------------------
| rollout/              |          |
|    ep_len_mean        | 2.91     |
|    ep_rew_mean        | -0.233   |
|    success_rate       | 1        |
| time/                 |          |
|    fps                | 1319     |
|    iterations         | 12400    |
|    time_elapsed       | 187      |
|    total_timesteps    | 248000   |
| train/                |          |
|    entropy_loss       | -2.54    |
|    explained_variance | 0.963    |
|    learning_rate      | 0.0007   |
|    n_updates          | 12399    |
|    policy_loss        | 0.00518  |
|    std                | 0.566    |
|    value_loss         | 0.000105 |
------------------------------------
------------------------------------
| rollout/              |          |
|    ep_len_mean        | 2.81     |
|    ep_rew_mean        | -0.223   |
|    success_rate       | 1        |
| time/                 |          |
|    fps                | 1319     |
|    iterations         | 12500    |
|    time_elapsed       | 189      |
|    total_timesteps    | 250000   |
| train/                |          |
|    entropy_loss       | -2.53    |
|    explained_variance | 0.901    |
|    learning_rate      | 0.0007   |
|    n_updates          | 12499    |
|    policy_loss        | -0.0375  |
|    std                | 0.562    |
|    value_loss         | 0.000419 |
------------------------------------
------------------------------------
| rollout/              |          |
|    ep_len_mean        | 2.76     |
|    ep_rew_mean        | -0.212   |
|    success_rate       | 1        |
| time/                 |          |
|    fps                | 1319     |
|    iterations         | 12600    |
|    time_elapsed       | 190      |
|    total_timesteps    | 252000   |
| train/                |          |
|    entropy_loss       | -2.49    |
|    explained_variance | 0.696    |
|    learning_rate      | 0.0007   |
|    n_updates          | 12599    |
|    policy_loss        | -0.0041  |
|    std                | 0.556    |
|    value_loss         | 0.000732 |
------------------------------------
------------------------------------
| rollout/              |          |
|    ep_len_mean        | 2.84     |
|    ep_rew_mean        | -0.226   |
|    success_rate       | 1        |
| time/                 |          |
|    fps                | 1320     |
|    iterations         | 12700    |
|    time_elapsed       | 192      |
|    total_timesteps    | 254000   |
| train/                |          |
|    entropy_loss       | -2.46    |
|    explained_variance | 0.952    |
|    learning_rate      | 0.0007   |
|    n_updates          | 12699    |
|    policy_loss        | 0.00294  |
|    std                | 0.551    |
|    value_loss         | 0.000125 |
------------------------------------
------------------------------------
| rollout/              |          |
|    ep_len_mean        | 2.75     |
|    ep_rew_mean        | -0.214   |
|    success_rate       | 1        |
| time/                 |          |
|    fps                | 1320     |
|    iterations         | 12800    |
|    time_elapsed       | 193      |
|    total_timesteps    | 256000   |
| train/                |          |
|    entropy_loss       | -2.43    |
|    explained_variance | 0.912    |
|    learning_rate      | 0.0007   |
|    n_updates          | 12799    |
|    policy_loss        | -0.00846 |
|    std                | 0.546    |
|    value_loss         | 0.000168 |
------------------------------------
------------------------------------
| rollout/              |          |
|    ep_len_mean        | 2.83     |
|    ep_rew_mean        | -0.225   |
|    success_rate       | 1        |
| time/                 |          |
|    fps                | 1320     |
|    iterations         | 12900    |
|    time_elapsed       | 195      |
|    total_timesteps    | 258000   |
| train/                |          |
|    entropy_loss       | -2.44    |
|    explained_variance | 0.893    |
|    learning_rate      | 0.0007   |
|    n_updates          | 12899    |
|    policy_loss        | 0.0271   |
|    std                | 0.547    |
|    value_loss         | 0.000359 |
------------------------------------
------------------------------------
| rollout/              |          |
|    ep_len_mean        | 2.67     |
|    ep_rew_mean        | -0.215   |
|    success_rate       | 1        |
| time/                 |          |
|    fps                | 1320     |
|    iterations         | 13000    |
|    time_elapsed       | 196      |
|    total_timesteps    | 260000   |
| train/                |          |
|    entropy_loss       | -2.41    |
|    explained_variance | 0.856    |
|    learning_rate      | 0.0007   |
|    n_updates          | 12999    |
|    policy_loss        | 0.0094   |
|    std                | 0.542    |
|    value_loss         | 0.000324 |
------------------------------------
------------------------------------
| rollout/              |          |
|    ep_len_mean        | 2.86     |
|    ep_rew_mean        | -0.222   |
|    success_rate       | 1        |
| time/                 |          |
|    fps                | 1320     |
|    iterations         | 13100    |
|    time_elapsed       | 198      |
|    total_timesteps    | 262000   |
| train/                |          |
|    entropy_loss       | -2.38    |
|    explained_variance | 0.927    |
|    learning_rate      | 0.0007   |
|    n_updates          | 13099    |
|    policy_loss        | 0.0156   |
|    std                | 0.538    |
|    value_loss         | 0.000176 |
------------------------------------
------------------------------------
| rollout/              |          |
|    ep_len_mean        | 2.75     |
|    ep_rew_mean        | -0.207   |
|    success_rate       | 1        |
| time/                 |          |
|    fps                | 1320     |
|    iterations         | 13200    |
|    time_elapsed       | 199      |
|    total_timesteps    | 264000   |
| train/                |          |
|    entropy_loss       | -2.37    |
|    explained_variance | 0.97     |
|    learning_rate      | 0.0007   |
|    n_updates          | 13199    |
|    policy_loss        | -0.00222 |
|    std                | 0.536    |
|    value_loss         | 9.9e-05  |
------------------------------------
------------------------------------
| rollout/              |          |
|    ep_len_mean        | 2.85     |
|    ep_rew_mean        | -0.221   |
|    success_rate       | 1        |
| time/                 |          |
|    fps                | 1320     |
|    iterations         | 13300    |
|    time_elapsed       | 201      |
|    total_timesteps    | 266000   |
| train/                |          |
|    entropy_loss       | -2.36    |
|    explained_variance | 0.908    |
|    learning_rate      | 0.0007   |
|    n_updates          | 13299    |
|    policy_loss        | 0.03     |
|    std                | 0.535    |
|    value_loss         | 0.000344 |
------------------------------------
------------------------------------
| rollout/              |          |
|    ep_len_mean        | 2.76     |
|    ep_rew_mean        | -0.211   |
|    success_rate       | 1        |
| time/                 |          |
|    fps                | 1320     |
|    iterations         | 13400    |
|    time_elapsed       | 202      |
|    total_timesteps    | 268000   |
| train/                |          |
|    entropy_loss       | -2.36    |
|    explained_variance | 0.926    |
|    learning_rate      | 0.0007   |
|    n_updates          | 13399    |
|    policy_loss        | -0.0128  |
|    std                | 0.534    |
|    value_loss         | 0.000195 |
------------------------------------
------------------------------------
| rollout/              |          |
|    ep_len_mean        | 2.75     |
|    ep_rew_mean        | -0.22    |
|    success_rate       | 1        |
| time/                 |          |
|    fps                | 1321     |
|    iterations         | 13500    |
|    time_elapsed       | 204      |
|    total_timesteps    | 270000   |
| train/                |          |
|    entropy_loss       | -2.34    |
|    explained_variance | 0.896    |
|    learning_rate      | 0.0007   |
|    n_updates          | 13499    |
|    policy_loss        | 0.0204   |
|    std                | 0.531    |
|    value_loss         | 0.00028  |
------------------------------------
------------------------------------
| rollout/              |          |
|    ep_len_mean        | 2.81     |
|    ep_rew_mean        | -0.214   |
|    success_rate       | 1        |
| time/                 |          |
|    fps                | 1321     |
|    iterations         | 13600    |
|    time_elapsed       | 205      |
|    total_timesteps    | 272000   |
| train/                |          |
|    entropy_loss       | -2.31    |
|    explained_variance | 0.958    |
|    learning_rate      | 0.0007   |
|    n_updates          | 13599    |
|    policy_loss        | 0.00124  |
|    std                | 0.526    |
|    value_loss         | 0.00017  |
------------------------------------
------------------------------------
| rollout/              |          |
|    ep_len_mean        | 2.88     |
|    ep_rew_mean        | -0.224   |
|    success_rate       | 1        |
| time/                 |          |
|    fps                | 1321     |
|    iterations         | 13700    |
|    time_elapsed       | 207      |
|    total_timesteps    | 274000   |
| train/                |          |
|    entropy_loss       | -2.28    |
|    explained_variance | 0.809    |
|    learning_rate      | 0.0007   |
|    n_updates          | 13699    |
|    policy_loss        | -0.0209  |
|    std                | 0.52     |
|    value_loss         | 0.000526 |
------------------------------------
------------------------------------
| rollout/              |          |
|    ep_len_mean        | 2.69     |
|    ep_rew_mean        | -0.205   |
|    success_rate       | 1        |
| time/                 |          |
|    fps                | 1321     |
|    iterations         | 13800    |
|    time_elapsed       | 208      |
|    total_timesteps    | 276000   |
| train/                |          |
|    entropy_loss       | -2.25    |
|    explained_variance | 0.934    |
|    learning_rate      | 0.0007   |
|    n_updates          | 13799    |
|    policy_loss        | 0.0399   |
|    std                | 0.517    |
|    value_loss         | 0.00042  |
------------------------------------
------------------------------------
| rollout/              |          |
|    ep_len_mean        | 2.68     |
|    ep_rew_mean        | -0.204   |
|    success_rate       | 1        |
| time/                 |          |
|    fps                | 1321     |
|    iterations         | 13900    |
|    time_elapsed       | 210      |
|    total_timesteps    | 278000   |
| train/                |          |
|    entropy_loss       | -2.24    |
|    explained_variance | 0.952    |
|    learning_rate      | 0.0007   |
|    n_updates          | 13899    |
|    policy_loss        | -0.00606 |
|    std                | 0.514    |
|    value_loss         | 0.000145 |
------------------------------------
------------------------------------
| rollout/              |          |
|    ep_len_mean        | 2.65     |
|    ep_rew_mean        | -0.202   |
|    success_rate       | 1        |
| time/                 |          |
|    fps                | 1322     |
|    iterations         | 14000    |
|    time_elapsed       | 211      |
|    total_timesteps    | 280000   |
| train/                |          |
|    entropy_loss       | -2.24    |
|    explained_variance | 0.928    |
|    learning_rate      | 0.0007   |
|    n_updates          | 13999    |
|    policy_loss        | 0.0266   |
|    std                | 0.514    |
|    value_loss         | 0.000307 |
------------------------------------
------------------------------------
| rollout/              |          |
|    ep_len_mean        | 2.96     |
|    ep_rew_mean        | -0.237   |
|    success_rate       | 1        |
| time/                 |          |
|    fps                | 1322     |
|    iterations         | 14100    |
|    time_elapsed       | 213      |
|    total_timesteps    | 282000   |
| train/                |          |
|    entropy_loss       | -2.25    |
|    explained_variance | 0.877    |
|    learning_rate      | 0.0007   |
|    n_updates          | 14099    |
|    policy_loss        | 0.0102   |
|    std                | 0.515    |
|    value_loss         | 0.000344 |
------------------------------------
------------------------------------
| rollout/              |          |
|    ep_len_mean        | 2.57     |
|    ep_rew_mean        | -0.193   |
|    success_rate       | 1        |
| time/                 |          |
|    fps                | 1322     |
|    iterations         | 14200    |
|    time_elapsed       | 214      |
|    total_timesteps    | 284000   |
| train/                |          |
|    entropy_loss       | -2.25    |
|    explained_variance | 0.911    |
|    learning_rate      | 0.0007   |
|    n_updates          | 14199    |
|    policy_loss        | -0.00704 |
|    std                | 0.515    |
|    value_loss         | 0.000118 |
------------------------------------
------------------------------------
| rollout/              |          |
|    ep_len_mean        | 2.78     |
|    ep_rew_mean        | -0.218   |
|    success_rate       | 1        |
| time/                 |          |
|    fps                | 1322     |
|    iterations         | 14300    |
|    time_elapsed       | 216      |
|    total_timesteps    | 286000   |
| train/                |          |
|    entropy_loss       | -2.23    |
|    explained_variance | 0.877    |
|    learning_rate      | 0.0007   |
|    n_updates          | 14299    |
|    policy_loss        | 0.00226  |
|    std                | 0.512    |
|    value_loss         | 0.000228 |
------------------------------------
------------------------------------
| rollout/              |          |
|    ep_len_mean        | 2.72     |
|    ep_rew_mean        | -0.208   |
|    success_rate       | 1        |
| time/                 |          |
|    fps                | 1322     |
|    iterations         | 14400    |
|    time_elapsed       | 217      |
|    total_timesteps    | 288000   |
| train/                |          |
|    entropy_loss       | -2.21    |
|    explained_variance | 0.738    |
|    learning_rate      | 0.0007   |
|    n_updates          | 14399    |
|    policy_loss        | -0.00829 |
|    std                | 0.508    |
|    value_loss         | 0.00124  |
------------------------------------
------------------------------------
| rollout/              |          |
|    ep_len_mean        | 2.75     |
|    ep_rew_mean        | -0.212   |
|    success_rate       | 1        |
| time/                 |          |
|    fps                | 1322     |
|    iterations         | 14500    |
|    time_elapsed       | 219      |
|    total_timesteps    | 290000   |
| train/                |          |
|    entropy_loss       | -2.18    |
|    explained_variance | 0.957    |
|    learning_rate      | 0.0007   |
|    n_updates          | 14499    |
|    policy_loss        | -0.0101  |
|    std                | 0.504    |
|    value_loss         | 0.000122 |
------------------------------------
------------------------------------
| rollout/              |          |
|    ep_len_mean        | 2.74     |
|    ep_rew_mean        | -0.218   |
|    success_rate       | 1        |
| time/                 |          |
|    fps                | 1323     |
|    iterations         | 14600    |
|    time_elapsed       | 220      |
|    total_timesteps    | 292000   |
| train/                |          |
|    entropy_loss       | -2.18    |
|    explained_variance | 0.94     |
|    learning_rate      | 0.0007   |
|    n_updates          | 14599    |
|    policy_loss        | 0.00616  |
|    std                | 0.504    |
|    value_loss         | 0.000294 |
------------------------------------
------------------------------------
| rollout/              |          |
|    ep_len_mean        | 2.83     |
|    ep_rew_mean        | -0.215   |
|    success_rate       | 1        |
| time/                 |          |
|    fps                | 1323     |
|    iterations         | 14700    |
|    time_elapsed       | 222      |
|    total_timesteps    | 294000   |
| train/                |          |
|    entropy_loss       | -2.16    |
|    explained_variance | 0.975    |
|    learning_rate      | 0.0007   |
|    n_updates          | 14699    |
|    policy_loss        | -0.00381 |
|    std                | 0.501    |
|    value_loss         | 6.96e-05 |
------------------------------------
------------------------------------
| rollout/              |          |
|    ep_len_mean        | 2.7      |
|    ep_rew_mean        | -0.212   |
|    success_rate       | 1        |
| time/                 |          |
|    fps                | 1323     |
|    iterations         | 14800    |
|    time_elapsed       | 223      |
|    total_timesteps    | 296000   |
| train/                |          |
|    entropy_loss       | -2.13    |
|    explained_variance | 0.957    |
|    learning_rate      | 0.0007   |
|    n_updates          | 14799    |
|    policy_loss        | -0.0289  |
|    std                | 0.496    |
|    value_loss         | 0.000226 |
------------------------------------
------------------------------------
| rollout/              |          |
|    ep_len_mean        | 2.76     |
|    ep_rew_mean        | -0.213   |
|    success_rate       | 1        |
| time/                 |          |
|    fps                | 1323     |
|    iterations         | 14900    |
|    time_elapsed       | 225      |
|    total_timesteps    | 298000   |
| train/                |          |
|    entropy_loss       | -2.12    |
|    explained_variance | 0.95     |
|    learning_rate      | 0.0007   |
|    n_updates          | 14899    |
|    policy_loss        | -0.00553 |
|    std                | 0.495    |
|    value_loss         | 0.000172 |
------------------------------------
------------------------------------
| rollout/              |          |
|    ep_len_mean        | 2.71     |
|    ep_rew_mean        | -0.206   |
|    success_rate       | 1        |
| time/                 |          |
|    fps                | 1323     |
|    iterations         | 15000    |
|    time_elapsed       | 226      |
|    total_timesteps    | 300000   |
| train/                |          |
|    entropy_loss       | -2.09    |
|    explained_variance | 0.954    |
|    learning_rate      | 0.0007   |
|    n_updates          | 14999    |
|    policy_loss        | 0.00616  |
|    std                | 0.491    |
|    value_loss         | 0.000122 |
------------------------------------
------------------------------------
| rollout/              |          |
|    ep_len_mean        | 2.68     |
|    ep_rew_mean        | -0.213   |
|    success_rate       | 1        |
| time/                 |          |
|    fps                | 1323     |
|    iterations         | 15100    |
|    time_elapsed       | 228      |
|    total_timesteps    | 302000   |
| train/                |          |
|    entropy_loss       | -2.1     |
|    explained_variance | 0.942    |
|    learning_rate      | 0.0007   |
|    n_updates          | 15099    |
|    policy_loss        | -0.00208 |
|    std                | 0.492    |
|    value_loss         | 0.000236 |
------------------------------------
------------------------------------
| rollout/              |          |
|    ep_len_mean        | 2.67     |
|    ep_rew_mean        | -0.201   |
|    success_rate       | 1        |
| time/                 |          |
|    fps                | 1323     |
|    iterations         | 15200    |
|    time_elapsed       | 229      |
|    total_timesteps    | 304000   |
| train/                |          |
|    entropy_loss       | -2.09    |
|    explained_variance | 0.651    |
|    learning_rate      | 0.0007   |
|    n_updates          | 15199    |
|    policy_loss        | -0.038   |
|    std                | 0.49     |
|    value_loss         | 0.000899 |
------------------------------------
------------------------------------
| rollout/              |          |
|    ep_len_mean        | 2.81     |
|    ep_rew_mean        | -0.216   |
|    success_rate       | 1        |
| time/                 |          |
|    fps                | 1323     |
|    iterations         | 15300    |
|    time_elapsed       | 231      |
|    total_timesteps    | 306000   |
| train/                |          |
|    entropy_loss       | -2.07    |
|    explained_variance | 0.844    |
|    learning_rate      | 0.0007   |
|    n_updates          | 15299    |
|    policy_loss        | 0.0119   |
|    std                | 0.487    |
|    value_loss         | 0.000582 |
------------------------------------
------------------------------------
| rollout/              |          |
|    ep_len_mean        | 2.99     |
|    ep_rew_mean        | -0.229   |
|    success_rate       | 1        |
| time/                 |          |
|    fps                | 1323     |
|    iterations         | 15400    |
|    time_elapsed       | 232      |
|    total_timesteps    | 308000   |
| train/                |          |
|    entropy_loss       | -2.08    |
|    explained_variance | 0.889    |
|    learning_rate      | 0.0007   |
|    n_updates          | 15399    |
|    policy_loss        | -0.00728 |
|    std                | 0.489    |
|    value_loss         | 0.000302 |
------------------------------------
------------------------------------
| rollout/              |          |
|    ep_len_mean        | 2.83     |
|    ep_rew_mean        | -0.227   |
|    success_rate       | 1        |
| time/                 |          |
|    fps                | 1324     |
|    iterations         | 15500    |
|    time_elapsed       | 234      |
|    total_timesteps    | 310000   |
| train/                |          |
|    entropy_loss       | -2.08    |
|    explained_variance | 0.951    |
|    learning_rate      | 0.0007   |
|    n_updates          | 15499    |
|    policy_loss        | -0.00716 |
|    std                | 0.489    |
|    value_loss         | 0.000195 |
------------------------------------
------------------------------------
| rollout/              |          |
|    ep_len_mean        | 2.61     |
|    ep_rew_mean        | -0.197   |
|    success_rate       | 1        |
| time/                 |          |
|    fps                | 1323     |
|    iterations         | 15600    |
|    time_elapsed       | 235      |
|    total_timesteps    | 312000   |
| train/                |          |
|    entropy_loss       | -2.07    |
|    explained_variance | 0.986    |
|    learning_rate      | 0.0007   |
|    n_updates          | 15599    |
|    policy_loss        | -0.00882 |
|    std                | 0.487    |
|    value_loss         | 7.48e-05 |
------------------------------------
------------------------------------
| rollout/              |          |
|    ep_len_mean        | 2.79     |
|    ep_rew_mean        | -0.218   |
|    success_rate       | 1        |
| time/                 |          |
|    fps                | 1324     |
|    iterations         | 15700    |
|    time_elapsed       | 237      |
|    total_timesteps    | 314000   |
| train/                |          |
|    entropy_loss       | -2.05    |
|    explained_variance | 0.942    |
|    learning_rate      | 0.0007   |
|    n_updates          | 15699    |
|    policy_loss        | -0.00722 |
|    std                | 0.485    |
|    value_loss         | 0.000133 |
------------------------------------
------------------------------------
| rollout/              |          |
|    ep_len_mean        | 2.64     |
|    ep_rew_mean        | -0.197   |
|    success_rate       | 1        |
| time/                 |          |
|    fps                | 1324     |
|    iterations         | 15800    |
|    time_elapsed       | 238      |
|    total_timesteps    | 316000   |
| train/                |          |
|    entropy_loss       | -2.03    |
|    explained_variance | 0.884    |
|    learning_rate      | 0.0007   |
|    n_updates          | 15799    |
|    policy_loss        | 0.0217   |
|    std                | 0.481    |
|    value_loss         | 0.000393 |
------------------------------------
------------------------------------
| rollout/              |          |
|    ep_len_mean        | 2.83     |
|    ep_rew_mean        | -0.225   |
|    success_rate       | 1        |
| time/                 |          |
|    fps                | 1324     |
|    iterations         | 15900    |
|    time_elapsed       | 240      |
|    total_timesteps    | 318000   |
| train/                |          |
|    entropy_loss       | -2.02    |
|    explained_variance | 0.976    |
|    learning_rate      | 0.0007   |
|    n_updates          | 15899    |
|    policy_loss        | 0.0107   |
|    std                | 0.481    |
|    value_loss         | 0.000103 |
------------------------------------
------------------------------------
| rollout/              |          |
|    ep_len_mean        | 2.81     |
|    ep_rew_mean        | -0.221   |
|    success_rate       | 1        |
| time/                 |          |
|    fps                | 1324     |
|    iterations         | 16000    |
|    time_elapsed       | 241      |
|    total_timesteps    | 320000   |
| train/                |          |
|    entropy_loss       | -2.02    |
|    explained_variance | 0.941    |
|    learning_rate      | 0.0007   |
|    n_updates          | 15999    |
|    policy_loss        | -0.00427 |
|    std                | 0.481    |
|    value_loss         | 0.000137 |
------------------------------------
------------------------------------
| rollout/              |          |
|    ep_len_mean        | 2.64     |
|    ep_rew_mean        | -0.204   |
|    success_rate       | 1        |
| time/                 |          |
|    fps                | 1324     |
|    iterations         | 16100    |
|    time_elapsed       | 243      |
|    total_timesteps    | 322000   |
| train/                |          |
|    entropy_loss       | -2.01    |
|    explained_variance | 0.963    |
|    learning_rate      | 0.0007   |
|    n_updates          | 16099    |
|    policy_loss        | -0.0198  |
|    std                | 0.48     |
|    value_loss         | 0.000266 |
------------------------------------
------------------------------------
| rollout/              |          |
|    ep_len_mean        | 2.61     |
|    ep_rew_mean        | -0.185   |
|    success_rate       | 1        |
| time/                 |          |
|    fps                | 1324     |
|    iterations         | 16200    |
|    time_elapsed       | 244      |
|    total_timesteps    | 324000   |
| train/                |          |
|    entropy_loss       | -1.99    |
|    explained_variance | 0.946    |
|    learning_rate      | 0.0007   |
|    n_updates          | 16199    |
|    policy_loss        | 0.00192  |
|    std                | 0.477    |
|    value_loss         | 7.38e-05 |
------------------------------------
------------------------------------
| rollout/              |          |
|    ep_len_mean        | 2.79     |
|    ep_rew_mean        | -0.219   |
|    success_rate       | 1        |
| time/                 |          |
|    fps                | 1324     |
|    iterations         | 16300    |
|    time_elapsed       | 246      |
|    total_timesteps    | 326000   |
| train/                |          |
|    entropy_loss       | -1.99    |
|    explained_variance | 0.981    |
|    learning_rate      | 0.0007   |
|    n_updates          | 16299    |
|    policy_loss        | -0.0126  |
|    std                | 0.475    |
|    value_loss         | 9.29e-05 |
------------------------------------
------------------------------------
| rollout/              |          |
|    ep_len_mean        | 2.72     |
|    ep_rew_mean        | -0.207   |
|    success_rate       | 1        |
| time/                 |          |
|    fps                | 1324     |
|    iterations         | 16400    |
|    time_elapsed       | 247      |
|    total_timesteps    | 328000   |
| train/                |          |
|    entropy_loss       | -1.97    |
|    explained_variance | 0.459    |
|    learning_rate      | 0.0007   |
|    n_updates          | 16399    |
|    policy_loss        | 0.0372   |
|    std                | 0.473    |
|    value_loss         | 0.00109  |
------------------------------------
------------------------------------
| rollout/              |          |
|    ep_len_mean        | 2.69     |
|    ep_rew_mean        | -0.207   |
|    success_rate       | 1        |
| time/                 |          |
|    fps                | 1325     |
|    iterations         | 16500    |
|    time_elapsed       | 249      |
|    total_timesteps    | 330000   |
| train/                |          |
|    entropy_loss       | -1.98    |
|    explained_variance | 0.967    |
|    learning_rate      | 0.0007   |
|    n_updates          | 16499    |
|    policy_loss        | 0.00316  |
|    std                | 0.475    |
|    value_loss         | 9.2e-05  |
------------------------------------
------------------------------------
| rollout/              |          |
|    ep_len_mean        | 2.79     |
|    ep_rew_mean        | -0.221   |
|    success_rate       | 1        |
| time/                 |          |
|    fps                | 1325     |
|    iterations         | 16600    |
|    time_elapsed       | 250      |
|    total_timesteps    | 332000   |
| train/                |          |
|    entropy_loss       | -1.96    |
|    explained_variance | 0.604    |
|    learning_rate      | 0.0007   |
|    n_updates          | 16599    |
|    policy_loss        | -0.00373 |
|    std                | 0.473    |
|    value_loss         | 0.00185  |
------------------------------------
------------------------------------
| rollout/              |          |
|    ep_len_mean        | 2.71     |
|    ep_rew_mean        | -0.209   |
|    success_rate       | 1        |
| time/                 |          |
|    fps                | 1325     |
|    iterations         | 16700    |
|    time_elapsed       | 252      |
|    total_timesteps    | 334000   |
| train/                |          |
|    entropy_loss       | -1.96    |
|    explained_variance | 0.974    |
|    learning_rate      | 0.0007   |
|    n_updates          | 16699    |
|    policy_loss        | -0.00572 |
|    std                | 0.471    |
|    value_loss         | 5.96e-05 |
------------------------------------
------------------------------------
| rollout/              |          |
|    ep_len_mean        | 2.78     |
|    ep_rew_mean        | -0.219   |
|    success_rate       | 1        |
| time/                 |          |
|    fps                | 1325     |
|    iterations         | 16800    |
|    time_elapsed       | 253      |
|    total_timesteps    | 336000   |
| train/                |          |
|    entropy_loss       | -1.94    |
|    explained_variance | 0.818    |
|    learning_rate      | 0.0007   |
|    n_updates          | 16799    |
|    policy_loss        | -0.003   |
|    std                | 0.469    |
|    value_loss         | 0.000779 |
------------------------------------
------------------------------------
| rollout/              |          |
|    ep_len_mean        | 2.98     |
|    ep_rew_mean        | -0.238   |
|    success_rate       | 1        |
| time/                 |          |
|    fps                | 1325     |
|    iterations         | 16900    |
|    time_elapsed       | 254      |
|    total_timesteps    | 338000   |
| train/                |          |
|    entropy_loss       | -1.93    |
|    explained_variance | 0.916    |
|    learning_rate      | 0.0007   |
|    n_updates          | 16899    |
|    policy_loss        | 0.0254   |
|    std                | 0.468    |
|    value_loss         | 0.000551 |
------------------------------------
------------------------------------
| rollout/              |          |
|    ep_len_mean        | 2.87     |
|    ep_rew_mean        | -0.227   |
|    success_rate       | 1        |
| time/                 |          |
|    fps                | 1325     |
|    iterations         | 17000    |
|    time_elapsed       | 256      |
|    total_timesteps    | 340000   |
| train/                |          |
|    entropy_loss       | -1.91    |
|    explained_variance | 0.981    |
|    learning_rate      | 0.0007   |
|    n_updates          | 16999    |
|    policy_loss        | 0.01     |
|    std                | 0.465    |
|    value_loss         | 0.000101 |
------------------------------------
------------------------------------
| rollout/              |          |
|    ep_len_mean        | 2.79     |
|    ep_rew_mean        | -0.221   |
|    success_rate       | 1        |
| time/                 |          |
|    fps                | 1325     |
|    iterations         | 17100    |
|    time_elapsed       | 257      |
|    total_timesteps    | 342000   |
| train/                |          |
|    entropy_loss       | -1.9     |
|    explained_variance | 0.947    |
|    learning_rate      | 0.0007   |
|    n_updates          | 17099    |
|    policy_loss        | 0.00938  |
|    std                | 0.464    |
|    value_loss         | 0.000299 |
------------------------------------
------------------------------------
| rollout/              |          |
|    ep_len_mean        | 2.84     |
|    ep_rew_mean        | -0.219   |
|    success_rate       | 1        |
| time/                 |          |
|    fps                | 1325     |
|    iterations         | 17200    |
|    time_elapsed       | 259      |
|    total_timesteps    | 344000   |
| train/                |          |
|    entropy_loss       | -1.88    |
|    explained_variance | 0.926    |
|    learning_rate      | 0.0007   |
|    n_updates          | 17199    |
|    policy_loss        | -0.0277  |
|    std                | 0.461    |
|    value_loss         | 0.000274 |
------------------------------------
------------------------------------
| rollout/              |          |
|    ep_len_mean        | 2.73     |
|    ep_rew_mean        | -0.206   |
|    success_rate       | 1        |
| time/                 |          |
|    fps                | 1325     |
|    iterations         | 17300    |
|    time_elapsed       | 260      |
|    total_timesteps    | 346000   |
| train/                |          |
|    entropy_loss       | -1.86    |
|    explained_variance | 0.939    |
|    learning_rate      | 0.0007   |
|    n_updates          | 17299    |
|    policy_loss        | -0.00859 |
|    std                | 0.458    |
|    value_loss         | 0.00022  |
------------------------------------
-------------------------------------
| rollout/              |           |
|    ep_len_mean        | 2.77      |
|    ep_rew_mean        | -0.224    |
|    success_rate       | 1         |
| time/                 |           |
|    fps                | 1326      |
|    iterations         | 17400     |
|    time_elapsed       | 262       |
|    total_timesteps    | 348000    |
| train/                |           |
|    entropy_loss       | -1.86     |
|    explained_variance | 0.982     |
|    learning_rate      | 0.0007    |
|    n_updates          | 17399     |
|    policy_loss        | -0.000251 |
|    std                | 0.458     |
|    value_loss         | 0.000105  |
-------------------------------------
------------------------------------
| rollout/              |          |
|    ep_len_mean        | 2.7      |
|    ep_rew_mean        | -0.21    |
|    success_rate       | 1        |
| time/                 |          |
|    fps                | 1326     |
|    iterations         | 17500    |
|    time_elapsed       | 263      |
|    total_timesteps    | 350000   |
| train/                |          |
|    entropy_loss       | -1.84    |
|    explained_variance | 0.797    |
|    learning_rate      | 0.0007   |
|    n_updates          | 17499    |
|    policy_loss        | -0.0218  |
|    std                | 0.455    |
|    value_loss         | 0.00148  |
------------------------------------
------------------------------------
| rollout/              |          |
|    ep_len_mean        | 2.79     |
|    ep_rew_mean        | -0.22    |
|    success_rate       | 1        |
| time/                 |          |
|    fps                | 1326     |
|    iterations         | 17600    |
|    time_elapsed       | 265      |
|    total_timesteps    | 352000   |
| train/                |          |
|    entropy_loss       | -1.82    |
|    explained_variance | 0.889    |
|    learning_rate      | 0.0007   |
|    n_updates          | 17599    |
|    policy_loss        | -0.00106 |
|    std                | 0.453    |
|    value_loss         | 0.000358 |
------------------------------------
------------------------------------
| rollout/              |          |
|    ep_len_mean        | 2.96     |
|    ep_rew_mean        | -0.234   |
|    success_rate       | 1        |
| time/                 |          |
|    fps                | 1326     |
|    iterations         | 17700    |
|    time_elapsed       | 266      |
|    total_timesteps    | 354000   |
| train/                |          |
|    entropy_loss       | -1.84    |
|    explained_variance | 0.737    |
|    learning_rate      | 0.0007   |
|    n_updates          | 17699    |
|    policy_loss        | 0.0251   |
|    std                | 0.454    |
|    value_loss         | 0.0078   |
------------------------------------
------------------------------------
| rollout/              |          |
|    ep_len_mean        | 3.69     |
|    ep_rew_mean        | -0.299   |
|    success_rate       | 0.98     |
| time/                 |          |
|    fps                | 1326     |
|    iterations         | 17800    |
|    time_elapsed       | 268      |
|    total_timesteps    | 356000   |
| train/                |          |
|    entropy_loss       | -1.83    |
|    explained_variance | 0.904    |
|    learning_rate      | 0.0007   |
|    n_updates          | 17799    |
|    policy_loss        | -0.0292  |
|    std                | 0.453    |
|    value_loss         | 0.00061  |
------------------------------------
------------------------------------
| rollout/              |          |
|    ep_len_mean        | 2.72     |
|    ep_rew_mean        | -0.203   |
|    success_rate       | 1        |
| time/                 |          |
|    fps                | 1326     |
|    iterations         | 17900    |
|    time_elapsed       | 269      |
|    total_timesteps    | 358000   |
| train/                |          |
|    entropy_loss       | -1.82    |
|    explained_variance | 0.688    |
|    learning_rate      | 0.0007   |
|    n_updates          | 17899    |
|    policy_loss        | 0.028    |
|    std                | 0.453    |
|    value_loss         | 0.00146  |
------------------------------------
------------------------------------
| rollout/              |          |
|    ep_len_mean        | 2.82     |
|    ep_rew_mean        | -0.209   |
|    success_rate       | 1        |
| time/                 |          |
|    fps                | 1326     |
|    iterations         | 18000    |
|    time_elapsed       | 271      |
|    total_timesteps    | 360000   |
| train/                |          |
|    entropy_loss       | -1.8     |
|    explained_variance | 0.748    |
|    learning_rate      | 0.0007   |
|    n_updates          | 17999    |
|    policy_loss        | -0.0119  |
|    std                | 0.45     |
|    value_loss         | 0.000974 |
------------------------------------
------------------------------------
| rollout/              |          |
|    ep_len_mean        | 2.73     |
|    ep_rew_mean        | -0.223   |
|    success_rate       | 1        |
| time/                 |          |
|    fps                | 1326     |
|    iterations         | 18100    |
|    time_elapsed       | 272      |
|    total_timesteps    | 362000   |
| train/                |          |
|    entropy_loss       | -1.79    |
|    explained_variance | 0.866    |
|    learning_rate      | 0.0007   |
|    n_updates          | 18099    |
|    policy_loss        | 0.0204   |
|    std                | 0.449    |
|    value_loss         | 0.000887 |
------------------------------------
------------------------------------
| rollout/              |          |
|    ep_len_mean        | 3.04     |
|    ep_rew_mean        | -0.237   |
|    success_rate       | 1        |
| time/                 |          |
|    fps                | 1326     |
|    iterations         | 18200    |
|    time_elapsed       | 274      |
|    total_timesteps    | 364000   |
| train/                |          |
|    entropy_loss       | -1.77    |
|    explained_variance | 0.279    |
|    learning_rate      | 0.0007   |
|    n_updates          | 18199    |
|    policy_loss        | -0.0287  |
|    std                | 0.445    |
|    value_loss         | 0.00516  |
------------------------------------
------------------------------------
| rollout/              |          |
|    ep_len_mean        | 2.84     |
|    ep_rew_mean        | -0.217   |
|    success_rate       | 1        |
| time/                 |          |
|    fps                | 1326     |
|    iterations         | 18300    |
|    time_elapsed       | 275      |
|    total_timesteps    | 366000   |
| train/                |          |
|    entropy_loss       | -1.75    |
|    explained_variance | 0.962    |
|    learning_rate      | 0.0007   |
|    n_updates          | 18299    |
|    policy_loss        | -0.0121  |
|    std                | 0.442    |
|    value_loss         | 0.000191 |
------------------------------------
------------------------------------
| rollout/              |          |
|    ep_len_mean        | 2.75     |
|    ep_rew_mean        | -0.21    |
|    success_rate       | 1        |
| time/                 |          |
|    fps                | 1326     |
|    iterations         | 18400    |
|    time_elapsed       | 277      |
|    total_timesteps    | 368000   |
| train/                |          |
|    entropy_loss       | -1.75    |
|    explained_variance | 0.7      |
|    learning_rate      | 0.0007   |
|    n_updates          | 18399    |
|    policy_loss        | -0.0313  |
|    std                | 0.442    |
|    value_loss         | 0.000884 |
------------------------------------
------------------------------------
| rollout/              |          |
|    ep_len_mean        | 2.79     |
|    ep_rew_mean        | -0.225   |
|    success_rate       | 1        |
| time/                 |          |
|    fps                | 1326     |
|    iterations         | 18500    |
|    time_elapsed       | 278      |
|    total_timesteps    | 370000   |
| train/                |          |
|    entropy_loss       | -1.74    |
|    explained_variance | 0.922    |
|    learning_rate      | 0.0007   |
|    n_updates          | 18499    |
|    policy_loss        | 0.0141   |
|    std                | 0.44     |
|    value_loss         | 0.00036  |
------------------------------------
------------------------------------
| rollout/              |          |
|    ep_len_mean        | 2.72     |
|    ep_rew_mean        | -0.212   |
|    success_rate       | 1        |
| time/                 |          |
|    fps                | 1326     |
|    iterations         | 18600    |
|    time_elapsed       | 280      |
|    total_timesteps    | 372000   |
| train/                |          |
|    entropy_loss       | -1.72    |
|    explained_variance | 0.924    |
|    learning_rate      | 0.0007   |
|    n_updates          | 18599    |
|    policy_loss        | 0.0301   |
|    std                | 0.437    |
|    value_loss         | 0.000357 |
------------------------------------
------------------------------------
| rollout/              |          |
|    ep_len_mean        | 2.74     |
|    ep_rew_mean        | -0.21    |
|    success_rate       | 1        |
| time/                 |          |
|    fps                | 1326     |
|    iterations         | 18700    |
|    time_elapsed       | 281      |
|    total_timesteps    | 374000   |
| train/                |          |
|    entropy_loss       | -1.7     |
|    explained_variance | 0.973    |
|    learning_rate      | 0.0007   |
|    n_updates          | 18699    |
|    policy_loss        | -0.0163  |
|    std                | 0.435    |
|    value_loss         | 0.000158 |
------------------------------------
------------------------------------
| rollout/              |          |
|    ep_len_mean        | 2.88     |
|    ep_rew_mean        | -0.225   |
|    success_rate       | 1        |
| time/                 |          |
|    fps                | 1327     |
|    iterations         | 18800    |
|    time_elapsed       | 283      |
|    total_timesteps    | 376000   |
| train/                |          |
|    entropy_loss       | -1.7     |
|    explained_variance | -2.2     |
|    learning_rate      | 0.0007   |
|    n_updates          | 18799    |
|    policy_loss        | 0.19     |
|    std                | 0.435    |
|    value_loss         | 0.0196   |
------------------------------------
------------------------------------
| rollout/              |          |
|    ep_len_mean        | 2.7      |
|    ep_rew_mean        | -0.215   |
|    success_rate       | 1        |
| time/                 |          |
|    fps                | 1327     |
|    iterations         | 18900    |
|    time_elapsed       | 284      |
|    total_timesteps    | 378000   |
| train/                |          |
|    entropy_loss       | -1.69    |
|    explained_variance | 0.967    |
|    learning_rate      | 0.0007   |
|    n_updates          | 18899    |
|    policy_loss        | -0.0107  |
|    std                | 0.434    |
|    value_loss         | 0.00022  |
------------------------------------
------------------------------------
| rollout/              |          |
|    ep_len_mean        | 2.7      |
|    ep_rew_mean        | -0.211   |
|    success_rate       | 1        |
| time/                 |          |
|    fps                | 1327     |
|    iterations         | 19000    |
|    time_elapsed       | 286      |
|    total_timesteps    | 380000   |
| train/                |          |
|    entropy_loss       | -1.7     |
|    explained_variance | 0.979    |
|    learning_rate      | 0.0007   |
|    n_updates          | 18999    |
|    policy_loss        | 0.000464 |
|    std                | 0.434    |
|    value_loss         | 8.47e-05 |
------------------------------------
------------------------------------
| rollout/              |          |
|    ep_len_mean        | 2.83     |
|    ep_rew_mean        | -0.217   |
|    success_rate       | 1        |
| time/                 |          |
|    fps                | 1327     |
|    iterations         | 19100    |
|    time_elapsed       | 287      |
|    total_timesteps    | 382000   |
| train/                |          |
|    entropy_loss       | -1.68    |
|    explained_variance | 0.983    |
|    learning_rate      | 0.0007   |
|    n_updates          | 19099    |
|    policy_loss        | 0.0202   |
|    std                | 0.432    |
|    value_loss         | 0.000237 |
------------------------------------
------------------------------------
| rollout/              |          |
|    ep_len_mean        | 2.81     |
|    ep_rew_mean        | -0.218   |
|    success_rate       | 1        |
| time/                 |          |
|    fps                | 1327     |
|    iterations         | 19200    |
|    time_elapsed       | 289      |
|    total_timesteps    | 384000   |
| train/                |          |
|    entropy_loss       | -1.67    |
|    explained_variance | 0.893    |
|    learning_rate      | 0.0007   |
|    n_updates          | 19199    |
|    policy_loss        | 0.00552  |
|    std                | 0.43     |
|    value_loss         | 0.000275 |
------------------------------------
------------------------------------
| rollout/              |          |
|    ep_len_mean        | 2.83     |
|    ep_rew_mean        | -0.217   |
|    success_rate       | 1        |
| time/                 |          |
|    fps                | 1327     |
|    iterations         | 19300    |
|    time_elapsed       | 290      |
|    total_timesteps    | 386000   |
| train/                |          |
|    entropy_loss       | -1.66    |
|    explained_variance | 0.95     |
|    learning_rate      | 0.0007   |
|    n_updates          | 19299    |
|    policy_loss        | -0.018   |
|    std                | 0.428    |
|    value_loss         | 0.000215 |
------------------------------------
------------------------------------
| rollout/              |          |
|    ep_len_mean        | 2.78     |
|    ep_rew_mean        | -0.221   |
|    success_rate       | 1        |
| time/                 |          |
|    fps                | 1327     |
|    iterations         | 19400    |
|    time_elapsed       | 292      |
|    total_timesteps    | 388000   |
| train/                |          |
|    entropy_loss       | -1.64    |
|    explained_variance | 0.96     |
|    learning_rate      | 0.0007   |
|    n_updates          | 19399    |
|    policy_loss        | 0.00258  |
|    std                | 0.426    |
|    value_loss         | 0.000157 |
------------------------------------
------------------------------------
| rollout/              |          |
|    ep_len_mean        | 2.65     |
|    ep_rew_mean        | -0.203   |
|    success_rate       | 1        |
| time/                 |          |
|    fps                | 1327     |
|    iterations         | 19500    |
|    time_elapsed       | 293      |
|    total_timesteps    | 390000   |
| train/                |          |
|    entropy_loss       | -1.62    |
|    explained_variance | 0.973    |
|    learning_rate      | 0.0007   |
|    n_updates          | 19499    |
|    policy_loss        | -0.0174  |
|    std                | 0.423    |
|    value_loss         | 0.000151 |
------------------------------------
------------------------------------
| rollout/              |          |
|    ep_len_mean        | 3.14     |
|    ep_rew_mean        | -0.24    |
|    success_rate       | 1        |
| time/                 |          |
|    fps                | 1327     |
|    iterations         | 19600    |
|    time_elapsed       | 295      |
|    total_timesteps    | 392000   |
| train/                |          |
|    entropy_loss       | -1.64    |
|    explained_variance | 0.89     |
|    learning_rate      | 0.0007   |
|    n_updates          | 19599    |
|    policy_loss        | -0.0604  |
|    std                | 0.426    |
|    value_loss         | 0.014    |
------------------------------------
------------------------------------
| rollout/              |          |
|    ep_len_mean        | 2.74     |
|    ep_rew_mean        | -0.213   |
|    success_rate       | 1        |
| time/                 |          |
|    fps                | 1327     |
|    iterations         | 19700    |
|    time_elapsed       | 296      |
|    total_timesteps    | 394000   |
| train/                |          |
|    entropy_loss       | -1.6     |
|    explained_variance | 0.827    |
|    learning_rate      | 0.0007   |
|    n_updates          | 19699    |
|    policy_loss        | 0.019    |
|    std                | 0.421    |
|    value_loss         | 0.000595 |
------------------------------------
------------------------------------
| rollout/              |          |
|    ep_len_mean        | 2.89     |
|    ep_rew_mean        | -0.222   |
|    success_rate       | 1        |
| time/                 |          |
|    fps                | 1327     |
|    iterations         | 19800    |
|    time_elapsed       | 298      |
|    total_timesteps    | 396000   |
| train/                |          |
|    entropy_loss       | -1.61    |
|    explained_variance | 0.957    |
|    learning_rate      | 0.0007   |
|    n_updates          | 19799    |
|    policy_loss        | 0.000704 |
|    std                | 0.422    |
|    value_loss         | 0.000173 |
------------------------------------
------------------------------------
| rollout/              |          |
|    ep_len_mean        | 2.63     |
|    ep_rew_mean        | -0.204   |
|    success_rate       | 1        |
| time/                 |          |
|    fps                | 1327     |
|    iterations         | 19900    |
|    time_elapsed       | 299      |
|    total_timesteps    | 398000   |
| train/                |          |
|    entropy_loss       | -1.6     |
|    explained_variance | 0.92     |
|    learning_rate      | 0.0007   |
|    n_updates          | 19899    |
|    policy_loss        | 0.0102   |
|    std                | 0.422    |
|    value_loss         | 0.000225 |
------------------------------------
------------------------------------
| rollout/              |          |
|    ep_len_mean        | 2.7      |
|    ep_rew_mean        | -0.214   |
|    success_rate       | 1        |
| time/                 |          |
|    fps                | 1327     |
|    iterations         | 20000    |
|    time_elapsed       | 301      |
|    total_timesteps    | 400000   |
| train/                |          |
|    entropy_loss       | -1.58    |
|    explained_variance | 0.984    |
|    learning_rate      | 0.0007   |
|    n_updates          | 19999    |
|    policy_loss        | 0.00322  |
|    std                | 0.418    |
|    value_loss         | 6.82e-05 |
------------------------------------
------------------------------------
| rollout/              |          |
|    ep_len_mean        | 2.97     |
|    ep_rew_mean        | -0.24    |
|    success_rate       | 1        |
| time/                 |          |
|    fps                | 1327     |
|    iterations         | 20100    |
|    time_elapsed       | 302      |
|    total_timesteps    | 402000   |
| train/                |          |
|    entropy_loss       | -1.57    |
|    explained_variance | 0.952    |
|    learning_rate      | 0.0007   |
|    n_updates          | 20099    |
|    policy_loss        | 0.0147   |
|    std                | 0.416    |
|    value_loss         | 0.000258 |
------------------------------------
------------------------------------
| rollout/              |          |
|    ep_len_mean        | 2.79     |
|    ep_rew_mean        | -0.216   |
|    success_rate       | 1        |
| time/                 |          |
|    fps                | 1327     |
|    iterations         | 20200    |
|    time_elapsed       | 304      |
|    total_timesteps    | 404000   |
| train/                |          |
|    entropy_loss       | -1.57    |
|    explained_variance | 0.949    |
|    learning_rate      | 0.0007   |
|    n_updates          | 20199    |
|    policy_loss        | 0.00341  |
|    std                | 0.416    |
|    value_loss         | 0.000224 |
------------------------------------
------------------------------------
| rollout/              |          |
|    ep_len_mean        | 2.76     |
|    ep_rew_mean        | -0.219   |
|    success_rate       | 1        |
| time/                 |          |
|    fps                | 1327     |
|    iterations         | 20300    |
|    time_elapsed       | 305      |
|    total_timesteps    | 406000   |
| train/                |          |
|    entropy_loss       | -1.53    |
|    explained_variance | 0.936    |
|    learning_rate      | 0.0007   |
|    n_updates          | 20299    |
|    policy_loss        | -0.00693 |
|    std                | 0.411    |
|    value_loss         | 0.000133 |
------------------------------------
------------------------------------
| rollout/              |          |
|    ep_len_mean        | 2.73     |
|    ep_rew_mean        | -0.215   |
|    success_rate       | 1        |
| time/                 |          |
|    fps                | 1327     |
|    iterations         | 20400    |
|    time_elapsed       | 307      |
|    total_timesteps    | 408000   |
| train/                |          |
|    entropy_loss       | -1.53    |
|    explained_variance | 0.959    |
|    learning_rate      | 0.0007   |
|    n_updates          | 20399    |
|    policy_loss        | -0.0342  |
|    std                | 0.412    |
|    value_loss         | 0.0005   |
------------------------------------
------------------------------------
| rollout/              |          |
|    ep_len_mean        | 2.72     |
|    ep_rew_mean        | -0.211   |
|    success_rate       | 1        |
| time/                 |          |
|    fps                | 1328     |
|    iterations         | 20500    |
|    time_elapsed       | 308      |
|    total_timesteps    | 410000   |
| train/                |          |
|    entropy_loss       | -1.52    |
|    explained_variance | 0.935    |
|    learning_rate      | 0.0007   |
|    n_updates          | 20499    |
|    policy_loss        | -0.00948 |
|    std                | 0.41     |
|    value_loss         | 0.000218 |
------------------------------------
------------------------------------
| rollout/              |          |
|    ep_len_mean        | 2.73     |
|    ep_rew_mean        | -0.216   |
|    success_rate       | 1        |
| time/                 |          |
|    fps                | 1328     |
|    iterations         | 20600    |
|    time_elapsed       | 310      |
|    total_timesteps    | 412000   |
| train/                |          |
|    entropy_loss       | -1.53    |
|    explained_variance | 0.967    |
|    learning_rate      | 0.0007   |
|    n_updates          | 20599    |
|    policy_loss        | -0.0145  |
|    std                | 0.411    |
|    value_loss         | 0.000226 |
------------------------------------
------------------------------------
| rollout/              |          |
|    ep_len_mean        | 2.86     |
|    ep_rew_mean        | -0.223   |
|    success_rate       | 1        |
| time/                 |          |
|    fps                | 1328     |
|    iterations         | 20700    |
|    time_elapsed       | 311      |
|    total_timesteps    | 414000   |
| train/                |          |
|    entropy_loss       | -1.52    |
|    explained_variance | 0.98     |
|    learning_rate      | 0.0007   |
|    n_updates          | 20699    |
|    policy_loss        | -0.00289 |
|    std                | 0.41     |
|    value_loss         | 0.000125 |
------------------------------------
------------------------------------
| rollout/              |          |
|    ep_len_mean        | 2.81     |
|    ep_rew_mean        | -0.224   |
|    success_rate       | 1        |
| time/                 |          |
|    fps                | 1328     |
|    iterations         | 20800    |
|    time_elapsed       | 313      |
|    total_timesteps    | 416000   |
| train/                |          |
|    entropy_loss       | -1.51    |
|    explained_variance | 0.979    |
|    learning_rate      | 0.0007   |
|    n_updates          | 20799    |
|    policy_loss        | -0.0081  |
|    std                | 0.409    |
|    value_loss         | 0.000124 |
------------------------------------
------------------------------------
| rollout/              |          |
|    ep_len_mean        | 2.79     |
|    ep_rew_mean        | -0.217   |
|    success_rate       | 1        |
| time/                 |          |
|    fps                | 1328     |
|    iterations         | 20900    |
|    time_elapsed       | 314      |
|    total_timesteps    | 418000   |
| train/                |          |
|    entropy_loss       | -1.49    |
|    explained_variance | 0.965    |
|    learning_rate      | 0.0007   |
|    n_updates          | 20899    |
|    policy_loss        | 0.00894  |
|    std                | 0.406    |
|    value_loss         | 0.000246 |
------------------------------------
------------------------------------
| rollout/              |          |
|    ep_len_mean        | 2.67     |
|    ep_rew_mean        | -0.204   |
|    success_rate       | 1        |
| time/                 |          |
|    fps                | 1328     |
|    iterations         | 21000    |
|    time_elapsed       | 316      |
|    total_timesteps    | 420000   |
| train/                |          |
|    entropy_loss       | -1.5     |
|    explained_variance | 0.947    |
|    learning_rate      | 0.0007   |
|    n_updates          | 20999    |
|    policy_loss        | 0.0135   |
|    std                | 0.408    |
|    value_loss         | 0.000162 |
------------------------------------
------------------------------------
| rollout/              |          |
|    ep_len_mean        | 2.76     |
|    ep_rew_mean        | -0.2     |
|    success_rate       | 1        |
| time/                 |          |
|    fps                | 1328     |
|    iterations         | 21100    |
|    time_elapsed       | 317      |
|    total_timesteps    | 422000   |
| train/                |          |
|    entropy_loss       | -1.51    |
|    explained_variance | 0.959    |
|    learning_rate      | 0.0007   |
|    n_updates          | 21099    |
|    policy_loss        | 0.0028   |
|    std                | 0.41     |
|    value_loss         | 0.000236 |
------------------------------------
------------------------------------
| rollout/              |          |
|    ep_len_mean        | 2.65     |
|    ep_rew_mean        | -0.208   |
|    success_rate       | 1        |
| time/                 |          |
|    fps                | 1328     |
|    iterations         | 21200    |
|    time_elapsed       | 319      |
|    total_timesteps    | 424000   |
| train/                |          |
|    entropy_loss       | -1.49    |
|    explained_variance | 0.962    |
|    learning_rate      | 0.0007   |
|    n_updates          | 21199    |
|    policy_loss        | -0.0115  |
|    std                | 0.407    |
|    value_loss         | 0.000226 |
------------------------------------
------------------------------------
| rollout/              |          |
|    ep_len_mean        | 2.75     |
|    ep_rew_mean        | -0.218   |
|    success_rate       | 1        |
| time/                 |          |
|    fps                | 1328     |
|    iterations         | 21300    |
|    time_elapsed       | 320      |
|    total_timesteps    | 426000   |
| train/                |          |
|    entropy_loss       | -1.47    |
|    explained_variance | 0.928    |
|    learning_rate      | 0.0007   |
|    n_updates          | 21299    |
|    policy_loss        | -0.00736 |
|    std                | 0.405    |
|    value_loss         | 0.000428 |
------------------------------------
------------------------------------
| rollout/              |          |
|    ep_len_mean        | 2.62     |
|    ep_rew_mean        | -0.199   |
|    success_rate       | 1        |
| time/                 |          |
|    fps                | 1328     |
|    iterations         | 21400    |
|    time_elapsed       | 322      |
|    total_timesteps    | 428000   |
| train/                |          |
|    entropy_loss       | -1.44    |
|    explained_variance | 0.972    |
|    learning_rate      | 0.0007   |
|    n_updates          | 21399    |
|    policy_loss        | -0.00175 |
|    std                | 0.4      |
|    value_loss         | 0.000162 |
------------------------------------
------------------------------------
| rollout/              |          |
|    ep_len_mean        | 2.67     |
|    ep_rew_mean        | -0.211   |
|    success_rate       | 1        |
| time/                 |          |
|    fps                | 1328     |
|    iterations         | 21500    |
|    time_elapsed       | 323      |
|    total_timesteps    | 430000   |
| train/                |          |
|    entropy_loss       | -1.43    |
|    explained_variance | 0.958    |
|    learning_rate      | 0.0007   |
|    n_updates          | 21499    |
|    policy_loss        | -0.00217 |
|    std                | 0.4      |
|    value_loss         | 0.000159 |
------------------------------------
------------------------------------
| rollout/              |          |
|    ep_len_mean        | 2.82     |
|    ep_rew_mean        | -0.221   |
|    success_rate       | 1        |
| time/                 |          |
|    fps                | 1328     |
|    iterations         | 21600    |
|    time_elapsed       | 325      |
|    total_timesteps    | 432000   |
| train/                |          |
|    entropy_loss       | -1.42    |
|    explained_variance | 0.964    |
|    learning_rate      | 0.0007   |
|    n_updates          | 21599    |
|    policy_loss        | 0.00748  |
|    std                | 0.398    |
|    value_loss         | 0.000197 |
------------------------------------
------------------------------------
| rollout/              |          |
|    ep_len_mean        | 2.72     |
|    ep_rew_mean        | -0.21    |
|    success_rate       | 1        |
| time/                 |          |
|    fps                | 1328     |
|    iterations         | 21700    |
|    time_elapsed       | 326      |
|    total_timesteps    | 434000   |
| train/                |          |
|    entropy_loss       | -1.41    |
|    explained_variance | 0.951    |
|    learning_rate      | 0.0007   |
|    n_updates          | 21699    |
|    policy_loss        | 0.0046   |
|    std                | 0.397    |
|    value_loss         | 0.000201 |
------------------------------------
------------------------------------
| rollout/              |          |
|    ep_len_mean        | 2.73     |
|    ep_rew_mean        | -0.215   |
|    success_rate       | 1        |
| time/                 |          |
|    fps                | 1328     |
|    iterations         | 21800    |
|    time_elapsed       | 328      |
|    total_timesteps    | 436000   |
| train/                |          |
|    entropy_loss       | -1.42    |
|    explained_variance | 0.932    |
|    learning_rate      | 0.0007   |
|    n_updates          | 21799    |
|    policy_loss        | 0.00217  |
|    std                | 0.398    |
|    value_loss         | 0.000226 |
------------------------------------
------------------------------------
| rollout/              |          |
|    ep_len_mean        | 2.71     |
|    ep_rew_mean        | -0.208   |
|    success_rate       | 1        |
| time/                 |          |
|    fps                | 1328     |
|    iterations         | 21900    |
|    time_elapsed       | 329      |
|    total_timesteps    | 438000   |
| train/                |          |
|    entropy_loss       | -1.43    |
|    explained_variance | 0.969    |
|    learning_rate      | 0.0007   |
|    n_updates          | 21899    |
|    policy_loss        | 0.0039   |
|    std                | 0.4      |
|    value_loss         | 0.00014  |
------------------------------------
------------------------------------
| rollout/              |          |
|    ep_len_mean        | 2.49     |
|    ep_rew_mean        | -0.179   |
|    success_rate       | 1        |
| time/                 |          |
|    fps                | 1328     |
|    iterations         | 22000    |
|    time_elapsed       | 331      |
|    total_timesteps    | 440000   |
| train/                |          |
|    entropy_loss       | -1.41    |
|    explained_variance | 0.967    |
|    learning_rate      | 0.0007   |
|    n_updates          | 21999    |
|    policy_loss        | -0.00636 |
|    std                | 0.398    |
|    value_loss         | 0.000217 |
------------------------------------
------------------------------------
| rollout/              |          |
|    ep_len_mean        | 2.75     |
|    ep_rew_mean        | -0.22    |
|    success_rate       | 1        |
| time/                 |          |
|    fps                | 1328     |
|    iterations         | 22100    |
|    time_elapsed       | 332      |
|    total_timesteps    | 442000   |
| train/                |          |
|    entropy_loss       | -1.39    |
|    explained_variance | 0.974    |
|    learning_rate      | 0.0007   |
|    n_updates          | 22099    |
|    policy_loss        | 0.013    |
|    std                | 0.396    |
|    value_loss         | 0.0001   |
------------------------------------
------------------------------------
| rollout/              |          |
|    ep_len_mean        | 2.82     |
|    ep_rew_mean        | -0.22    |
|    success_rate       | 1        |
| time/                 |          |
|    fps                | 1328     |
|    iterations         | 22200    |
|    time_elapsed       | 334      |
|    total_timesteps    | 444000   |
| train/                |          |
|    entropy_loss       | -1.38    |
|    explained_variance | 0.59     |
|    learning_rate      | 0.0007   |
|    n_updates          | 22199    |
|    policy_loss        | -0.042   |
|    std                | 0.395    |
|    value_loss         | 0.00331  |
------------------------------------
------------------------------------
| rollout/              |          |
|    ep_len_mean        | 4.09     |
|    ep_rew_mean        | -0.364   |
|    success_rate       | 0.98     |
| time/                 |          |
|    fps                | 1328     |
|    iterations         | 22300    |
|    time_elapsed       | 335      |
|    total_timesteps    | 446000   |
| train/                |          |
|    entropy_loss       | -1.39    |
|    explained_variance | 0.913    |
|    learning_rate      | 0.0007   |
|    n_updates          | 22299    |
|    policy_loss        | -0.0969  |
|    std                | 0.396    |
|    value_loss         | 0.0558   |
------------------------------------
------------------------------------
| rollout/              |          |
|    ep_len_mean        | 6.35     |
|    ep_rew_mean        | -0.582   |
|    success_rate       | 0.94     |
| time/                 |          |
|    fps                | 1328     |
|    iterations         | 22400    |
|    time_elapsed       | 337      |
|    total_timesteps    | 448000   |
| train/                |          |
|    entropy_loss       | -1.39    |
|    explained_variance | 0.679    |
|    learning_rate      | 0.0007   |
|    n_updates          | 22399    |
|    policy_loss        | -0.483   |
|    std                | 0.396    |
|    value_loss         | 0.371    |
------------------------------------
------------------------------------
| rollout/              |          |
|    ep_len_mean        | 5.24     |
|    ep_rew_mean        | -0.482   |
|    success_rate       | 0.95     |
| time/                 |          |
|    fps                | 1328     |
|    iterations         | 22500    |
|    time_elapsed       | 338      |
|    total_timesteps    | 450000   |
| train/                |          |
|    entropy_loss       | -1.38    |
|    explained_variance | 0.931    |
|    learning_rate      | 0.0007   |
|    n_updates          | 22499    |
|    policy_loss        | -0.00994 |
|    std                | 0.394    |
|    value_loss         | 0.0849   |
------------------------------------
------------------------------------
| rollout/              |          |
|    ep_len_mean        | 3.8      |
|    ep_rew_mean        | -0.32    |
|    success_rate       | 0.99     |
| time/                 |          |
|    fps                | 1327     |
|    iterations         | 22600    |
|    time_elapsed       | 340      |
|    total_timesteps    | 452000   |
| train/                |          |
|    entropy_loss       | -1.36    |
|    explained_variance | 0.989    |
|    learning_rate      | 0.0007   |
|    n_updates          | 22599    |
|    policy_loss        | -0.00986 |
|    std                | 0.392    |
|    value_loss         | 0.0197   |
------------------------------------
------------------------------------
| rollout/              |          |
|    ep_len_mean        | 3.28     |
|    ep_rew_mean        | -0.256   |
|    success_rate       | 1        |
| time/                 |          |
|    fps                | 1327     |
|    iterations         | 22700    |
|    time_elapsed       | 341      |
|    total_timesteps    | 454000   |
| train/                |          |
|    entropy_loss       | -1.34    |
|    explained_variance | -0.111   |
|    learning_rate      | 0.0007   |
|    n_updates          | 22699    |
|    policy_loss        | -0.173   |
|    std                | 0.39     |
|    value_loss         | 0.0248   |
------------------------------------
------------------------------------
| rollout/              |          |
|    ep_len_mean        | 2.96     |
|    ep_rew_mean        | -0.233   |
|    success_rate       | 1        |
| time/                 |          |
|    fps                | 1327     |
|    iterations         | 22800    |
|    time_elapsed       | 343      |
|    total_timesteps    | 456000   |
| train/                |          |
|    entropy_loss       | -1.34    |
|    explained_variance | 0.637    |
|    learning_rate      | 0.0007   |
|    n_updates          | 22799    |
|    policy_loss        | -0.0175  |
|    std                | 0.389    |
|    value_loss         | 0.00283  |
------------------------------------
------------------------------------
| rollout/              |          |
|    ep_len_mean        | 2.89     |
|    ep_rew_mean        | -0.221   |
|    success_rate       | 1        |
| time/                 |          |
|    fps                | 1327     |
|    iterations         | 22900    |
|    time_elapsed       | 344      |
|    total_timesteps    | 458000   |
| train/                |          |
|    entropy_loss       | -1.33    |
|    explained_variance | 0.468    |
|    learning_rate      | 0.0007   |
|    n_updates          | 22899    |
|    policy_loss        | 0.0496   |
|    std                | 0.388    |
|    value_loss         | 0.00345  |
------------------------------------
------------------------------------
| rollout/              |          |
|    ep_len_mean        | 2.86     |
|    ep_rew_mean        | -0.225   |
|    success_rate       | 1        |
| time/                 |          |
|    fps                | 1327     |
|    iterations         | 23000    |
|    time_elapsed       | 346      |
|    total_timesteps    | 460000   |
| train/                |          |
|    entropy_loss       | -1.33    |
|    explained_variance | 0.508    |
|    learning_rate      | 0.0007   |
|    n_updates          | 22999    |
|    policy_loss        | -0.0155  |
|    std                | 0.388    |
|    value_loss         | 0.00222  |
------------------------------------
------------------------------------
| rollout/              |          |
|    ep_len_mean        | 2.89     |
|    ep_rew_mean        | -0.228   |
|    success_rate       | 1        |
| time/                 |          |
|    fps                | 1327     |
|    iterations         | 23100    |
|    time_elapsed       | 347      |
|    total_timesteps    | 462000   |
| train/                |          |
|    entropy_loss       | -1.33    |
|    explained_variance | 0.879    |
|    learning_rate      | 0.0007   |
|    n_updates          | 23099    |
|    policy_loss        | 0.0363   |
|    std                | 0.388    |
|    value_loss         | 0.00151  |
------------------------------------
------------------------------------
| rollout/              |          |
|    ep_len_mean        | 2.68     |
|    ep_rew_mean        | -0.202   |
|    success_rate       | 1        |
| time/                 |          |
|    fps                | 1327     |
|    iterations         | 23200    |
|    time_elapsed       | 349      |
|    total_timesteps    | 464000   |
| train/                |          |
|    entropy_loss       | -1.34    |
|    explained_variance | 0.879    |
|    learning_rate      | 0.0007   |
|    n_updates          | 23199    |
|    policy_loss        | -0.0306  |
|    std                | 0.389    |
|    value_loss         | 0.00108  |
------------------------------------
------------------------------------
| rollout/              |          |
|    ep_len_mean        | 3.3      |
|    ep_rew_mean        | -0.269   |
|    success_rate       | 0.99     |
| time/                 |          |
|    fps                | 1327     |
|    iterations         | 23300    |
|    time_elapsed       | 350      |
|    total_timesteps    | 466000   |
| train/                |          |
|    entropy_loss       | -1.34    |
|    explained_variance | -0.797   |
|    learning_rate      | 0.0007   |
|    n_updates          | 23299    |
|    policy_loss        | 0.24     |
|    std                | 0.389    |
|    value_loss         | 0.0473   |
------------------------------------
------------------------------------
| rollout/              |          |
|    ep_len_mean        | 2.97     |
|    ep_rew_mean        | -0.24    |
|    success_rate       | 1        |
| time/                 |          |
|    fps                | 1328     |
|    iterations         | 23400    |
|    time_elapsed       | 352      |
|    total_timesteps    | 468000   |
| train/                |          |
|    entropy_loss       | -1.32    |
|    explained_variance | 0.934    |
|    learning_rate      | 0.0007   |
|    n_updates          | 23399    |
|    policy_loss        | -0.00245 |
|    std                | 0.387    |
|    value_loss         | 0.000377 |
------------------------------------
------------------------------------
| rollout/              |          |
|    ep_len_mean        | 2.86     |
|    ep_rew_mean        | -0.226   |
|    success_rate       | 1        |
| time/                 |          |
|    fps                | 1327     |
|    iterations         | 23500    |
|    time_elapsed       | 353      |
|    total_timesteps    | 470000   |
| train/                |          |
|    entropy_loss       | -1.32    |
|    explained_variance | 0.706    |
|    learning_rate      | 0.0007   |
|    n_updates          | 23499    |
|    policy_loss        | -0.0663  |
|    std                | 0.387    |
|    value_loss         | 0.00257  |
------------------------------------
------------------------------------
| rollout/              |          |
|    ep_len_mean        | 3        |
|    ep_rew_mean        | -0.241   |
|    success_rate       | 1        |
| time/                 |          |
|    fps                | 1327     |
|    iterations         | 23600    |
|    time_elapsed       | 355      |
|    total_timesteps    | 472000   |
| train/                |          |
|    entropy_loss       | -1.3     |
|    explained_variance | 0.829    |
|    learning_rate      | 0.0007   |
|    n_updates          | 23599    |
|    policy_loss        | 0.0116   |
|    std                | 0.384    |
|    value_loss         | 0.000924 |
------------------------------------
------------------------------------
| rollout/              |          |
|    ep_len_mean        | 2.91     |
|    ep_rew_mean        | -0.218   |
|    success_rate       | 1        |
| time/                 |          |
|    fps                | 1328     |
|    iterations         | 23700    |
|    time_elapsed       | 356      |
|    total_timesteps    | 474000   |
| train/                |          |
|    entropy_loss       | -1.29    |
|    explained_variance | 0.7      |
|    learning_rate      | 0.0007   |
|    n_updates          | 23699    |
|    policy_loss        | 0.00682  |
|    std                | 0.382    |
|    value_loss         | 0.0013   |
------------------------------------
------------------------------------
| rollout/              |          |
|    ep_len_mean        | 2.85     |
|    ep_rew_mean        | -0.224   |
|    success_rate       | 1        |
| time/                 |          |
|    fps                | 1328     |
|    iterations         | 23800    |
|    time_elapsed       | 358      |
|    total_timesteps    | 476000   |
| train/                |          |
|    entropy_loss       | -1.26    |
|    explained_variance | 0.524    |
|    learning_rate      | 0.0007   |
|    n_updates          | 23799    |
|    policy_loss        | -0.0215  |
|    std                | 0.378    |
|    value_loss         | 0.00522  |
------------------------------------
------------------------------------
| rollout/              |          |
|    ep_len_mean        | 3.4      |
|    ep_rew_mean        | -0.266   |
|    success_rate       | 1        |
| time/                 |          |
|    fps                | 1328     |
|    iterations         | 23900    |
|    time_elapsed       | 359      |
|    total_timesteps    | 478000   |
| train/                |          |
|    entropy_loss       | -1.25    |
|    explained_variance | 0.418    |
|    learning_rate      | 0.0007   |
|    n_updates          | 23899    |
|    policy_loss        | -0.0857  |
|    std                | 0.377    |
|    value_loss         | 0.013    |
------------------------------------
------------------------------------
| rollout/              |          |
|    ep_len_mean        | 2.86     |
|    ep_rew_mean        | -0.221   |
|    success_rate       | 1        |
| time/                 |          |
|    fps                | 1328     |
|    iterations         | 24000    |
|    time_elapsed       | 361      |
|    total_timesteps    | 480000   |
| train/                |          |
|    entropy_loss       | -1.26    |
|    explained_variance | 0.95     |
|    learning_rate      | 0.0007   |
|    n_updates          | 23999    |
|    policy_loss        | 0.0231   |
|    std                | 0.379    |
|    value_loss         | 0.000987 |
------------------------------------
------------------------------------
| rollout/              |          |
|    ep_len_mean        | 2.76     |
|    ep_rew_mean        | -0.208   |
|    success_rate       | 1        |
| time/                 |          |
|    fps                | 1328     |
|    iterations         | 24100    |
|    time_elapsed       | 362      |
|    total_timesteps    | 482000   |
| train/                |          |
|    entropy_loss       | -1.25    |
|    explained_variance | 0.882    |
|    learning_rate      | 0.0007   |
|    n_updates          | 24099    |
|    policy_loss        | 0.0322   |
|    std                | 0.378    |
|    value_loss         | 0.000537 |
------------------------------------
------------------------------------
| rollout/              |          |
|    ep_len_mean        | 2.69     |
|    ep_rew_mean        | -0.203   |
|    success_rate       | 1        |
| time/                 |          |
|    fps                | 1328     |
|    iterations         | 24200    |
|    time_elapsed       | 364      |
|    total_timesteps    | 484000   |
| train/                |          |
|    entropy_loss       | -1.23    |
|    explained_variance | 0.906    |
|    learning_rate      | 0.0007   |
|    n_updates          | 24199    |
|    policy_loss        | -0.0153  |
|    std                | 0.375    |
|    value_loss         | 0.00031  |
------------------------------------
------------------------------------
| rollout/              |          |
|    ep_len_mean        | 2.72     |
|    ep_rew_mean        | -0.213   |
|    success_rate       | 1        |
| time/                 |          |
|    fps                | 1328     |
|    iterations         | 24300    |
|    time_elapsed       | 365      |
|    total_timesteps    | 486000   |
| train/                |          |
|    entropy_loss       | -1.24    |
|    explained_variance | 0.962    |
|    learning_rate      | 0.0007   |
|    n_updates          | 24299    |
|    policy_loss        | -0.0195  |
|    std                | 0.377    |
|    value_loss         | 0.000311 |
------------------------------------
------------------------------------
| rollout/              |          |
|    ep_len_mean        | 2.67     |
|    ep_rew_mean        | -0.202   |
|    success_rate       | 1        |
| time/                 |          |
|    fps                | 1328     |
|    iterations         | 24400    |
|    time_elapsed       | 367      |
|    total_timesteps    | 488000   |
| train/                |          |
|    entropy_loss       | -1.24    |
|    explained_variance | 0.853    |
|    learning_rate      | 0.0007   |
|    n_updates          | 24399    |
|    policy_loss        | 0.00775  |
|    std                | 0.377    |
|    value_loss         | 0.000643 |
------------------------------------
-------------------------------------
| rollout/              |           |
|    ep_len_mean        | 2.75      |
|    ep_rew_mean        | -0.22     |
|    success_rate       | 1         |
| time/                 |           |
|    fps                | 1328      |
|    iterations         | 24500     |
|    time_elapsed       | 368       |
|    total_timesteps    | 490000    |
| train/                |           |
|    entropy_loss       | -1.21     |
|    explained_variance | 0.947     |
|    learning_rate      | 0.0007    |
|    n_updates          | 24499     |
|    policy_loss        | -0.000108 |
|    std                | 0.374     |
|    value_loss         | 0.000169  |
-------------------------------------
------------------------------------
| rollout/              |          |
|    ep_len_mean        | 2.77     |
|    ep_rew_mean        | -0.218   |
|    success_rate       | 1        |
| time/                 |          |
|    fps                | 1328     |
|    iterations         | 24600    |
|    time_elapsed       | 370      |
|    total_timesteps    | 492000   |
| train/                |          |
|    entropy_loss       | -1.2     |
|    explained_variance | 0.942    |
|    learning_rate      | 0.0007   |
|    n_updates          | 24599    |
|    policy_loss        | -0.014   |
|    std                | 0.372    |
|    value_loss         | 0.000422 |
------------------------------------
-------------------------------------
| rollout/              |           |
|    ep_len_mean        | 2.77      |
|    ep_rew_mean        | -0.22     |
|    success_rate       | 1         |
| time/                 |           |
|    fps                | 1328      |
|    iterations         | 24700     |
|    time_elapsed       | 371       |
|    total_timesteps    | 494000    |
| train/                |           |
|    entropy_loss       | -1.21     |
|    explained_variance | 0.953     |
|    learning_rate      | 0.0007    |
|    n_updates          | 24699     |
|    policy_loss        | -0.000665 |
|    std                | 0.373     |
|    value_loss         | 0.000197  |
-------------------------------------
------------------------------------
| rollout/              |          |
|    ep_len_mean        | 2.69     |
|    ep_rew_mean        | -0.201   |
|    success_rate       | 1        |
| time/                 |          |
|    fps                | 1328     |
|    iterations         | 24800    |
|    time_elapsed       | 373      |
|    total_timesteps    | 496000   |
| train/                |          |
|    entropy_loss       | -1.2     |
|    explained_variance | 0.774    |
|    learning_rate      | 0.0007   |
|    n_updates          | 24799    |
|    policy_loss        | -0.00529 |
|    std                | 0.372    |
|    value_loss         | 0.000458 |
------------------------------------
------------------------------------
| rollout/              |          |
|    ep_len_mean        | 2.67     |
|    ep_rew_mean        | -0.205   |
|    success_rate       | 1        |
| time/                 |          |
|    fps                | 1328     |
|    iterations         | 24900    |
|    time_elapsed       | 374      |
|    total_timesteps    | 498000   |
| train/                |          |
|    entropy_loss       | -1.19    |
|    explained_variance | 0.966    |
|    learning_rate      | 0.0007   |
|    n_updates          | 24899    |
|    policy_loss        | -0.00777 |
|    std                | 0.372    |
|    value_loss         | 0.000161 |
------------------------------------
------------------------------------
| rollout/              |          |
|    ep_len_mean        | 2.77     |
|    ep_rew_mean        | -0.219   |
|    success_rate       | 1        |
| time/                 |          |
|    fps                | 1328     |
|    iterations         | 25000    |
|    time_elapsed       | 376      |
|    total_timesteps    | 500000   |
| train/                |          |
|    entropy_loss       | -1.2     |
|    explained_variance | 0.779    |
|    learning_rate      | 0.0007   |
|    n_updates          | 24999    |
|    policy_loss        | 0.00467  |
|    std                | 0.373    |
|    value_loss         | 0.000602 |
------------------------------------
------------------------------------
| rollout/              |          |
|    ep_len_mean        | 2.73     |
|    ep_rew_mean        | -0.209   |
|    success_rate       | 1        |
| time/                 |          |
|    fps                | 1328     |
|    iterations         | 25100    |
|    time_elapsed       | 377      |
|    total_timesteps    | 502000   |
| train/                |          |
|    entropy_loss       | -1.18    |
|    explained_variance | 0.948    |
|    learning_rate      | 0.0007   |
|    n_updates          | 25099    |
|    policy_loss        | 0.00983  |
|    std                | 0.37     |
|    value_loss         | 0.000115 |
------------------------------------
------------------------------------
| rollout/              |          |
|    ep_len_mean        | 2.75     |
|    ep_rew_mean        | -0.208   |
|    success_rate       | 1        |
| time/                 |          |
|    fps                | 1328     |
|    iterations         | 25200    |
|    time_elapsed       | 379      |
|    total_timesteps    | 504000   |
| train/                |          |
|    entropy_loss       | -1.19    |
|    explained_variance | 0.951    |
|    learning_rate      | 0.0007   |
|    n_updates          | 25199    |
|    policy_loss        | -0.00813 |
|    std                | 0.372    |
|    value_loss         | 0.000252 |
------------------------------------
------------------------------------
| rollout/              |          |
|    ep_len_mean        | 2.82     |
|    ep_rew_mean        | -0.221   |
|    success_rate       | 1        |
| time/                 |          |
|    fps                | 1328     |
|    iterations         | 25300    |
|    time_elapsed       | 380      |
|    total_timesteps    | 506000   |
| train/                |          |
|    entropy_loss       | -1.19    |
|    explained_variance | 0.944    |
|    learning_rate      | 0.0007   |
|    n_updates          | 25299    |
|    policy_loss        | -0.0062  |
|    std                | 0.371    |
|    value_loss         | 0.000307 |
------------------------------------
------------------------------------
| rollout/              |          |
|    ep_len_mean        | 2.95     |
|    ep_rew_mean        | -0.235   |
|    success_rate       | 1        |
| time/                 |          |
|    fps                | 1328     |
|    iterations         | 25400    |
|    time_elapsed       | 382      |
|    total_timesteps    | 508000   |
| train/                |          |
|    entropy_loss       | -1.18    |
|    explained_variance | 0.966    |
|    learning_rate      | 0.0007   |
|    n_updates          | 25399    |
|    policy_loss        | -0.00346 |
|    std                | 0.37     |
|    value_loss         | 0.000359 |
------------------------------------
------------------------------------
| rollout/              |          |
|    ep_len_mean        | 2.7      |
|    ep_rew_mean        | -0.214   |
|    success_rate       | 1        |
| time/                 |          |
|    fps                | 1328     |
|    iterations         | 25500    |
|    time_elapsed       | 383      |
|    total_timesteps    | 510000   |
| train/                |          |
|    entropy_loss       | -1.18    |
|    explained_variance | 0.94     |
|    learning_rate      | 0.0007   |
|    n_updates          | 25499    |
|    policy_loss        | -0.0076  |
|    std                | 0.37     |
|    value_loss         | 0.000202 |
------------------------------------
------------------------------------
| rollout/              |          |
|    ep_len_mean        | 2.77     |
|    ep_rew_mean        | -0.217   |
|    success_rate       | 1        |
| time/                 |          |
|    fps                | 1328     |
|    iterations         | 25600    |
|    time_elapsed       | 385      |
|    total_timesteps    | 512000   |
| train/                |          |
|    entropy_loss       | -1.18    |
|    explained_variance | 0.98     |
|    learning_rate      | 0.0007   |
|    n_updates          | 25599    |
|    policy_loss        | 0.00232  |
|    std                | 0.371    |
|    value_loss         | 0.000163 |
------------------------------------
------------------------------------
| rollout/              |          |
|    ep_len_mean        | 2.72     |
|    ep_rew_mean        | -0.208   |
|    success_rate       | 1        |
| time/                 |          |
|    fps                | 1328     |
|    iterations         | 25700    |
|    time_elapsed       | 386      |
|    total_timesteps    | 514000   |
| train/                |          |
|    entropy_loss       | -1.16    |
|    explained_variance | 0.91     |
|    learning_rate      | 0.0007   |
|    n_updates          | 25699    |
|    policy_loss        | -0.0133  |
|    std                | 0.369    |
|    value_loss         | 0.00044  |
------------------------------------
------------------------------------
| rollout/              |          |
|    ep_len_mean        | 2.7      |
|    ep_rew_mean        | -0.212   |
|    success_rate       | 1        |
| time/                 |          |
|    fps                | 1328     |
|    iterations         | 25800    |
|    time_elapsed       | 388      |
|    total_timesteps    | 516000   |
| train/                |          |
|    entropy_loss       | -1.15    |
|    explained_variance | 0.967    |
|    learning_rate      | 0.0007   |
|    n_updates          | 25799    |
|    policy_loss        | -0.00856 |
|    std                | 0.367    |
|    value_loss         | 0.000163 |
------------------------------------
------------------------------------
| rollout/              |          |
|    ep_len_mean        | 2.76     |
|    ep_rew_mean        | -0.215   |
|    success_rate       | 1        |
| time/                 |          |
|    fps                | 1328     |
|    iterations         | 25900    |
|    time_elapsed       | 389      |
|    total_timesteps    | 518000   |
| train/                |          |
|    entropy_loss       | -1.14    |
|    explained_variance | 0.979    |
|    learning_rate      | 0.0007   |
|    n_updates          | 25899    |
|    policy_loss        | -0.00242 |
|    std                | 0.365    |
|    value_loss         | 0.000101 |
------------------------------------
------------------------------------
| rollout/              |          |
|    ep_len_mean        | 2.62     |
|    ep_rew_mean        | -0.202   |
|    success_rate       | 1        |
| time/                 |          |
|    fps                | 1328     |
|    iterations         | 26000    |
|    time_elapsed       | 391      |
|    total_timesteps    | 520000   |
| train/                |          |
|    entropy_loss       | -1.11    |
|    explained_variance | 0.865    |
|    learning_rate      | 0.0007   |
|    n_updates          | 25999    |
|    policy_loss        | -0.0261  |
|    std                | 0.363    |
|    value_loss         | 0.000856 |
------------------------------------
------------------------------------
| rollout/              |          |
|    ep_len_mean        | 2.74     |
|    ep_rew_mean        | -0.213   |
|    success_rate       | 1        |
| time/                 |          |
|    fps                | 1329     |
|    iterations         | 26100    |
|    time_elapsed       | 392      |
|    total_timesteps    | 522000   |
| train/                |          |
|    entropy_loss       | -1.09    |
|    explained_variance | 0.977    |
|    learning_rate      | 0.0007   |
|    n_updates          | 26099    |
|    policy_loss        | -0.00134 |
|    std                | 0.36     |
|    value_loss         | 0.000155 |
------------------------------------
------------------------------------
| rollout/              |          |
|    ep_len_mean        | 2.83     |
|    ep_rew_mean        | -0.223   |
|    success_rate       | 1        |
| time/                 |          |
|    fps                | 1329     |
|    iterations         | 26200    |
|    time_elapsed       | 394      |
|    total_timesteps    | 524000   |
| train/                |          |
|    entropy_loss       | -1.08    |
|    explained_variance | 0.979    |
|    learning_rate      | 0.0007   |
|    n_updates          | 26199    |
|    policy_loss        | 0.00258  |
|    std                | 0.359    |
|    value_loss         | 0.000116 |
------------------------------------
------------------------------------
| rollout/              |          |
|    ep_len_mean        | 2.72     |
|    ep_rew_mean        | -0.208   |
|    success_rate       | 1        |
| time/                 |          |
|    fps                | 1329     |
|    iterations         | 26300    |
|    time_elapsed       | 395      |
|    total_timesteps    | 526000   |
| train/                |          |
|    entropy_loss       | -1.07    |
|    explained_variance | 0.979    |
|    learning_rate      | 0.0007   |
|    n_updates          | 26299    |
|    policy_loss        | -0.00335 |
|    std                | 0.357    |
|    value_loss         | 0.000144 |
------------------------------------
------------------------------------
| rollout/              |          |
|    ep_len_mean        | 2.79     |
|    ep_rew_mean        | -0.217   |
|    success_rate       | 1        |
| time/                 |          |
|    fps                | 1329     |
|    iterations         | 26400    |
|    time_elapsed       | 397      |
|    total_timesteps    | 528000   |
| train/                |          |
|    entropy_loss       | -1.06    |
|    explained_variance | 0.835    |
|    learning_rate      | 0.0007   |
|    n_updates          | 26399    |
|    policy_loss        | 0.00559  |
|    std                | 0.357    |
|    value_loss         | 0.000757 |
------------------------------------
------------------------------------
| rollout/              |          |
|    ep_len_mean        | 2.63     |
|    ep_rew_mean        | -0.201   |
|    success_rate       | 1        |
| time/                 |          |
|    fps                | 1329     |
|    iterations         | 26500    |
|    time_elapsed       | 398      |
|    total_timesteps    | 530000   |
| train/                |          |
|    entropy_loss       | -1.08    |
|    explained_variance | 0.968    |
|    learning_rate      | 0.0007   |
|    n_updates          | 26499    |
|    policy_loss        | -0.00906 |
|    std                | 0.359    |
|    value_loss         | 0.00012  |
------------------------------------
------------------------------------
| rollout/              |          |
|    ep_len_mean        | 2.59     |
|    ep_rew_mean        | -0.191   |
|    success_rate       | 1        |
| time/                 |          |
|    fps                | 1329     |
|    iterations         | 26600    |
|    time_elapsed       | 400      |
|    total_timesteps    | 532000   |
| train/                |          |
|    entropy_loss       | -1.08    |
|    explained_variance | 0.981    |
|    learning_rate      | 0.0007   |
|    n_updates          | 26599    |
|    policy_loss        | -0.00201 |
|    std                | 0.36     |
|    value_loss         | 0.000121 |
------------------------------------
------------------------------------
| rollout/              |          |
|    ep_len_mean        | 2.63     |
|    ep_rew_mean        | -0.204   |
|    success_rate       | 1        |
| time/                 |          |
|    fps                | 1329     |
|    iterations         | 26700    |
|    time_elapsed       | 401      |
|    total_timesteps    | 534000   |
| train/                |          |
|    entropy_loss       | -1.08    |
|    explained_variance | 0.936    |
|    learning_rate      | 0.0007   |
|    n_updates          | 26699    |
|    policy_loss        | 0.00991  |
|    std                | 0.361    |
|    value_loss         | 0.000221 |
------------------------------------
------------------------------------
| rollout/              |          |
|    ep_len_mean        | 2.65     |
|    ep_rew_mean        | -0.205   |
|    success_rate       | 1        |
| time/                 |          |
|    fps                | 1329     |
|    iterations         | 26800    |
|    time_elapsed       | 403      |
|    total_timesteps    | 536000   |
| train/                |          |
|    entropy_loss       | -1.08    |
|    explained_variance | 0.923    |
|    learning_rate      | 0.0007   |
|    n_updates          | 26799    |
|    policy_loss        | 0.000112 |
|    std                | 0.361    |
|    value_loss         | 0.000164 |
------------------------------------
------------------------------------
| rollout/              |          |
|    ep_len_mean        | 2.76     |
|    ep_rew_mean        | -0.212   |
|    success_rate       | 1        |
| time/                 |          |
|    fps                | 1329     |
|    iterations         | 26900    |
|    time_elapsed       | 404      |
|    total_timesteps    | 538000   |
| train/                |          |
|    entropy_loss       | -1.07    |
|    explained_variance | 0.928    |
|    learning_rate      | 0.0007   |
|    n_updates          | 26899    |
|    policy_loss        | -0.00686 |
|    std                | 0.359    |
|    value_loss         | 0.00051  |
------------------------------------
------------------------------------
| rollout/              |          |
|    ep_len_mean        | 2.78     |
|    ep_rew_mean        | -0.219   |
|    success_rate       | 1        |
| time/                 |          |
|    fps                | 1329     |
|    iterations         | 27000    |
|    time_elapsed       | 406      |
|    total_timesteps    | 540000   |
| train/                |          |
|    entropy_loss       | -1.07    |
|    explained_variance | 0.957    |
|    learning_rate      | 0.0007   |
|    n_updates          | 26999    |
|    policy_loss        | 0.0126   |
|    std                | 0.36     |
|    value_loss         | 0.000274 |
------------------------------------
------------------------------------
| rollout/              |          |
|    ep_len_mean        | 2.75     |
|    ep_rew_mean        | -0.213   |
|    success_rate       | 1        |
| time/                 |          |
|    fps                | 1329     |
|    iterations         | 27100    |
|    time_elapsed       | 407      |
|    total_timesteps    | 542000   |
| train/                |          |
|    entropy_loss       | -1.04    |
|    explained_variance | 0.767    |
|    learning_rate      | 0.0007   |
|    n_updates          | 27099    |
|    policy_loss        | -0.0107  |
|    std                | 0.355    |
|    value_loss         | 0.00161  |
------------------------------------
------------------------------------
| rollout/              |          |
|    ep_len_mean        | 2.8      |
|    ep_rew_mean        | -0.221   |
|    success_rate       | 1        |
| time/                 |          |
|    fps                | 1329     |
|    iterations         | 27200    |
|    time_elapsed       | 409      |
|    total_timesteps    | 544000   |
| train/                |          |
|    entropy_loss       | -1.04    |
|    explained_variance | 0.945    |
|    learning_rate      | 0.0007   |
|    n_updates          | 27199    |
|    policy_loss        | -0.00577 |
|    std                | 0.356    |
|    value_loss         | 0.000178 |
------------------------------------
------------------------------------
| rollout/              |          |
|    ep_len_mean        | 2.82     |
|    ep_rew_mean        | -0.23    |
|    success_rate       | 1        |
| time/                 |          |
|    fps                | 1329     |
|    iterations         | 27300    |
|    time_elapsed       | 410      |
|    total_timesteps    | 546000   |
| train/                |          |
|    entropy_loss       | -1.04    |
|    explained_variance | 0.98     |
|    learning_rate      | 0.0007   |
|    n_updates          | 27299    |
|    policy_loss        | -0.00635 |
|    std                | 0.356    |
|    value_loss         | 0.000138 |
------------------------------------
------------------------------------
| rollout/              |          |
|    ep_len_mean        | 2.72     |
|    ep_rew_mean        | -0.206   |
|    success_rate       | 1        |
| time/                 |          |
|    fps                | 1329     |
|    iterations         | 27400    |
|    time_elapsed       | 412      |
|    total_timesteps    | 548000   |
| train/                |          |
|    entropy_loss       | -1.02    |
|    explained_variance | 0.935    |
|    learning_rate      | 0.0007   |
|    n_updates          | 27399    |
|    policy_loss        | -0.0154  |
|    std                | 0.353    |
|    value_loss         | 0.000306 |
------------------------------------
------------------------------------
| rollout/              |          |
|    ep_len_mean        | 2.85     |
|    ep_rew_mean        | -0.221   |
|    success_rate       | 1        |
| time/                 |          |
|    fps                | 1329     |
|    iterations         | 27500    |
|    time_elapsed       | 413      |
|    total_timesteps    | 550000   |
| train/                |          |
|    entropy_loss       | -1       |
|    explained_variance | 0.94     |
|    learning_rate      | 0.0007   |
|    n_updates          | 27499    |
|    policy_loss        | 0.00505  |
|    std                | 0.352    |
|    value_loss         | 0.000419 |
------------------------------------
------------------------------------
| rollout/              |          |
|    ep_len_mean        | 2.95     |
|    ep_rew_mean        | -0.231   |
|    success_rate       | 1        |
| time/                 |          |
|    fps                | 1329     |
|    iterations         | 27600    |
|    time_elapsed       | 415      |
|    total_timesteps    | 552000   |
| train/                |          |
|    entropy_loss       | -1       |
|    explained_variance | 0.848    |
|    learning_rate      | 0.0007   |
|    n_updates          | 27599    |
|    policy_loss        | -0.0122  |
|    std                | 0.352    |
|    value_loss         | 0.00142  |
------------------------------------
------------------------------------
| rollout/              |          |
|    ep_len_mean        | 2.65     |
|    ep_rew_mean        | -0.201   |
|    success_rate       | 1        |
| time/                 |          |
|    fps                | 1329     |
|    iterations         | 27700    |
|    time_elapsed       | 416      |
|    total_timesteps    | 554000   |
| train/                |          |
|    entropy_loss       | -0.998   |
|    explained_variance | 0.935    |
|    learning_rate      | 0.0007   |
|    n_updates          | 27699    |
|    policy_loss        | -0.00796 |
|    std                | 0.351    |
|    value_loss         | 0.000636 |
------------------------------------
------------------------------------
| rollout/              |          |
|    ep_len_mean        | 2.85     |
|    ep_rew_mean        | -0.224   |
|    success_rate       | 1        |
| time/                 |          |
|    fps                | 1329     |
|    iterations         | 27800    |
|    time_elapsed       | 418      |
|    total_timesteps    | 556000   |
| train/                |          |
|    entropy_loss       | -0.998   |
|    explained_variance | 0.924    |
|    learning_rate      | 0.0007   |
|    n_updates          | 27799    |
|    policy_loss        | 0.000846 |
|    std                | 0.351    |
|    value_loss         | 0.00041  |
------------------------------------
------------------------------------
| rollout/              |          |
|    ep_len_mean        | 2.87     |
|    ep_rew_mean        | -0.228   |
|    success_rate       | 1        |
| time/                 |          |
|    fps                | 1329     |
|    iterations         | 27900    |
|    time_elapsed       | 419      |
|    total_timesteps    | 558000   |
| train/                |          |
|    entropy_loss       | -0.992   |
|    explained_variance | 0.965    |
|    learning_rate      | 0.0007   |
|    n_updates          | 27899    |
|    policy_loss        | -0.00459 |
|    std                | 0.35     |
|    value_loss         | 0.000227 |
------------------------------------
------------------------------------
| rollout/              |          |
|    ep_len_mean        | 2.85     |
|    ep_rew_mean        | -0.228   |
|    success_rate       | 1        |
| time/                 |          |
|    fps                | 1329     |
|    iterations         | 28000    |
|    time_elapsed       | 421      |
|    total_timesteps    | 560000   |
| train/                |          |
|    entropy_loss       | -1       |
|    explained_variance | 0.97     |
|    learning_rate      | 0.0007   |
|    n_updates          | 27999    |
|    policy_loss        | -0.00885 |
|    std                | 0.351    |
|    value_loss         | 0.000249 |
------------------------------------
------------------------------------
| rollout/              |          |
|    ep_len_mean        | 2.96     |
|    ep_rew_mean        | -0.228   |
|    success_rate       | 1        |
| time/                 |          |
|    fps                | 1329     |
|    iterations         | 28100    |
|    time_elapsed       | 422      |
|    total_timesteps    | 562000   |
| train/                |          |
|    entropy_loss       | -0.984   |
|    explained_variance | 0.854    |
|    learning_rate      | 0.0007   |
|    n_updates          | 28099    |
|    policy_loss        | 0.00762  |
|    std                | 0.349    |
|    value_loss         | 0.000585 |
------------------------------------
------------------------------------
| rollout/              |          |
|    ep_len_mean        | 2.8      |
|    ep_rew_mean        | -0.226   |
|    success_rate       | 1        |
| time/                 |          |
|    fps                | 1329     |
|    iterations         | 28200    |
|    time_elapsed       | 424      |
|    total_timesteps    | 564000   |
| train/                |          |
|    entropy_loss       | -0.983   |
|    explained_variance | 0.953    |
|    learning_rate      | 0.0007   |
|    n_updates          | 28199    |
|    policy_loss        | -0.00203 |
|    std                | 0.349    |
|    value_loss         | 0.00023  |
------------------------------------
------------------------------------
| rollout/              |          |
|    ep_len_mean        | 2.74     |
|    ep_rew_mean        | -0.217   |
|    success_rate       | 1        |
| time/                 |          |
|    fps                | 1329     |
|    iterations         | 28300    |
|    time_elapsed       | 425      |
|    total_timesteps    | 566000   |
| train/                |          |
|    entropy_loss       | -0.973   |
|    explained_variance | 0.957    |
|    learning_rate      | 0.0007   |
|    n_updates          | 28299    |
|    policy_loss        | -0.00286 |
|    std                | 0.349    |
|    value_loss         | 0.000201 |
------------------------------------
------------------------------------
| rollout/              |          |
|    ep_len_mean        | 2.77     |
|    ep_rew_mean        | -0.207   |
|    success_rate       | 1        |
| time/                 |          |
|    fps                | 1329     |
|    iterations         | 28400    |
|    time_elapsed       | 427      |
|    total_timesteps    | 568000   |
| train/                |          |
|    entropy_loss       | -0.973   |
|    explained_variance | 0.979    |
|    learning_rate      | 0.0007   |
|    n_updates          | 28399    |
|    policy_loss        | 0.0011   |
|    std                | 0.35     |
|    value_loss         | 0.000106 |
------------------------------------
------------------------------------
| rollout/              |          |
|    ep_len_mean        | 2.54     |
|    ep_rew_mean        | -0.189   |
|    success_rate       | 1        |
| time/                 |          |
|    fps                | 1329     |
|    iterations         | 28500    |
|    time_elapsed       | 428      |
|    total_timesteps    | 570000   |
| train/                |          |
|    entropy_loss       | -0.952   |
|    explained_variance | 0.978    |
|    learning_rate      | 0.0007   |
|    n_updates          | 28499    |
|    policy_loss        | 0.00272  |
|    std                | 0.348    |
|    value_loss         | 0.000137 |
------------------------------------
------------------------------------
| rollout/              |          |
|    ep_len_mean        | 2.86     |
|    ep_rew_mean        | -0.231   |
|    success_rate       | 1        |
| time/                 |          |
|    fps                | 1329     |
|    iterations         | 28600    |
|    time_elapsed       | 430      |
|    total_timesteps    | 572000   |
| train/                |          |
|    entropy_loss       | -0.952   |
|    explained_variance | 0.98     |
|    learning_rate      | 0.0007   |
|    n_updates          | 28599    |
|    policy_loss        | -0.00108 |
|    std                | 0.348    |
|    value_loss         | 7.76e-05 |
------------------------------------
------------------------------------
| rollout/              |          |
|    ep_len_mean        | 3.7      |
|    ep_rew_mean        | -0.299   |
|    success_rate       | 0.98     |
| time/                 |          |
|    fps                | 1329     |
|    iterations         | 28700    |
|    time_elapsed       | 431      |
|    total_timesteps    | 574000   |
| train/                |          |
|    entropy_loss       | -0.973   |
|    explained_variance | 0.86     |
|    learning_rate      | 0.0007   |
|    n_updates          | 28699    |
|    policy_loss        | 0.0248   |
|    std                | 0.351    |
|    value_loss         | 0.0693   |
------------------------------------
------------------------------------
| rollout/              |          |
|    ep_len_mean        | 2.67     |
|    ep_rew_mean        | -0.206   |
|    success_rate       | 1        |
| time/                 |          |
|    fps                | 1329     |
|    iterations         | 28800    |
|    time_elapsed       | 433      |
|    total_timesteps    | 576000   |
| train/                |          |
|    entropy_loss       | -0.97    |
|    explained_variance | 0.712    |
|    learning_rate      | 0.0007   |
|    n_updates          | 28799    |
|    policy_loss        | -0.00349 |
|    std                | 0.35     |
|    value_loss         | 0.00092  |
------------------------------------
------------------------------------
| rollout/              |          |
|    ep_len_mean        | 3.74     |
|    ep_rew_mean        | -0.293   |
|    success_rate       | 0.99     |
| time/                 |          |
|    fps                | 1330     |
|    iterations         | 28900    |
|    time_elapsed       | 434      |
|    total_timesteps    | 578000   |
| train/                |          |
|    entropy_loss       | -0.959   |
|    explained_variance | 0.622    |
|    learning_rate      | 0.0007   |
|    n_updates          | 28899    |
|    policy_loss        | 0.0424   |
|    std                | 0.349    |
|    value_loss         | 0.00298  |
------------------------------------
------------------------------------
| rollout/              |          |
|    ep_len_mean        | 2.82     |
|    ep_rew_mean        | -0.216   |
|    success_rate       | 1        |
| time/                 |          |
|    fps                | 1330     |
|    iterations         | 29000    |
|    time_elapsed       | 436      |
|    total_timesteps    | 580000   |
| train/                |          |
|    entropy_loss       | -0.976   |
|    explained_variance | 0.283    |
|    learning_rate      | 0.0007   |
|    n_updates          | 28999    |
|    policy_loss        | -0.0145  |
|    std                | 0.351    |
|    value_loss         | 0.00372  |
------------------------------------
------------------------------------
| rollout/              |          |
|    ep_len_mean        | 2.79     |
|    ep_rew_mean        | -0.217   |
|    success_rate       | 1        |
| time/                 |          |
|    fps                | 1330     |
|    iterations         | 29100    |
|    time_elapsed       | 437      |
|    total_timesteps    | 582000   |
| train/                |          |
|    entropy_loss       | -0.983   |
|    explained_variance | 0.926    |
|    learning_rate      | 0.0007   |
|    n_updates          | 29099    |
|    policy_loss        | -0.019   |
|    std                | 0.352    |
|    value_loss         | 0.000398 |
------------------------------------
-------------------------------------
| rollout/              |           |
|    ep_len_mean        | 2.83      |
|    ep_rew_mean        | -0.223    |
|    success_rate       | 1         |
| time/                 |           |
|    fps                | 1330      |
|    iterations         | 29200     |
|    time_elapsed       | 439       |
|    total_timesteps    | 584000    |
| train/                |           |
|    entropy_loss       | -0.967    |
|    explained_variance | 0.973     |
|    learning_rate      | 0.0007    |
|    n_updates          | 29199     |
|    policy_loss        | -0.000384 |
|    std                | 0.349     |
|    value_loss         | 0.000116  |
-------------------------------------
------------------------------------
| rollout/              |          |
|    ep_len_mean        | 2.84     |
|    ep_rew_mean        | -0.228   |
|    success_rate       | 1        |
| time/                 |          |
|    fps                | 1330     |
|    iterations         | 29300    |
|    time_elapsed       | 440      |
|    total_timesteps    | 586000   |
| train/                |          |
|    entropy_loss       | -0.969   |
|    explained_variance | 0.854    |
|    learning_rate      | 0.0007   |
|    n_updates          | 29299    |
|    policy_loss        | 0.0162   |
|    std                | 0.35     |
|    value_loss         | 0.00108  |
------------------------------------
------------------------------------
| rollout/              |          |
|    ep_len_mean        | 2.7      |
|    ep_rew_mean        | -0.209   |
|    success_rate       | 1        |
| time/                 |          |
|    fps                | 1330     |
|    iterations         | 29400    |
|    time_elapsed       | 442      |
|    total_timesteps    | 588000   |
| train/                |          |
|    entropy_loss       | -0.971   |
|    explained_variance | 0.943    |
|    learning_rate      | 0.0007   |
|    n_updates          | 29399    |
|    policy_loss        | -0.00806 |
|    std                | 0.35     |
|    value_loss         | 0.000239 |
------------------------------------
------------------------------------
| rollout/              |          |
|    ep_len_mean        | 2.88     |
|    ep_rew_mean        | -0.216   |
|    success_rate       | 1        |
| time/                 |          |
|    fps                | 1330     |
|    iterations         | 29500    |
|    time_elapsed       | 443      |
|    total_timesteps    | 590000   |
| train/                |          |
|    entropy_loss       | -0.97    |
|    explained_variance | 0.967    |
|    learning_rate      | 0.0007   |
|    n_updates          | 29499    |
|    policy_loss        | -0.00111 |
|    std                | 0.35     |
|    value_loss         | 0.000184 |
------------------------------------
------------------------------------
| rollout/              |          |
|    ep_len_mean        | 2.65     |
|    ep_rew_mean        | -0.204   |
|    success_rate       | 1        |
| time/                 |          |
|    fps                | 1330     |
|    iterations         | 29600    |
|    time_elapsed       | 445      |
|    total_timesteps    | 592000   |
| train/                |          |
|    entropy_loss       | -0.952   |
|    explained_variance | 0.976    |
|    learning_rate      | 0.0007   |
|    n_updates          | 29599    |
|    policy_loss        | 0.00282  |
|    std                | 0.348    |
|    value_loss         | 0.000257 |
------------------------------------
------------------------------------
| rollout/              |          |
|    ep_len_mean        | 2.89     |
|    ep_rew_mean        | -0.226   |
|    success_rate       | 1        |
| time/                 |          |
|    fps                | 1330     |
|    iterations         | 29700    |
|    time_elapsed       | 446      |
|    total_timesteps    | 594000   |
| train/                |          |
|    entropy_loss       | -0.937   |
|    explained_variance | 0.618    |
|    learning_rate      | 0.0007   |
|    n_updates          | 29699    |
|    policy_loss        | 0.0065   |
|    std                | 0.347    |
|    value_loss         | 0.00266  |
------------------------------------
------------------------------------
| rollout/              |          |
|    ep_len_mean        | 2.73     |
|    ep_rew_mean        | -0.222   |
|    success_rate       | 1        |
| time/                 |          |
|    fps                | 1330     |
|    iterations         | 29800    |
|    time_elapsed       | 447      |
|    total_timesteps    | 596000   |
| train/                |          |
|    entropy_loss       | -0.923   |
|    explained_variance | 0.988    |
|    learning_rate      | 0.0007   |
|    n_updates          | 29799    |
|    policy_loss        | -0.00772 |
|    std                | 0.345    |
|    value_loss         | 0.00015  |
------------------------------------
------------------------------------
| rollout/              |          |
|    ep_len_mean        | 2.74     |
|    ep_rew_mean        | -0.217   |
|    success_rate       | 1        |
| time/                 |          |
|    fps                | 1330     |
|    iterations         | 29900    |
|    time_elapsed       | 449      |
|    total_timesteps    | 598000   |
| train/                |          |
|    entropy_loss       | -0.925   |
|    explained_variance | 0.93     |
|    learning_rate      | 0.0007   |
|    n_updates          | 29899    |
|    policy_loss        | 0.0147   |
|    std                | 0.345    |
|    value_loss         | 0.000503 |
------------------------------------
------------------------------------
| rollout/              |          |
|    ep_len_mean        | 2.69     |
|    ep_rew_mean        | -0.203   |
|    success_rate       | 1        |
| time/                 |          |
|    fps                | 1330     |
|    iterations         | 30000    |
|    time_elapsed       | 450      |
|    total_timesteps    | 600000   |
| train/                |          |
|    entropy_loss       | -0.911   |
|    explained_variance | 0.965    |
|    learning_rate      | 0.0007   |
|    n_updates          | 29999    |
|    policy_loss        | 0.00156  |
|    std                | 0.344    |
|    value_loss         | 0.000186 |
------------------------------------
------------------------------------
| rollout/              |          |
|    ep_len_mean        | 2.82     |
|    ep_rew_mean        | -0.21    |
|    success_rate       | 1        |
| time/                 |          |
|    fps                | 1330     |
|    iterations         | 30100    |
|    time_elapsed       | 452      |
|    total_timesteps    | 602000   |
| train/                |          |
|    entropy_loss       | -0.9     |
|    explained_variance | 0.68     |
|    learning_rate      | 0.0007   |
|    n_updates          | 30099    |
|    policy_loss        | 0.0452   |
|    std                | 0.343    |
|    value_loss         | 0.0029   |
------------------------------------
------------------------------------
| rollout/              |          |
|    ep_len_mean        | 3.02     |
|    ep_rew_mean        | -0.239   |
|    success_rate       | 1        |
| time/                 |          |
|    fps                | 1330     |
|    iterations         | 30200    |
|    time_elapsed       | 453      |
|    total_timesteps    | 604000   |
| train/                |          |
|    entropy_loss       | -0.907   |
|    explained_variance | 0.972    |
|    learning_rate      | 0.0007   |
|    n_updates          | 30199    |
|    policy_loss        | 0.056    |
|    std                | 0.343    |
|    value_loss         | 0.0269   |
------------------------------------
------------------------------------
| rollout/              |          |
|    ep_len_mean        | 2.72     |
|    ep_rew_mean        | -0.209   |
|    success_rate       | 1        |
| time/                 |          |
|    fps                | 1330     |
|    iterations         | 30300    |
|    time_elapsed       | 455      |
|    total_timesteps    | 606000   |
| train/                |          |
|    entropy_loss       | -0.919   |
|    explained_variance | 0.726    |
|    learning_rate      | 0.0007   |
|    n_updates          | 30299    |
|    policy_loss        | 0.0189   |
|    std                | 0.345    |
|    value_loss         | 0.00204  |
------------------------------------
------------------------------------
| rollout/              |          |
|    ep_len_mean        | 2.81     |
|    ep_rew_mean        | -0.228   |
|    success_rate       | 1        |
| time/                 |          |
|    fps                | 1330     |
|    iterations         | 30400    |
|    time_elapsed       | 456      |
|    total_timesteps    | 608000   |
| train/                |          |
|    entropy_loss       | -0.92    |
|    explained_variance | 0.973    |
|    learning_rate      | 0.0007   |
|    n_updates          | 30399    |
|    policy_loss        | -0.00668 |
|    std                | 0.345    |
|    value_loss         | 0.000323 |
------------------------------------
------------------------------------
| rollout/              |          |
|    ep_len_mean        | 3.14     |
|    ep_rew_mean        | -0.243   |
|    success_rate       | 1        |
| time/                 |          |
|    fps                | 1330     |
|    iterations         | 30500    |
|    time_elapsed       | 458      |
|    total_timesteps    | 610000   |
| train/                |          |
|    entropy_loss       | -0.927   |
|    explained_variance | 0.915    |
|    learning_rate      | 0.0007   |
|    n_updates          | 30499    |
|    policy_loss        | -0.0206  |
|    std                | 0.345    |
|    value_loss         | 0.000529 |
------------------------------------
------------------------------------
| rollout/              |          |
|    ep_len_mean        | 2.82     |
|    ep_rew_mean        | -0.22    |
|    success_rate       | 1        |
| time/                 |          |
|    fps                | 1330     |
|    iterations         | 30600    |
|    time_elapsed       | 459      |
|    total_timesteps    | 612000   |
| train/                |          |
|    entropy_loss       | -0.903   |
|    explained_variance | 0.491    |
|    learning_rate      | 0.0007   |
|    n_updates          | 30599    |
|    policy_loss        | -0.00198 |
|    std                | 0.343    |
|    value_loss         | 0.0015   |
------------------------------------
------------------------------------
| rollout/              |          |
|    ep_len_mean        | 2.82     |
|    ep_rew_mean        | -0.229   |
|    success_rate       | 1        |
| time/                 |          |
|    fps                | 1330     |
|    iterations         | 30700    |
|    time_elapsed       | 461      |
|    total_timesteps    | 614000   |
| train/                |          |
|    entropy_loss       | -0.9     |
|    explained_variance | 0.949    |
|    learning_rate      | 0.0007   |
|    n_updates          | 30699    |
|    policy_loss        | -0.00309 |
|    std                | 0.343    |
|    value_loss         | 0.000319 |
------------------------------------
-------------------------------------
| rollout/              |           |
|    ep_len_mean        | 2.78      |
|    ep_rew_mean        | -0.215    |
|    success_rate       | 1         |
| time/                 |           |
|    fps                | 1330      |
|    iterations         | 30800     |
|    time_elapsed       | 462       |
|    total_timesteps    | 616000    |
| train/                |           |
|    entropy_loss       | -0.901    |
|    explained_variance | 0.696     |
|    learning_rate      | 0.0007    |
|    n_updates          | 30799     |
|    policy_loss        | -0.000183 |
|    std                | 0.342     |
|    value_loss         | 0.00224   |
-------------------------------------
------------------------------------
| rollout/              |          |
|    ep_len_mean        | 2.76     |
|    ep_rew_mean        | -0.218   |
|    success_rate       | 1        |
| time/                 |          |
|    fps                | 1331     |
|    iterations         | 30900    |
|    time_elapsed       | 464      |
|    total_timesteps    | 618000   |
| train/                |          |
|    entropy_loss       | -0.891   |
|    explained_variance | 0.858    |
|    learning_rate      | 0.0007   |
|    n_updates          | 30899    |
|    policy_loss        | -0.0167  |
|    std                | 0.341    |
|    value_loss         | 0.000629 |
------------------------------------
------------------------------------
| rollout/              |          |
|    ep_len_mean        | 3.41     |
|    ep_rew_mean        | -0.267   |
|    success_rate       | 1        |
| time/                 |          |
|    fps                | 1331     |
|    iterations         | 31000    |
|    time_elapsed       | 465      |
|    total_timesteps    | 620000   |
| train/                |          |
|    entropy_loss       | -0.878   |
|    explained_variance | 0.578    |
|    learning_rate      | 0.0007   |
|    n_updates          | 30999    |
|    policy_loss        | -0.0348  |
|    std                | 0.34     |
|    value_loss         | 0.000934 |
------------------------------------
------------------------------------
| rollout/              |          |
|    ep_len_mean        | 2.87     |
|    ep_rew_mean        | -0.23    |
|    success_rate       | 1        |
| time/                 |          |
|    fps                | 1331     |
|    iterations         | 31100    |
|    time_elapsed       | 467      |
|    total_timesteps    | 622000   |
| train/                |          |
|    entropy_loss       | -0.857   |
|    explained_variance | 0.935    |
|    learning_rate      | 0.0007   |
|    n_updates          | 31099    |
|    policy_loss        | -0.00637 |
|    std                | 0.337    |
|    value_loss         | 0.00048  |
------------------------------------
------------------------------------
| rollout/              |          |
|    ep_len_mean        | 2.82     |
|    ep_rew_mean        | -0.218   |
|    success_rate       | 1        |
| time/                 |          |
|    fps                | 1331     |
|    iterations         | 31200    |
|    time_elapsed       | 468      |
|    total_timesteps    | 624000   |
| train/                |          |
|    entropy_loss       | -0.838   |
|    explained_variance | 0.961    |
|    learning_rate      | 0.0007   |
|    n_updates          | 31199    |
|    policy_loss        | -0.0112  |
|    std                | 0.335    |
|    value_loss         | 0.000567 |
------------------------------------
------------------------------------
| rollout/              |          |
|    ep_len_mean        | 2.77     |
|    ep_rew_mean        | -0.216   |
|    success_rate       | 1        |
| time/                 |          |
|    fps                | 1331     |
|    iterations         | 31300    |
|    time_elapsed       | 470      |
|    total_timesteps    | 626000   |
| train/                |          |
|    entropy_loss       | -0.846   |
|    explained_variance | 0.936    |
|    learning_rate      | 0.0007   |
|    n_updates          | 31299    |
|    policy_loss        | 0.0078   |
|    std                | 0.336    |
|    value_loss         | 0.000532 |
------------------------------------
------------------------------------
| rollout/              |          |
|    ep_len_mean        | 3.07     |
|    ep_rew_mean        | -0.254   |
|    success_rate       | 1        |
| time/                 |          |
|    fps                | 1331     |
|    iterations         | 31400    |
|    time_elapsed       | 471      |
|    total_timesteps    | 628000   |
| train/                |          |
|    entropy_loss       | -0.842   |
|    explained_variance | 0.921    |
|    learning_rate      | 0.0007   |
|    n_updates          | 31399    |
|    policy_loss        | 0.0268   |
|    std                | 0.336    |
|    value_loss         | 0.00195  |
------------------------------------
------------------------------------
| rollout/              |          |
|    ep_len_mean        | 2.82     |
|    ep_rew_mean        | -0.21    |
|    success_rate       | 1        |
| time/                 |          |
|    fps                | 1331     |
|    iterations         | 31500    |
|    time_elapsed       | 473      |
|    total_timesteps    | 630000   |
| train/                |          |
|    entropy_loss       | -0.834   |
|    explained_variance | 0.933    |
|    learning_rate      | 0.0007   |
|    n_updates          | 31499    |
|    policy_loss        | 0.00314  |
|    std                | 0.336    |
|    value_loss         | 0.000385 |
------------------------------------
------------------------------------
| rollout/              |          |
|    ep_len_mean        | 2.69     |
|    ep_rew_mean        | -0.202   |
|    success_rate       | 1        |
| time/                 |          |
|    fps                | 1331     |
|    iterations         | 31600    |
|    time_elapsed       | 474      |
|    total_timesteps    | 632000   |
| train/                |          |
|    entropy_loss       | -0.864   |
|    explained_variance | 0.908    |
|    learning_rate      | 0.0007   |
|    n_updates          | 31599    |
|    policy_loss        | 0.00405  |
|    std                | 0.339    |
|    value_loss         | 0.000295 |
------------------------------------
------------------------------------
| rollout/              |          |
|    ep_len_mean        | 2.52     |
|    ep_rew_mean        | -0.183   |
|    success_rate       | 1        |
| time/                 |          |
|    fps                | 1331     |
|    iterations         | 31700    |
|    time_elapsed       | 476      |
|    total_timesteps    | 634000   |
| train/                |          |
|    entropy_loss       | -0.876   |
|    explained_variance | 0.94     |
|    learning_rate      | 0.0007   |
|    n_updates          | 31699    |
|    policy_loss        | -0.0109  |
|    std                | 0.34     |
|    value_loss         | 0.000304 |
------------------------------------
------------------------------------
| rollout/              |          |
|    ep_len_mean        | 2.76     |
|    ep_rew_mean        | -0.216   |
|    success_rate       | 1        |
| time/                 |          |
|    fps                | 1331     |
|    iterations         | 31800    |
|    time_elapsed       | 477      |
|    total_timesteps    | 636000   |
| train/                |          |
|    entropy_loss       | -0.878   |
|    explained_variance | 0.967    |
|    learning_rate      | 0.0007   |
|    n_updates          | 31799    |
|    policy_loss        | -0.0126  |
|    std                | 0.34     |
|    value_loss         | 0.00029  |
------------------------------------
------------------------------------
| rollout/              |          |
|    ep_len_mean        | 2.81     |
|    ep_rew_mean        | -0.229   |
|    success_rate       | 1        |
| time/                 |          |
|    fps                | 1331     |
|    iterations         | 31900    |
|    time_elapsed       | 479      |
|    total_timesteps    | 638000   |
| train/                |          |
|    entropy_loss       | -0.886   |
|    explained_variance | 0.984    |
|    learning_rate      | 0.0007   |
|    n_updates          | 31899    |
|    policy_loss        | 0.00476  |
|    std                | 0.342    |
|    value_loss         | 7.62e-05 |
------------------------------------
------------------------------------
| rollout/              |          |
|    ep_len_mean        | 2.79     |
|    ep_rew_mean        | -0.222   |
|    success_rate       | 1        |
| time/                 |          |
|    fps                | 1331     |
|    iterations         | 32000    |
|    time_elapsed       | 480      |
|    total_timesteps    | 640000   |
| train/                |          |
|    entropy_loss       | -0.884   |
|    explained_variance | 0.904    |
|    learning_rate      | 0.0007   |
|    n_updates          | 31999    |
|    policy_loss        | 0.00436  |
|    std                | 0.341    |
|    value_loss         | 0.000327 |
------------------------------------
------------------------------------
| rollout/              |          |
|    ep_len_mean        | 2.87     |
|    ep_rew_mean        | -0.229   |
|    success_rate       | 1        |
| time/                 |          |
|    fps                | 1331     |
|    iterations         | 32100    |
|    time_elapsed       | 482      |
|    total_timesteps    | 642000   |
| train/                |          |
|    entropy_loss       | -0.902   |
|    explained_variance | 0.977    |
|    learning_rate      | 0.0007   |
|    n_updates          | 32099    |
|    policy_loss        | -0.012   |
|    std                | 0.343    |
|    value_loss         | 0.000181 |
------------------------------------
------------------------------------
| rollout/              |          |
|    ep_len_mean        | 2.79     |
|    ep_rew_mean        | -0.215   |
|    success_rate       | 1        |
| time/                 |          |
|    fps                | 1331     |
|    iterations         | 32200    |
|    time_elapsed       | 483      |
|    total_timesteps    | 644000   |
| train/                |          |
|    entropy_loss       | -0.887   |
|    explained_variance | 0.969    |
|    learning_rate      | 0.0007   |
|    n_updates          | 32199    |
|    policy_loss        | 0.00715  |
|    std                | 0.341    |
|    value_loss         | 0.000173 |
------------------------------------
------------------------------------
| rollout/              |          |
|    ep_len_mean        | 2.67     |
|    ep_rew_mean        | -0.207   |
|    success_rate       | 1        |
| time/                 |          |
|    fps                | 1331     |
|    iterations         | 32300    |
|    time_elapsed       | 485      |
|    total_timesteps    | 646000   |
| train/                |          |
|    entropy_loss       | -0.872   |
|    explained_variance | 0.982    |
|    learning_rate      | 0.0007   |
|    n_updates          | 32299    |
|    policy_loss        | -0.00169 |
|    std                | 0.34     |
|    value_loss         | 0.000157 |
------------------------------------
------------------------------------
| rollout/              |          |
|    ep_len_mean        | 2.91     |
|    ep_rew_mean        | -0.228   |
|    success_rate       | 1        |
| time/                 |          |
|    fps                | 1331     |
|    iterations         | 32400    |
|    time_elapsed       | 486      |
|    total_timesteps    | 648000   |
| train/                |          |
|    entropy_loss       | -0.849   |
|    explained_variance | 0.973    |
|    learning_rate      | 0.0007   |
|    n_updates          | 32399    |
|    policy_loss        | -0.00238 |
|    std                | 0.338    |
|    value_loss         | 0.000215 |
------------------------------------
------------------------------------
| rollout/              |          |
|    ep_len_mean        | 4.45     |
|    ep_rew_mean        | -0.391   |
|    success_rate       | 0.97     |
| time/                 |          |
|    fps                | 1331     |
|    iterations         | 32500    |
|    time_elapsed       | 488      |
|    total_timesteps    | 650000   |
| train/                |          |
|    entropy_loss       | -0.86    |
|    explained_variance | 0.211    |
|    learning_rate      | 0.0007   |
|    n_updates          | 32499    |
|    policy_loss        | 0.0508   |
|    std                | 0.339    |
|    value_loss         | 0.0727   |
------------------------------------
------------------------------------
| rollout/              |          |
|    ep_len_mean        | 2.9      |
|    ep_rew_mean        | -0.222   |
|    success_rate       | 1        |
| time/                 |          |
|    fps                | 1331     |
|    iterations         | 32600    |
|    time_elapsed       | 489      |
|    total_timesteps    | 652000   |
| train/                |          |
|    entropy_loss       | -0.841   |
|    explained_variance | 0.78     |
|    learning_rate      | 0.0007   |
|    n_updates          | 32599    |
|    policy_loss        | 0.0183   |
|    std                | 0.337    |
|    value_loss         | 0.00145  |
------------------------------------
------------------------------------
| rollout/              |          |
|    ep_len_mean        | 3.68     |
|    ep_rew_mean        | -0.294   |
|    success_rate       | 0.99     |
| time/                 |          |
|    fps                | 1331     |
|    iterations         | 32700    |
|    time_elapsed       | 491      |
|    total_timesteps    | 654000   |
| train/                |          |
|    entropy_loss       | -0.821   |
|    explained_variance | 0.977    |
|    learning_rate      | 0.0007   |
|    n_updates          | 32699    |
|    policy_loss        | -0.0429  |
|    std                | 0.335    |
|    value_loss         | 0.0218   |
------------------------------------
------------------------------------
| rollout/              |          |
|    ep_len_mean        | 2.66     |
|    ep_rew_mean        | -0.202   |
|    success_rate       | 1        |
| time/                 |          |
|    fps                | 1331     |
|    iterations         | 32800    |
|    time_elapsed       | 492      |
|    total_timesteps    | 656000   |
| train/                |          |
|    entropy_loss       | -0.829   |
|    explained_variance | 0.289    |
|    learning_rate      | 0.0007   |
|    n_updates          | 32799    |
|    policy_loss        | 0.00011  |
|    std                | 0.336    |
|    value_loss         | 0.0104   |
------------------------------------
------------------------------------
| rollout/              |          |
|    ep_len_mean        | 2.95     |
|    ep_rew_mean        | -0.241   |
|    success_rate       | 1        |
| time/                 |          |
|    fps                | 1331     |
|    iterations         | 32900    |
|    time_elapsed       | 494      |
|    total_timesteps    | 658000   |
| train/                |          |
|    entropy_loss       | -0.836   |
|    explained_variance | 0.752    |
|    learning_rate      | 0.0007   |
|    n_updates          | 32899    |
|    policy_loss        | 0.00434  |
|    std                | 0.337    |
|    value_loss         | 0.00154  |
------------------------------------
------------------------------------
| rollout/              |          |
|    ep_len_mean        | 2.82     |
|    ep_rew_mean        | -0.221   |
|    success_rate       | 1        |
| time/                 |          |
|    fps                | 1331     |
|    iterations         | 33000    |
|    time_elapsed       | 495      |
|    total_timesteps    | 660000   |
| train/                |          |
|    entropy_loss       | -0.847   |
|    explained_variance | 0.852    |
|    learning_rate      | 0.0007   |
|    n_updates          | 32999    |
|    policy_loss        | 0.0101   |
|    std                | 0.339    |
|    value_loss         | 0.000746 |
------------------------------------
------------------------------------
| rollout/              |          |
|    ep_len_mean        | 2.84     |
|    ep_rew_mean        | -0.225   |
|    success_rate       | 1        |
| time/                 |          |
|    fps                | 1332     |
|    iterations         | 33100    |
|    time_elapsed       | 496      |
|    total_timesteps    | 662000   |
| train/                |          |
|    entropy_loss       | -0.851   |
|    explained_variance | 0.891    |
|    learning_rate      | 0.0007   |
|    n_updates          | 33099    |
|    policy_loss        | 0.00839  |
|    std                | 0.34     |
|    value_loss         | 0.00062  |
------------------------------------
------------------------------------
| rollout/              |          |
|    ep_len_mean        | 2.88     |
|    ep_rew_mean        | -0.227   |
|    success_rate       | 1        |
| time/                 |          |
|    fps                | 1332     |
|    iterations         | 33200    |
|    time_elapsed       | 498      |
|    total_timesteps    | 664000   |
| train/                |          |
|    entropy_loss       | -0.85    |
|    explained_variance | 0.962    |
|    learning_rate      | 0.0007   |
|    n_updates          | 33199    |
|    policy_loss        | -0.00821 |
|    std                | 0.34     |
|    value_loss         | 0.00041  |
------------------------------------
------------------------------------
| rollout/              |          |
|    ep_len_mean        | 2.66     |
|    ep_rew_mean        | -0.202   |
|    success_rate       | 1        |
| time/                 |          |
|    fps                | 1332     |
|    iterations         | 33300    |
|    time_elapsed       | 499      |
|    total_timesteps    | 666000   |
| train/                |          |
|    entropy_loss       | -0.842   |
|    explained_variance | 0.975    |
|    learning_rate      | 0.0007   |
|    n_updates          | 33299    |
|    policy_loss        | -0.0108  |
|    std                | 0.339    |
|    value_loss         | 0.000224 |
------------------------------------
------------------------------------
| rollout/              |          |
|    ep_len_mean        | 2.77     |
|    ep_rew_mean        | -0.206   |
|    success_rate       | 1        |
| time/                 |          |
|    fps                | 1332     |
|    iterations         | 33400    |
|    time_elapsed       | 501      |
|    total_timesteps    | 668000   |
| train/                |          |
|    entropy_loss       | -0.854   |
|    explained_variance | 0.753    |
|    learning_rate      | 0.0007   |
|    n_updates          | 33399    |
|    policy_loss        | -0.0103  |
|    std                | 0.341    |
|    value_loss         | 0.00167  |
------------------------------------
------------------------------------
| rollout/              |          |
|    ep_len_mean        | 2.88     |
|    ep_rew_mean        | -0.222   |
|    success_rate       | 1        |
| time/                 |          |
|    fps                | 1332     |
|    iterations         | 33500    |
|    time_elapsed       | 502      |
|    total_timesteps    | 670000   |
| train/                |          |
|    entropy_loss       | -0.846   |
|    explained_variance | 0.792    |
|    learning_rate      | 0.0007   |
|    n_updates          | 33499    |
|    policy_loss        | 0.0475   |
|    std                | 0.34     |
|    value_loss         | 0.00373  |
------------------------------------
-------------------------------------
| rollout/              |           |
|    ep_len_mean        | 2.79      |
|    ep_rew_mean        | -0.216    |
|    success_rate       | 1         |
| time/                 |           |
|    fps                | 1332      |
|    iterations         | 33600     |
|    time_elapsed       | 504       |
|    total_timesteps    | 672000    |
| train/                |           |
|    entropy_loss       | -0.815    |
|    explained_variance | 0.974     |
|    learning_rate      | 0.0007    |
|    n_updates          | 33599     |
|    policy_loss        | -0.000124 |
|    std                | 0.336     |
|    value_loss         | 0.000221  |
-------------------------------------
------------------------------------
| rollout/              |          |
|    ep_len_mean        | 2.8      |
|    ep_rew_mean        | -0.219   |
|    success_rate       | 1        |
| time/                 |          |
|    fps                | 1332     |
|    iterations         | 33700    |
|    time_elapsed       | 505      |
|    total_timesteps    | 674000   |
| train/                |          |
|    entropy_loss       | -0.809   |
|    explained_variance | -0.291   |
|    learning_rate      | 0.0007   |
|    n_updates          | 33699    |
|    policy_loss        | 0.0393   |
|    std                | 0.336    |
|    value_loss         | 0.0119   |
------------------------------------
------------------------------------
| rollout/              |          |
|    ep_len_mean        | 2.67     |
|    ep_rew_mean        | -0.207   |
|    success_rate       | 1        |
| time/                 |          |
|    fps                | 1332     |
|    iterations         | 33800    |
|    time_elapsed       | 507      |
|    total_timesteps    | 676000   |
| train/                |          |
|    entropy_loss       | -0.799   |
|    explained_variance | 0.925    |
|    learning_rate      | 0.0007   |
|    n_updates          | 33799    |
|    policy_loss        | -0.0207  |
|    std                | 0.335    |
|    value_loss         | 0.000342 |
------------------------------------
------------------------------------
| rollout/              |          |
|    ep_len_mean        | 2.78     |
|    ep_rew_mean        | -0.221   |
|    success_rate       | 1        |
| time/                 |          |
|    fps                | 1332     |
|    iterations         | 33900    |
|    time_elapsed       | 508      |
|    total_timesteps    | 678000   |
| train/                |          |
|    entropy_loss       | -0.783   |
|    explained_variance | 0.953    |
|    learning_rate      | 0.0007   |
|    n_updates          | 33899    |
|    policy_loss        | 0.0139   |
|    std                | 0.334    |
|    value_loss         | 0.00044  |
------------------------------------
------------------------------------
| rollout/              |          |
|    ep_len_mean        | 2.78     |
|    ep_rew_mean        | -0.212   |
|    success_rate       | 1        |
| time/                 |          |
|    fps                | 1332     |
|    iterations         | 34000    |
|    time_elapsed       | 510      |
|    total_timesteps    | 680000   |
| train/                |          |
|    entropy_loss       | -0.783   |
|    explained_variance | 0.98     |
|    learning_rate      | 0.0007   |
|    n_updates          | 33999    |
|    policy_loss        | -0.00459 |
|    std                | 0.334    |
|    value_loss         | 0.000172 |
------------------------------------
------------------------------------
| rollout/              |          |
|    ep_len_mean        | 2.94     |
|    ep_rew_mean        | -0.232   |
|    success_rate       | 1        |
| time/                 |          |
|    fps                | 1332     |
|    iterations         | 34100    |
|    time_elapsed       | 511      |
|    total_timesteps    | 682000   |
| train/                |          |
|    entropy_loss       | -0.759   |
|    explained_variance | 0.673    |
|    learning_rate      | 0.0007   |
|    n_updates          | 34099    |
|    policy_loss        | 0.00848  |
|    std                | 0.332    |
|    value_loss         | 0.00212  |
------------------------------------
------------------------------------
| rollout/              |          |
|    ep_len_mean        | 2.75     |
|    ep_rew_mean        | -0.211   |
|    success_rate       | 1        |
| time/                 |          |
|    fps                | 1332     |
|    iterations         | 34200    |
|    time_elapsed       | 513      |
|    total_timesteps    | 684000   |
| train/                |          |
|    entropy_loss       | -0.738   |
|    explained_variance | 0.977    |
|    learning_rate      | 0.0007   |
|    n_updates          | 34199    |
|    policy_loss        | -0.00385 |
|    std                | 0.329    |
|    value_loss         | 0.000168 |
------------------------------------
------------------------------------
| rollout/              |          |
|    ep_len_mean        | 2.9      |
|    ep_rew_mean        | -0.218   |
|    success_rate       | 1        |
| time/                 |          |
|    fps                | 1332     |
|    iterations         | 34300    |
|    time_elapsed       | 514      |
|    total_timesteps    | 686000   |
| train/                |          |
|    entropy_loss       | -0.73    |
|    explained_variance | 0.385    |
|    learning_rate      | 0.0007   |
|    n_updates          | 34299    |
|    policy_loss        | 0.00297  |
|    std                | 0.329    |
|    value_loss         | 0.00854  |
------------------------------------
------------------------------------
| rollout/              |          |
|    ep_len_mean        | 2.72     |
|    ep_rew_mean        | -0.205   |
|    success_rate       | 1        |
| time/                 |          |
|    fps                | 1332     |
|    iterations         | 34400    |
|    time_elapsed       | 516      |
|    total_timesteps    | 688000   |
| train/                |          |
|    entropy_loss       | -0.726   |
|    explained_variance | 0.961    |
|    learning_rate      | 0.0007   |
|    n_updates          | 34399    |
|    policy_loss        | 0.00505  |
|    std                | 0.329    |
|    value_loss         | 0.000347 |
------------------------------------
------------------------------------
| rollout/              |          |
|    ep_len_mean        | 2.82     |
|    ep_rew_mean        | -0.223   |
|    success_rate       | 1        |
| time/                 |          |
|    fps                | 1332     |
|    iterations         | 34500    |
|    time_elapsed       | 517      |
|    total_timesteps    | 690000   |
| train/                |          |
|    entropy_loss       | -0.728   |
|    explained_variance | 0.982    |
|    learning_rate      | 0.0007   |
|    n_updates          | 34499    |
|    policy_loss        | 0.00172  |
|    std                | 0.33     |
|    value_loss         | 0.000101 |
------------------------------------
------------------------------------
| rollout/              |          |
|    ep_len_mean        | 2.69     |
|    ep_rew_mean        | -0.213   |
|    success_rate       | 1        |
| time/                 |          |
|    fps                | 1332     |
|    iterations         | 34600    |
|    time_elapsed       | 519      |
|    total_timesteps    | 692000   |
| train/                |          |
|    entropy_loss       | -0.732   |
|    explained_variance | 0.974    |
|    learning_rate      | 0.0007   |
|    n_updates          | 34599    |
|    policy_loss        | -0.0108  |
|    std                | 0.33     |
|    value_loss         | 0.000226 |
------------------------------------
------------------------------------
| rollout/              |          |
|    ep_len_mean        | 2.68     |
|    ep_rew_mean        | -0.208   |
|    success_rate       | 1        |
| time/                 |          |
|    fps                | 1332     |
|    iterations         | 34700    |
|    time_elapsed       | 520      |
|    total_timesteps    | 694000   |
| train/                |          |
|    entropy_loss       | -0.735   |
|    explained_variance | 0.985    |
|    learning_rate      | 0.0007   |
|    n_updates          | 34699    |
|    policy_loss        | 0.00224  |
|    std                | 0.33     |
|    value_loss         | 0.000297 |
------------------------------------
------------------------------------
| rollout/              |          |
|    ep_len_mean        | 2.72     |
|    ep_rew_mean        | -0.207   |
|    success_rate       | 1        |
| time/                 |          |
|    fps                | 1332     |
|    iterations         | 34800    |
|    time_elapsed       | 522      |
|    total_timesteps    | 696000   |
| train/                |          |
|    entropy_loss       | -0.708   |
|    explained_variance | 0.963    |
|    learning_rate      | 0.0007   |
|    n_updates          | 34799    |
|    policy_loss        | 0.000417 |
|    std                | 0.327    |
|    value_loss         | 9.88e-05 |
------------------------------------
------------------------------------
| rollout/              |          |
|    ep_len_mean        | 2.93     |
|    ep_rew_mean        | -0.232   |
|    success_rate       | 1        |
| time/                 |          |
|    fps                | 1332     |
|    iterations         | 34900    |
|    time_elapsed       | 523      |
|    total_timesteps    | 698000   |
| train/                |          |
|    entropy_loss       | -0.713   |
|    explained_variance | 0.881    |
|    learning_rate      | 0.0007   |
|    n_updates          | 34899    |
|    policy_loss        | 0.0266   |
|    std                | 0.328    |
|    value_loss         | 0.00171  |
------------------------------------
------------------------------------
| rollout/              |          |
|    ep_len_mean        | 3.16     |
|    ep_rew_mean        | -0.242   |
|    success_rate       | 0.99     |
| time/                 |          |
|    fps                | 1332     |
|    iterations         | 35000    |
|    time_elapsed       | 525      |
|    total_timesteps    | 700000   |
| train/                |          |
|    entropy_loss       | -0.723   |
|    explained_variance | 0.991    |
|    learning_rate      | 0.0007   |
|    n_updates          | 34999    |
|    policy_loss        | -0.00443 |
|    std                | 0.329    |
|    value_loss         | 0.0113   |
------------------------------------
------------------------------------
| rollout/              |          |
|    ep_len_mean        | 3.32     |
|    ep_rew_mean        | -0.255   |
|    success_rate       | 0.99     |
| time/                 |          |
|    fps                | 1332     |
|    iterations         | 35100    |
|    time_elapsed       | 526      |
|    total_timesteps    | 702000   |
| train/                |          |
|    entropy_loss       | -0.71    |
|    explained_variance | 0.095    |
|    learning_rate      | 0.0007   |
|    n_updates          | 35099    |
|    policy_loss        | 0.0145   |
|    std                | 0.328    |
|    value_loss         | 0.0434   |
------------------------------------
------------------------------------
| rollout/              |          |
|    ep_len_mean        | 3.19     |
|    ep_rew_mean        | -0.236   |
|    success_rate       | 1        |
| time/                 |          |
|    fps                | 1332     |
|    iterations         | 35200    |
|    time_elapsed       | 528      |
|    total_timesteps    | 704000   |
| train/                |          |
|    entropy_loss       | -0.711   |
|    explained_variance | 0.333    |
|    learning_rate      | 0.0007   |
|    n_updates          | 35199    |
|    policy_loss        | -0.0385  |
|    std                | 0.328    |
|    value_loss         | 1.12     |
------------------------------------
------------------------------------
| rollout/              |          |
|    ep_len_mean        | 3.83     |
|    ep_rew_mean        | -0.301   |
|    success_rate       | 0.99     |
| time/                 |          |
|    fps                | 1332     |
|    iterations         | 35300    |
|    time_elapsed       | 529      |
|    total_timesteps    | 706000   |
| train/                |          |
|    entropy_loss       | -0.696   |
|    explained_variance | 0.918    |
|    learning_rate      | 0.0007   |
|    n_updates          | 35299    |
|    policy_loss        | -0.142   |
|    std                | 0.327    |
|    value_loss         | 0.111    |
------------------------------------
------------------------------------
| rollout/              |          |
|    ep_len_mean        | 3.4      |
|    ep_rew_mean        | -0.278   |
|    success_rate       | 1        |
| time/                 |          |
|    fps                | 1332     |
|    iterations         | 35400    |
|    time_elapsed       | 531      |
|    total_timesteps    | 708000   |
| train/                |          |
|    entropy_loss       | -0.694   |
|    explained_variance | 0.184    |
|    learning_rate      | 0.0007   |
|    n_updates          | 35399    |
|    policy_loss        | 0.0194   |
|    std                | 0.328    |
|    value_loss         | 0.0102   |
------------------------------------
------------------------------------
| rollout/              |          |
|    ep_len_mean        | 3.16     |
|    ep_rew_mean        | -0.252   |
|    success_rate       | 1        |
| time/                 |          |
|    fps                | 1332     |
|    iterations         | 35500    |
|    time_elapsed       | 532      |
|    total_timesteps    | 710000   |
| train/                |          |
|    entropy_loss       | -0.692   |
|    explained_variance | -0.433   |
|    learning_rate      | 0.0007   |
|    n_updates          | 35499    |
|    policy_loss        | 0.0496   |
|    std                | 0.327    |
|    value_loss         | 0.00956  |
------------------------------------
------------------------------------
| rollout/              |          |
|    ep_len_mean        | 2.95     |
|    ep_rew_mean        | -0.227   |
|    success_rate       | 1        |
| time/                 |          |
|    fps                | 1332     |
|    iterations         | 35600    |
|    time_elapsed       | 534      |
|    total_timesteps    | 712000   |
| train/                |          |
|    entropy_loss       | -0.689   |
|    explained_variance | 0.842    |
|    learning_rate      | 0.0007   |
|    n_updates          | 35599    |
|    policy_loss        | 0.0393   |
|    std                | 0.327    |
|    value_loss         | 0.00149  |
------------------------------------
------------------------------------
| rollout/              |          |
|    ep_len_mean        | 2.84     |
|    ep_rew_mean        | -0.212   |
|    success_rate       | 1        |
| time/                 |          |
|    fps                | 1332     |
|    iterations         | 35700    |
|    time_elapsed       | 535      |
|    total_timesteps    | 714000   |
| train/                |          |
|    entropy_loss       | -0.698   |
|    explained_variance | 0.932    |
|    learning_rate      | 0.0007   |
|    n_updates          | 35699    |
|    policy_loss        | 0.0183   |
|    std                | 0.327    |
|    value_loss         | 0.000867 |
------------------------------------
------------------------------------
| rollout/              |          |
|    ep_len_mean        | 2.84     |
|    ep_rew_mean        | -0.225   |
|    success_rate       | 1        |
| time/                 |          |
|    fps                | 1332     |
|    iterations         | 35800    |
|    time_elapsed       | 537      |
|    total_timesteps    | 716000   |
| train/                |          |
|    entropy_loss       | -0.692   |
|    explained_variance | 0.904    |
|    learning_rate      | 0.0007   |
|    n_updates          | 35799    |
|    policy_loss        | 0.00613  |
|    std                | 0.327    |
|    value_loss         | 0.000835 |
------------------------------------
------------------------------------
| rollout/              |          |
|    ep_len_mean        | 2.48     |
|    ep_rew_mean        | -0.176   |
|    success_rate       | 1        |
| time/                 |          |
|    fps                | 1332     |
|    iterations         | 35900    |
|    time_elapsed       | 538      |
|    total_timesteps    | 718000   |
| train/                |          |
|    entropy_loss       | -0.68    |
|    explained_variance | 0.926    |
|    learning_rate      | 0.0007   |
|    n_updates          | 35899    |
|    policy_loss        | -0.00249 |
|    std                | 0.325    |
|    value_loss         | 0.000286 |
------------------------------------
------------------------------------
| rollout/              |          |
|    ep_len_mean        | 2.62     |
|    ep_rew_mean        | -0.198   |
|    success_rate       | 1        |
| time/                 |          |
|    fps                | 1332     |
|    iterations         | 36000    |
|    time_elapsed       | 540      |
|    total_timesteps    | 720000   |
| train/                |          |
|    entropy_loss       | -0.69    |
|    explained_variance | 0.947    |
|    learning_rate      | 0.0007   |
|    n_updates          | 35999    |
|    policy_loss        | 0.0143   |
|    std                | 0.326    |
|    value_loss         | 0.000277 |
------------------------------------
------------------------------------
| rollout/              |          |
|    ep_len_mean        | 2.86     |
|    ep_rew_mean        | -0.224   |
|    success_rate       | 1        |
| time/                 |          |
|    fps                | 1332     |
|    iterations         | 36100    |
|    time_elapsed       | 541      |
|    total_timesteps    | 722000   |
| train/                |          |
|    entropy_loss       | -0.68    |
|    explained_variance | 0.862    |
|    learning_rate      | 0.0007   |
|    n_updates          | 36099    |
|    policy_loss        | -0.0131  |
|    std                | 0.325    |
|    value_loss         | 0.000996 |
------------------------------------
------------------------------------
| rollout/              |          |
|    ep_len_mean        | 2.7      |
|    ep_rew_mean        | -0.207   |
|    success_rate       | 1        |
| time/                 |          |
|    fps                | 1332     |
|    iterations         | 36200    |
|    time_elapsed       | 543      |
|    total_timesteps    | 724000   |
| train/                |          |
|    entropy_loss       | -0.678   |
|    explained_variance | 0.954    |
|    learning_rate      | 0.0007   |
|    n_updates          | 36199    |
|    policy_loss        | 0.00867  |
|    std                | 0.325    |
|    value_loss         | 0.000271 |
------------------------------------
------------------------------------
| rollout/              |          |
|    ep_len_mean        | 2.86     |
|    ep_rew_mean        | -0.213   |
|    success_rate       | 1        |
| time/                 |          |
|    fps                | 1332     |
|    iterations         | 36300    |
|    time_elapsed       | 544      |
|    total_timesteps    | 726000   |
| train/                |          |
|    entropy_loss       | -0.686   |
|    explained_variance | 0.948    |
|    learning_rate      | 0.0007   |
|    n_updates          | 36299    |
|    policy_loss        | 5.1e-06  |
|    std                | 0.326    |
|    value_loss         | 0.000413 |
------------------------------------
------------------------------------
| rollout/              |          |
|    ep_len_mean        | 2.86     |
|    ep_rew_mean        | -0.237   |
|    success_rate       | 1        |
| time/                 |          |
|    fps                | 1332     |
|    iterations         | 36400    |
|    time_elapsed       | 546      |
|    total_timesteps    | 728000   |
| train/                |          |
|    entropy_loss       | -0.684   |
|    explained_variance | 0.963    |
|    learning_rate      | 0.0007   |
|    n_updates          | 36399    |
|    policy_loss        | 0.00282  |
|    std                | 0.327    |
|    value_loss         | 0.000293 |
------------------------------------
------------------------------------
| rollout/              |          |
|    ep_len_mean        | 2.92     |
|    ep_rew_mean        | -0.231   |
|    success_rate       | 1        |
| time/                 |          |
|    fps                | 1332     |
|    iterations         | 36500    |
|    time_elapsed       | 547      |
|    total_timesteps    | 730000   |
| train/                |          |
|    entropy_loss       | -0.685   |
|    explained_variance | 0.928    |
|    learning_rate      | 0.0007   |
|    n_updates          | 36499    |
|    policy_loss        | -0.00955 |
|    std                | 0.326    |
|    value_loss         | 0.000607 |
------------------------------------
------------------------------------
| rollout/              |          |
|    ep_len_mean        | 2.73     |
|    ep_rew_mean        | -0.218   |
|    success_rate       | 1        |
| time/                 |          |
|    fps                | 1332     |
|    iterations         | 36600    |
|    time_elapsed       | 549      |
|    total_timesteps    | 732000   |
| train/                |          |
|    entropy_loss       | -0.655   |
|    explained_variance | 0.979    |
|    learning_rate      | 0.0007   |
|    n_updates          | 36599    |
|    policy_loss        | 0.000981 |
|    std                | 0.323    |
|    value_loss         | 0.000149 |
------------------------------------
------------------------------------
| rollout/              |          |
|    ep_len_mean        | 2.6      |
|    ep_rew_mean        | -0.188   |
|    success_rate       | 1        |
| time/                 |          |
|    fps                | 1332     |
|    iterations         | 36700    |
|    time_elapsed       | 550      |
|    total_timesteps    | 734000   |
| train/                |          |
|    entropy_loss       | -0.645   |
|    explained_variance | 0.973    |
|    learning_rate      | 0.0007   |
|    n_updates          | 36699    |
|    policy_loss        | -0.00605 |
|    std                | 0.322    |
|    value_loss         | 0.000318 |
------------------------------------
------------------------------------
| rollout/              |          |
|    ep_len_mean        | 2.98     |
|    ep_rew_mean        | -0.229   |
|    success_rate       | 1        |
| time/                 |          |
|    fps                | 1332     |
|    iterations         | 36800    |
|    time_elapsed       | 552      |
|    total_timesteps    | 736000   |
| train/                |          |
|    entropy_loss       | -0.651   |
|    explained_variance | -0.0547  |
|    learning_rate      | 0.0007   |
|    n_updates          | 36799    |
|    policy_loss        | 0.0659   |
|    std                | 0.322    |
|    value_loss         | 0.0147   |
------------------------------------
------------------------------------
| rollout/              |          |
|    ep_len_mean        | 2.81     |
|    ep_rew_mean        | -0.22    |
|    success_rate       | 1        |
| time/                 |          |
|    fps                | 1332     |
|    iterations         | 36900    |
|    time_elapsed       | 553      |
|    total_timesteps    | 738000   |
| train/                |          |
|    entropy_loss       | -0.642   |
|    explained_variance | 0.939    |
|    learning_rate      | 0.0007   |
|    n_updates          | 36899    |
|    policy_loss        | -0.00445 |
|    std                | 0.321    |
|    value_loss         | 0.000407 |
------------------------------------
------------------------------------
| rollout/              |          |
|    ep_len_mean        | 2.85     |
|    ep_rew_mean        | -0.224   |
|    success_rate       | 1        |
| time/                 |          |
|    fps                | 1332     |
|    iterations         | 37000    |
|    time_elapsed       | 555      |
|    total_timesteps    | 740000   |
| train/                |          |
|    entropy_loss       | -0.627   |
|    explained_variance | 0.981    |
|    learning_rate      | 0.0007   |
|    n_updates          | 36999    |
|    policy_loss        | 0.00283  |
|    std                | 0.32     |
|    value_loss         | 0.000147 |
------------------------------------
------------------------------------
| rollout/              |          |
|    ep_len_mean        | 3.16     |
|    ep_rew_mean        | -0.251   |
|    success_rate       | 1        |
| time/                 |          |
|    fps                | 1332     |
|    iterations         | 37100    |
|    time_elapsed       | 556      |
|    total_timesteps    | 742000   |
| train/                |          |
|    entropy_loss       | -0.622   |
|    explained_variance | 0.979    |
|    learning_rate      | 0.0007   |
|    n_updates          | 37099    |
|    policy_loss        | 0.00331  |
|    std                | 0.319    |
|    value_loss         | 0.000259 |
------------------------------------
-------------------------------------
| rollout/              |           |
|    ep_len_mean        | 2.71      |
|    ep_rew_mean        | -0.217    |
|    success_rate       | 1         |
| time/                 |           |
|    fps                | 1332      |
|    iterations         | 37200     |
|    time_elapsed       | 558       |
|    total_timesteps    | 744000    |
| train/                |           |
|    entropy_loss       | -0.624    |
|    explained_variance | 0.972     |
|    learning_rate      | 0.0007    |
|    n_updates          | 37199     |
|    policy_loss        | -0.000417 |
|    std                | 0.32      |
|    value_loss         | 0.000213  |
-------------------------------------
------------------------------------
| rollout/              |          |
|    ep_len_mean        | 2.72     |
|    ep_rew_mean        | -0.211   |
|    success_rate       | 1        |
| time/                 |          |
|    fps                | 1332     |
|    iterations         | 37300    |
|    time_elapsed       | 559      |
|    total_timesteps    | 746000   |
| train/                |          |
|    entropy_loss       | -0.633   |
|    explained_variance | 0.974    |
|    learning_rate      | 0.0007   |
|    n_updates          | 37299    |
|    policy_loss        | 0.00281  |
|    std                | 0.32     |
|    value_loss         | 0.000273 |
------------------------------------
------------------------------------
| rollout/              |          |
|    ep_len_mean        | 2.62     |
|    ep_rew_mean        | -0.198   |
|    success_rate       | 1        |
| time/                 |          |
|    fps                | 1332     |
|    iterations         | 37400    |
|    time_elapsed       | 561      |
|    total_timesteps    | 748000   |
| train/                |          |
|    entropy_loss       | -0.62    |
|    explained_variance | 0.941    |
|    learning_rate      | 0.0007   |
|    n_updates          | 37399    |
|    policy_loss        | -0.00139 |
|    std                | 0.318    |
|    value_loss         | 0.000249 |
------------------------------------
------------------------------------
| rollout/              |          |
|    ep_len_mean        | 2.92     |
|    ep_rew_mean        | -0.22    |
|    success_rate       | 1        |
| time/                 |          |
|    fps                | 1332     |
|    iterations         | 37500    |
|    time_elapsed       | 562      |
|    total_timesteps    | 750000   |
| train/                |          |
|    entropy_loss       | -0.6     |
|    explained_variance | 0.901    |
|    learning_rate      | 0.0007   |
|    n_updates          | 37499    |
|    policy_loss        | 0.0142   |
|    std                | 0.317    |
|    value_loss         | 0.000896 |
------------------------------------
------------------------------------
| rollout/              |          |
|    ep_len_mean        | 2.73     |
|    ep_rew_mean        | -0.215   |
|    success_rate       | 1        |
| time/                 |          |
|    fps                | 1332     |
|    iterations         | 37600    |
|    time_elapsed       | 564      |
|    total_timesteps    | 752000   |
| train/                |          |
|    entropy_loss       | -0.589   |
|    explained_variance | 0.991    |
|    learning_rate      | 0.0007   |
|    n_updates          | 37599    |
|    policy_loss        | 0.00161  |
|    std                | 0.317    |
|    value_loss         | 0.00011  |
------------------------------------
------------------------------------
| rollout/              |          |
|    ep_len_mean        | 2.79     |
|    ep_rew_mean        | -0.221   |
|    success_rate       | 1        |
| time/                 |          |
|    fps                | 1333     |
|    iterations         | 37700    |
|    time_elapsed       | 565      |
|    total_timesteps    | 754000   |
| train/                |          |
|    entropy_loss       | -0.558   |
|    explained_variance | 0.966    |
|    learning_rate      | 0.0007   |
|    n_updates          | 37699    |
|    policy_loss        | 0.00827  |
|    std                | 0.313    |
|    value_loss         | 0.00041  |
------------------------------------
------------------------------------
| rollout/              |          |
|    ep_len_mean        | 2.62     |
|    ep_rew_mean        | -0.204   |
|    success_rate       | 1        |
| time/                 |          |
|    fps                | 1333     |
|    iterations         | 37800    |
|    time_elapsed       | 567      |
|    total_timesteps    | 756000   |
| train/                |          |
|    entropy_loss       | -0.556   |
|    explained_variance | 0.953    |
|    learning_rate      | 0.0007   |
|    n_updates          | 37799    |
|    policy_loss        | -0.00495 |
|    std                | 0.313    |
|    value_loss         | 0.0004   |
------------------------------------
------------------------------------
| rollout/              |          |
|    ep_len_mean        | 2.76     |
|    ep_rew_mean        | -0.21    |
|    success_rate       | 1        |
| time/                 |          |
|    fps                | 1333     |
|    iterations         | 37900    |
|    time_elapsed       | 568      |
|    total_timesteps    | 758000   |
| train/                |          |
|    entropy_loss       | -0.562   |
|    explained_variance | 0.934    |
|    learning_rate      | 0.0007   |
|    n_updates          | 37899    |
|    policy_loss        | 0.00413  |
|    std                | 0.313    |
|    value_loss         | 0.00149  |
------------------------------------
------------------------------------
| rollout/              |          |
|    ep_len_mean        | 2.64     |
|    ep_rew_mean        | -0.204   |
|    success_rate       | 1        |
| time/                 |          |
|    fps                | 1333     |
|    iterations         | 38000    |
|    time_elapsed       | 570      |
|    total_timesteps    | 760000   |
| train/                |          |
|    entropy_loss       | -0.543   |
|    explained_variance | 0.954    |
|    learning_rate      | 0.0007   |
|    n_updates          | 37999    |
|    policy_loss        | -0.00664 |
|    std                | 0.311    |
|    value_loss         | 0.000457 |
------------------------------------
------------------------------------
| rollout/              |          |
|    ep_len_mean        | 2.79     |
|    ep_rew_mean        | -0.213   |
|    success_rate       | 1        |
| time/                 |          |
|    fps                | 1333     |
|    iterations         | 38100    |
|    time_elapsed       | 571      |
|    total_timesteps    | 762000   |
| train/                |          |
|    entropy_loss       | -0.536   |
|    explained_variance | 0.972    |
|    learning_rate      | 0.0007   |
|    n_updates          | 38099    |
|    policy_loss        | 0.00216  |
|    std                | 0.311    |
|    value_loss         | 0.000356 |
------------------------------------
------------------------------------
| rollout/              |          |
|    ep_len_mean        | 2.99     |
|    ep_rew_mean        | -0.244   |
|    success_rate       | 1        |
| time/                 |          |
|    fps                | 1333     |
|    iterations         | 38200    |
|    time_elapsed       | 573      |
|    total_timesteps    | 764000   |
| train/                |          |
|    entropy_loss       | -0.548   |
|    explained_variance | 0.79     |
|    learning_rate      | 0.0007   |
|    n_updates          | 38199    |
|    policy_loss        | -0.0227  |
|    std                | 0.312    |
|    value_loss         | 0.000812 |
------------------------------------
------------------------------------
| rollout/              |          |
|    ep_len_mean        | 2.68     |
|    ep_rew_mean        | -0.214   |
|    success_rate       | 1        |
| time/                 |          |
|    fps                | 1333     |
|    iterations         | 38300    |
|    time_elapsed       | 574      |
|    total_timesteps    | 766000   |
| train/                |          |
|    entropy_loss       | -0.531   |
|    explained_variance | 0.946    |
|    learning_rate      | 0.0007   |
|    n_updates          | 38299    |
|    policy_loss        | 0.00185  |
|    std                | 0.311    |
|    value_loss         | 0.000234 |
------------------------------------
------------------------------------
| rollout/              |          |
|    ep_len_mean        | 2.64     |
|    ep_rew_mean        | -0.201   |
|    success_rate       | 1        |
| time/                 |          |
|    fps                | 1333     |
|    iterations         | 38400    |
|    time_elapsed       | 576      |
|    total_timesteps    | 768000   |
| train/                |          |
|    entropy_loss       | -0.542   |
|    explained_variance | 0.946    |
|    learning_rate      | 0.0007   |
|    n_updates          | 38399    |
|    policy_loss        | 0.00197  |
|    std                | 0.312    |
|    value_loss         | 0.00042  |
------------------------------------
------------------------------------
| rollout/              |          |
|    ep_len_mean        | 2.7      |
|    ep_rew_mean        | -0.204   |
|    success_rate       | 1        |
| time/                 |          |
|    fps                | 1333     |
|    iterations         | 38500    |
|    time_elapsed       | 577      |
|    total_timesteps    | 770000   |
| train/                |          |
|    entropy_loss       | -0.546   |
|    explained_variance | 0.923    |
|    learning_rate      | 0.0007   |
|    n_updates          | 38499    |
|    policy_loss        | -0.00441 |
|    std                | 0.312    |
|    value_loss         | 0.000301 |
------------------------------------
------------------------------------
| rollout/              |          |
|    ep_len_mean        | 2.76     |
|    ep_rew_mean        | -0.212   |
|    success_rate       | 1        |
| time/                 |          |
|    fps                | 1333     |
|    iterations         | 38600    |
|    time_elapsed       | 578      |
|    total_timesteps    | 772000   |
| train/                |          |
|    entropy_loss       | -0.513   |
|    explained_variance | 0.974    |
|    learning_rate      | 0.0007   |
|    n_updates          | 38599    |
|    policy_loss        | 0.00445  |
|    std                | 0.309    |
|    value_loss         | 0.000204 |
------------------------------------
------------------------------------
| rollout/              |          |
|    ep_len_mean        | 2.62     |
|    ep_rew_mean        | -0.2     |
|    success_rate       | 1        |
| time/                 |          |
|    fps                | 1333     |
|    iterations         | 38700    |
|    time_elapsed       | 580      |
|    total_timesteps    | 774000   |
| train/                |          |
|    entropy_loss       | -0.502   |
|    explained_variance | 0.97     |
|    learning_rate      | 0.0007   |
|    n_updates          | 38699    |
|    policy_loss        | 0.00291  |
|    std                | 0.307    |
|    value_loss         | 0.000189 |
------------------------------------
------------------------------------
| rollout/              |          |
|    ep_len_mean        | 3.13     |
|    ep_rew_mean        | -0.244   |
|    success_rate       | 1        |
| time/                 |          |
|    fps                | 1333     |
|    iterations         | 38800    |
|    time_elapsed       | 581      |
|    total_timesteps    | 776000   |
| train/                |          |
|    entropy_loss       | -0.495   |
|    explained_variance | 0.9      |
|    learning_rate      | 0.0007   |
|    n_updates          | 38799    |
|    policy_loss        | 0.0217   |
|    std                | 0.306    |
|    value_loss         | 0.00148  |
------------------------------------
------------------------------------
| rollout/              |          |
|    ep_len_mean        | 2.81     |
|    ep_rew_mean        | -0.223   |
|    success_rate       | 1        |
| time/                 |          |
|    fps                | 1333     |
|    iterations         | 38900    |
|    time_elapsed       | 583      |
|    total_timesteps    | 778000   |
| train/                |          |
|    entropy_loss       | -0.481   |
|    explained_variance | 0.969    |
|    learning_rate      | 0.0007   |
|    n_updates          | 38899    |
|    policy_loss        | 0.00304  |
|    std                | 0.305    |
|    value_loss         | 0.000301 |
------------------------------------
-------------------------------------
| rollout/              |           |
|    ep_len_mean        | 2.83      |
|    ep_rew_mean        | -0.214    |
|    success_rate       | 1         |
| time/                 |           |
|    fps                | 1333      |
|    iterations         | 39000     |
|    time_elapsed       | 584       |
|    total_timesteps    | 780000    |
| train/                |           |
|    entropy_loss       | -0.487    |
|    explained_variance | 0.947     |
|    learning_rate      | 0.0007    |
|    n_updates          | 38999     |
|    policy_loss        | -0.000949 |
|    std                | 0.305     |
|    value_loss         | 0.000604  |
-------------------------------------
------------------------------------
| rollout/              |          |
|    ep_len_mean        | 2.6      |
|    ep_rew_mean        | -0.195   |
|    success_rate       | 1        |
| time/                 |          |
|    fps                | 1333     |
|    iterations         | 39100    |
|    time_elapsed       | 586      |
|    total_timesteps    | 782000   |
| train/                |          |
|    entropy_loss       | -0.485   |
|    explained_variance | 0.966    |
|    learning_rate      | 0.0007   |
|    n_updates          | 39099    |
|    policy_loss        | 0.00309  |
|    std                | 0.305    |
|    value_loss         | 0.000203 |
------------------------------------
------------------------------------
| rollout/              |          |
|    ep_len_mean        | 2.8      |
|    ep_rew_mean        | -0.217   |
|    success_rate       | 1        |
| time/                 |          |
|    fps                | 1333     |
|    iterations         | 39200    |
|    time_elapsed       | 587      |
|    total_timesteps    | 784000   |
| train/                |          |
|    entropy_loss       | -0.471   |
|    explained_variance | 0.964    |
|    learning_rate      | 0.0007   |
|    n_updates          | 39199    |
|    policy_loss        | 0.00251  |
|    std                | 0.304    |
|    value_loss         | 0.000375 |
------------------------------------
------------------------------------
| rollout/              |          |
|    ep_len_mean        | 2.8      |
|    ep_rew_mean        | -0.217   |
|    success_rate       | 1        |
| time/                 |          |
|    fps                | 1333     |
|    iterations         | 39300    |
|    time_elapsed       | 589      |
|    total_timesteps    | 786000   |
| train/                |          |
|    entropy_loss       | -0.472   |
|    explained_variance | 0.965    |
|    learning_rate      | 0.0007   |
|    n_updates          | 39299    |
|    policy_loss        | -0.00255 |
|    std                | 0.304    |
|    value_loss         | 0.000455 |
------------------------------------
------------------------------------
| rollout/              |          |
|    ep_len_mean        | 2.75     |
|    ep_rew_mean        | -0.2     |
|    success_rate       | 1        |
| time/                 |          |
|    fps                | 1333     |
|    iterations         | 39400    |
|    time_elapsed       | 590      |
|    total_timesteps    | 788000   |
| train/                |          |
|    entropy_loss       | -0.456   |
|    explained_variance | 0.958    |
|    learning_rate      | 0.0007   |
|    n_updates          | 39399    |
|    policy_loss        | -0.0075  |
|    std                | 0.302    |
|    value_loss         | 0.000366 |
------------------------------------
------------------------------------
| rollout/              |          |
|    ep_len_mean        | 2.65     |
|    ep_rew_mean        | -0.195   |
|    success_rate       | 1        |
| time/                 |          |
|    fps                | 1333     |
|    iterations         | 39500    |
|    time_elapsed       | 592      |
|    total_timesteps    | 790000   |
| train/                |          |
|    entropy_loss       | -0.469   |
|    explained_variance | 0.963    |
|    learning_rate      | 0.0007   |
|    n_updates          | 39499    |
|    policy_loss        | -0.00558 |
|    std                | 0.303    |
|    value_loss         | 0.000257 |
------------------------------------
------------------------------------
| rollout/              |          |
|    ep_len_mean        | 3.13     |
|    ep_rew_mean        | -0.253   |
|    success_rate       | 1        |
| time/                 |          |
|    fps                | 1333     |
|    iterations         | 39600    |
|    time_elapsed       | 593      |
|    total_timesteps    | 792000   |
| train/                |          |
|    entropy_loss       | -0.459   |
|    explained_variance | 0.256    |
|    learning_rate      | 0.0007   |
|    n_updates          | 39599    |
|    policy_loss        | 0.0156   |
|    std                | 0.303    |
|    value_loss         | 0.00885  |
------------------------------------
------------------------------------
| rollout/              |          |
|    ep_len_mean        | 2.91     |
|    ep_rew_mean        | -0.224   |
|    success_rate       | 1        |
| time/                 |          |
|    fps                | 1333     |
|    iterations         | 39700    |
|    time_elapsed       | 595      |
|    total_timesteps    | 794000   |
| train/                |          |
|    entropy_loss       | -0.46    |
|    explained_variance | 0.679    |
|    learning_rate      | 0.0007   |
|    n_updates          | 39699    |
|    policy_loss        | 0.0103   |
|    std                | 0.303    |
|    value_loss         | 0.0027   |
------------------------------------
------------------------------------
| rollout/              |          |
|    ep_len_mean        | 2.77     |
|    ep_rew_mean        | -0.216   |
|    success_rate       | 1        |
| time/                 |          |
|    fps                | 1333     |
|    iterations         | 39800    |
|    time_elapsed       | 596      |
|    total_timesteps    | 796000   |
| train/                |          |
|    entropy_loss       | -0.475   |
|    explained_variance | 0.969    |
|    learning_rate      | 0.0007   |
|    n_updates          | 39799    |
|    policy_loss        | 0.00738  |
|    std                | 0.304    |
|    value_loss         | 0.000208 |
------------------------------------
------------------------------------
| rollout/              |          |
|    ep_len_mean        | 2.7      |
|    ep_rew_mean        | -0.206   |
|    success_rate       | 1        |
| time/                 |          |
|    fps                | 1333     |
|    iterations         | 39900    |
|    time_elapsed       | 598      |
|    total_timesteps    | 798000   |
| train/                |          |
|    entropy_loss       | -0.494   |
|    explained_variance | 0.966    |
|    learning_rate      | 0.0007   |
|    n_updates          | 39899    |
|    policy_loss        | 0.0201   |
|    std                | 0.306    |
|    value_loss         | 0.000464 |
------------------------------------
------------------------------------
| rollout/              |          |
|    ep_len_mean        | 2.59     |
|    ep_rew_mean        | -0.198   |
|    success_rate       | 1        |
| time/                 |          |
|    fps                | 1333     |
|    iterations         | 40000    |
|    time_elapsed       | 599      |
|    total_timesteps    | 800000   |
| train/                |          |
|    entropy_loss       | -0.512   |
|    explained_variance | 0.95     |
|    learning_rate      | 0.0007   |
|    n_updates          | 39999    |
|    policy_loss        | 0.00543  |
|    std                | 0.308    |
|    value_loss         | 0.000444 |
------------------------------------
-------------------------------------
| rollout/              |           |
|    ep_len_mean        | 2.74      |
|    ep_rew_mean        | -0.222    |
|    success_rate       | 1         |
| time/                 |           |
|    fps                | 1333      |
|    iterations         | 40100     |
|    time_elapsed       | 601       |
|    total_timesteps    | 802000    |
| train/                |           |
|    entropy_loss       | -0.499    |
|    explained_variance | 0.985     |
|    learning_rate      | 0.0007    |
|    n_updates          | 40099     |
|    policy_loss        | -7.77e-05 |
|    std                | 0.307     |
|    value_loss         | 0.000193  |
-------------------------------------
------------------------------------
| rollout/              |          |
|    ep_len_mean        | 4.36     |
|    ep_rew_mean        | -0.354   |
|    success_rate       | 0.98     |
| time/                 |          |
|    fps                | 1333     |
|    iterations         | 40200    |
|    time_elapsed       | 602      |
|    total_timesteps    | 804000   |
| train/                |          |
|    entropy_loss       | -0.51    |
|    explained_variance | 0.987    |
|    learning_rate      | 0.0007   |
|    n_updates          | 40199    |
|    policy_loss        | 0.0288   |
|    std                | 0.307    |
|    value_loss         | 0.0134   |
------------------------------------
------------------------------------
| rollout/              |          |
|    ep_len_mean        | 2.88     |
|    ep_rew_mean        | -0.217   |
|    success_rate       | 1        |
| time/                 |          |
|    fps                | 1333     |
|    iterations         | 40300    |
|    time_elapsed       | 604      |
|    total_timesteps    | 806000   |
| train/                |          |
|    entropy_loss       | -0.488   |
|    explained_variance | 0.981    |
|    learning_rate      | 0.0007   |
|    n_updates          | 40299    |
|    policy_loss        | 0.0357   |
|    std                | 0.305    |
|    value_loss         | 0.00845  |
------------------------------------
------------------------------------
| rollout/              |          |
|    ep_len_mean        | 2.9      |
|    ep_rew_mean        | -0.221   |
|    success_rate       | 1        |
| time/                 |          |
|    fps                | 1334     |
|    iterations         | 40400    |
|    time_elapsed       | 605      |
|    total_timesteps    | 808000   |
| train/                |          |
|    entropy_loss       | -0.481   |
|    explained_variance | 0.771    |
|    learning_rate      | 0.0007   |
|    n_updates          | 40399    |
|    policy_loss        | -0.019   |
|    std                | 0.304    |
|    value_loss         | 0.00218  |
------------------------------------
------------------------------------
| rollout/              |          |
|    ep_len_mean        | 3.01     |
|    ep_rew_mean        | -0.241   |
|    success_rate       | 1        |
| time/                 |          |
|    fps                | 1334     |
|    iterations         | 40500    |
|    time_elapsed       | 607      |
|    total_timesteps    | 810000   |
| train/                |          |
|    entropy_loss       | -0.47    |
|    explained_variance | 0.966    |
|    learning_rate      | 0.0007   |
|    n_updates          | 40499    |
|    policy_loss        | 0.00838  |
|    std                | 0.302    |
|    value_loss         | 0.000437 |
------------------------------------
------------------------------------
| rollout/              |          |
|    ep_len_mean        | 2.99     |
|    ep_rew_mean        | -0.233   |
|    success_rate       | 1        |
| time/                 |          |
|    fps                | 1334     |
|    iterations         | 40600    |
|    time_elapsed       | 608      |
|    total_timesteps    | 812000   |
| train/                |          |
|    entropy_loss       | -0.469   |
|    explained_variance | 0.921    |
|    learning_rate      | 0.0007   |
|    n_updates          | 40599    |
|    policy_loss        | 0.00695  |
|    std                | 0.302    |
|    value_loss         | 0.000583 |
------------------------------------
------------------------------------
| rollout/              |          |
|    ep_len_mean        | 2.7      |
|    ep_rew_mean        | -0.216   |
|    success_rate       | 1        |
| time/                 |          |
|    fps                | 1334     |
|    iterations         | 40700    |
|    time_elapsed       | 610      |
|    total_timesteps    | 814000   |
| train/                |          |
|    entropy_loss       | -0.465   |
|    explained_variance | 0.981    |
|    learning_rate      | 0.0007   |
|    n_updates          | 40699    |
|    policy_loss        | -0.00178 |
|    std                | 0.302    |
|    value_loss         | 0.000184 |
------------------------------------
------------------------------------
| rollout/              |          |
|    ep_len_mean        | 2.71     |
|    ep_rew_mean        | -0.212   |
|    success_rate       | 1        |
| time/                 |          |
|    fps                | 1334     |
|    iterations         | 40800    |
|    time_elapsed       | 611      |
|    total_timesteps    | 816000   |
| train/                |          |
|    entropy_loss       | -0.469   |
|    explained_variance | 0.97     |
|    learning_rate      | 0.0007   |
|    n_updates          | 40799    |
|    policy_loss        | 0.00743  |
|    std                | 0.303    |
|    value_loss         | 0.00021  |
------------------------------------
------------------------------------
| rollout/              |          |
|    ep_len_mean        | 2.82     |
|    ep_rew_mean        | -0.221   |
|    success_rate       | 1        |
| time/                 |          |
|    fps                | 1334     |
|    iterations         | 40900    |
|    time_elapsed       | 613      |
|    total_timesteps    | 818000   |
| train/                |          |
|    entropy_loss       | -0.444   |
|    explained_variance | 0.959    |
|    learning_rate      | 0.0007   |
|    n_updates          | 40899    |
|    policy_loss        | 0.00575  |
|    std                | 0.3      |
|    value_loss         | 0.000344 |
------------------------------------
-------------------------------------
| rollout/              |           |
|    ep_len_mean        | 2.63      |
|    ep_rew_mean        | -0.196    |
|    success_rate       | 1         |
| time/                 |           |
|    fps                | 1334      |
|    iterations         | 41000     |
|    time_elapsed       | 614       |
|    total_timesteps    | 820000    |
| train/                |           |
|    entropy_loss       | -0.452    |
|    explained_variance | 0.976     |
|    learning_rate      | 0.0007    |
|    n_updates          | 40999     |
|    policy_loss        | -6.52e-05 |
|    std                | 0.301     |
|    value_loss         | 0.000172  |
-------------------------------------
------------------------------------
| rollout/              |          |
|    ep_len_mean        | 2.7      |
|    ep_rew_mean        | -0.206   |
|    success_rate       | 1        |
| time/                 |          |
|    fps                | 1334     |
|    iterations         | 41100    |
|    time_elapsed       | 616      |
|    total_timesteps    | 822000   |
| train/                |          |
|    entropy_loss       | -0.439   |
|    explained_variance | 0.986    |
|    learning_rate      | 0.0007   |
|    n_updates          | 41099    |
|    policy_loss        | -0.00462 |
|    std                | 0.301    |
|    value_loss         | 0.000164 |
------------------------------------
-------------------------------------
| rollout/              |           |
|    ep_len_mean        | 2.69      |
|    ep_rew_mean        | -0.204    |
|    success_rate       | 1         |
| time/                 |           |
|    fps                | 1334      |
|    iterations         | 41200     |
|    time_elapsed       | 617       |
|    total_timesteps    | 824000    |
| train/                |           |
|    entropy_loss       | -0.449    |
|    explained_variance | 0.946     |
|    learning_rate      | 0.0007    |
|    n_updates          | 41199     |
|    policy_loss        | -0.000977 |
|    std                | 0.302     |
|    value_loss         | 0.000647  |
-------------------------------------
------------------------------------
| rollout/              |          |
|    ep_len_mean        | 2.88     |
|    ep_rew_mean        | -0.229   |
|    success_rate       | 1        |
| time/                 |          |
|    fps                | 1334     |
|    iterations         | 41300    |
|    time_elapsed       | 619      |
|    total_timesteps    | 826000   |
| train/                |          |
|    entropy_loss       | -0.431   |
|    explained_variance | 0.977    |
|    learning_rate      | 0.0007   |
|    n_updates          | 41299    |
|    policy_loss        | 0.00357  |
|    std                | 0.301    |
|    value_loss         | 0.000283 |
------------------------------------
------------------------------------
| rollout/              |          |
|    ep_len_mean        | 2.69     |
|    ep_rew_mean        | -0.206   |
|    success_rate       | 1        |
| time/                 |          |
|    fps                | 1334     |
|    iterations         | 41400    |
|    time_elapsed       | 620      |
|    total_timesteps    | 828000   |
| train/                |          |
|    entropy_loss       | -0.432   |
|    explained_variance | 0.971    |
|    learning_rate      | 0.0007   |
|    n_updates          | 41399    |
|    policy_loss        | -0.0114  |
|    std                | 0.302    |
|    value_loss         | 0.000562 |
------------------------------------
------------------------------------
| rollout/              |          |
|    ep_len_mean        | 2.62     |
|    ep_rew_mean        | -0.201   |
|    success_rate       | 1        |
| time/                 |          |
|    fps                | 1334     |
|    iterations         | 41500    |
|    time_elapsed       | 622      |
|    total_timesteps    | 830000   |
| train/                |          |
|    entropy_loss       | -0.455   |
|    explained_variance | 0.918    |
|    learning_rate      | 0.0007   |
|    n_updates          | 41499    |
|    policy_loss        | 0.0127   |
|    std                | 0.304    |
|    value_loss         | 0.00095  |
------------------------------------
------------------------------------
| rollout/              |          |
|    ep_len_mean        | 2.8      |
|    ep_rew_mean        | -0.21    |
|    success_rate       | 1        |
| time/                 |          |
|    fps                | 1334     |
|    iterations         | 41600    |
|    time_elapsed       | 623      |
|    total_timesteps    | 832000   |
| train/                |          |
|    entropy_loss       | -0.451   |
|    explained_variance | 0.939    |
|    learning_rate      | 0.0007   |
|    n_updates          | 41599    |
|    policy_loss        | 0.015    |
|    std                | 0.304    |
|    value_loss         | 0.000637 |
------------------------------------
------------------------------------
| rollout/              |          |
|    ep_len_mean        | 2.81     |
|    ep_rew_mean        | -0.222   |
|    success_rate       | 1        |
| time/                 |          |
|    fps                | 1334     |
|    iterations         | 41700    |
|    time_elapsed       | 625      |
|    total_timesteps    | 834000   |
| train/                |          |
|    entropy_loss       | -0.469   |
|    explained_variance | 0.957    |
|    learning_rate      | 0.0007   |
|    n_updates          | 41699    |
|    policy_loss        | 0.00112  |
|    std                | 0.306    |
|    value_loss         | 0.00027  |
------------------------------------
------------------------------------
| rollout/              |          |
|    ep_len_mean        | 2.79     |
|    ep_rew_mean        | -0.213   |
|    success_rate       | 1        |
| time/                 |          |
|    fps                | 1334     |
|    iterations         | 41800    |
|    time_elapsed       | 626      |
|    total_timesteps    | 836000   |
| train/                |          |
|    entropy_loss       | -0.462   |
|    explained_variance | 0.92     |
|    learning_rate      | 0.0007   |
|    n_updates          | 41799    |
|    policy_loss        | 0.00293  |
|    std                | 0.306    |
|    value_loss         | 0.000358 |
------------------------------------
------------------------------------
| rollout/              |          |
|    ep_len_mean        | 2.78     |
|    ep_rew_mean        | -0.219   |
|    success_rate       | 1        |
| time/                 |          |
|    fps                | 1334     |
|    iterations         | 41900    |
|    time_elapsed       | 628      |
|    total_timesteps    | 838000   |
| train/                |          |
|    entropy_loss       | -0.47    |
|    explained_variance | 0.971    |
|    learning_rate      | 0.0007   |
|    n_updates          | 41899    |
|    policy_loss        | 0.0018   |
|    std                | 0.307    |
|    value_loss         | 0.000204 |
------------------------------------
------------------------------------
| rollout/              |          |
|    ep_len_mean        | 2.74     |
|    ep_rew_mean        | -0.208   |
|    success_rate       | 1        |
| time/                 |          |
|    fps                | 1334     |
|    iterations         | 42000    |
|    time_elapsed       | 629      |
|    total_timesteps    | 840000   |
| train/                |          |
|    entropy_loss       | -0.483   |
|    explained_variance | 0.9      |
|    learning_rate      | 0.0007   |
|    n_updates          | 41999    |
|    policy_loss        | 0.00587  |
|    std                | 0.309    |
|    value_loss         | 0.000813 |
------------------------------------
------------------------------------
| rollout/              |          |
|    ep_len_mean        | 2.8      |
|    ep_rew_mean        | -0.219   |
|    success_rate       | 1        |
| time/                 |          |
|    fps                | 1334     |
|    iterations         | 42100    |
|    time_elapsed       | 631      |
|    total_timesteps    | 842000   |
| train/                |          |
|    entropy_loss       | -0.469   |
|    explained_variance | 0.948    |
|    learning_rate      | 0.0007   |
|    n_updates          | 42099    |
|    policy_loss        | 0.00255  |
|    std                | 0.308    |
|    value_loss         | 0.000271 |
------------------------------------
------------------------------------
| rollout/              |          |
|    ep_len_mean        | 2.68     |
|    ep_rew_mean        | -0.207   |
|    success_rate       | 1        |
| time/                 |          |
|    fps                | 1334     |
|    iterations         | 42200    |
|    time_elapsed       | 632      |
|    total_timesteps    | 844000   |
| train/                |          |
|    entropy_loss       | -0.479   |
|    explained_variance | 0.912    |
|    learning_rate      | 0.0007   |
|    n_updates          | 42199    |
|    policy_loss        | -0.00732 |
|    std                | 0.308    |
|    value_loss         | 0.000356 |
------------------------------------
------------------------------------
| rollout/              |          |
|    ep_len_mean        | 2.89     |
|    ep_rew_mean        | -0.23    |
|    success_rate       | 1        |
| time/                 |          |
|    fps                | 1334     |
|    iterations         | 42300    |
|    time_elapsed       | 633      |
|    total_timesteps    | 846000   |
| train/                |          |
|    entropy_loss       | -0.466   |
|    explained_variance | 0.909    |
|    learning_rate      | 0.0007   |
|    n_updates          | 42299    |
|    policy_loss        | 0.000507 |
|    std                | 0.307    |
|    value_loss         | 0.000549 |
------------------------------------
-------------------------------------
| rollout/              |           |
|    ep_len_mean        | 2.74      |
|    ep_rew_mean        | -0.208    |
|    success_rate       | 1         |
| time/                 |           |
|    fps                | 1334      |
|    iterations         | 42400     |
|    time_elapsed       | 635       |
|    total_timesteps    | 848000    |
| train/                |           |
|    entropy_loss       | -0.441    |
|    explained_variance | 0.976     |
|    learning_rate      | 0.0007    |
|    n_updates          | 42399     |
|    policy_loss        | -9.99e-05 |
|    std                | 0.306     |
|    value_loss         | 0.000144  |
-------------------------------------
------------------------------------
| rollout/              |          |
|    ep_len_mean        | 2.89     |
|    ep_rew_mean        | -0.228   |
|    success_rate       | 1        |
| time/                 |          |
|    fps                | 1334     |
|    iterations         | 42500    |
|    time_elapsed       | 636      |
|    total_timesteps    | 850000   |
| train/                |          |
|    entropy_loss       | -0.452   |
|    explained_variance | 0.897    |
|    learning_rate      | 0.0007   |
|    n_updates          | 42499    |
|    policy_loss        | -0.0123  |
|    std                | 0.306    |
|    value_loss         | 0.00208  |
------------------------------------
------------------------------------
| rollout/              |          |
|    ep_len_mean        | 2.75     |
|    ep_rew_mean        | -0.214   |
|    success_rate       | 1        |
| time/                 |          |
|    fps                | 1334     |
|    iterations         | 42600    |
|    time_elapsed       | 638      |
|    total_timesteps    | 852000   |
| train/                |          |
|    entropy_loss       | -0.474   |
|    explained_variance | 0.989    |
|    learning_rate      | 0.0007   |
|    n_updates          | 42599    |
|    policy_loss        | 0.00142  |
|    std                | 0.309    |
|    value_loss         | 0.000159 |
------------------------------------
------------------------------------
| rollout/              |          |
|    ep_len_mean        | 2.88     |
|    ep_rew_mean        | -0.223   |
|    success_rate       | 1        |
| time/                 |          |
|    fps                | 1334     |
|    iterations         | 42700    |
|    time_elapsed       | 639      |
|    total_timesteps    | 854000   |
| train/                |          |
|    entropy_loss       | -0.468   |
|    explained_variance | 0.987    |
|    learning_rate      | 0.0007   |
|    n_updates          | 42699    |
|    policy_loss        | 7.41e-05 |
|    std                | 0.309    |
|    value_loss         | 0.000117 |
------------------------------------
------------------------------------
| rollout/              |          |
|    ep_len_mean        | 2.82     |
|    ep_rew_mean        | -0.222   |
|    success_rate       | 1        |
| time/                 |          |
|    fps                | 1334     |
|    iterations         | 42800    |
|    time_elapsed       | 641      |
|    total_timesteps    | 856000   |
| train/                |          |
|    entropy_loss       | -0.461   |
|    explained_variance | 0.99     |
|    learning_rate      | 0.0007   |
|    n_updates          | 42799    |
|    policy_loss        | -0.00694 |
|    std                | 0.309    |
|    value_loss         | 0.000102 |
------------------------------------
------------------------------------
| rollout/              |          |
|    ep_len_mean        | 2.68     |
|    ep_rew_mean        | -0.209   |
|    success_rate       | 1        |
| time/                 |          |
|    fps                | 1334     |
|    iterations         | 42900    |
|    time_elapsed       | 642      |
|    total_timesteps    | 858000   |
| train/                |          |
|    entropy_loss       | -0.433   |
|    explained_variance | 0.967    |
|    learning_rate      | 0.0007   |
|    n_updates          | 42899    |
|    policy_loss        | 0.00486  |
|    std                | 0.306    |
|    value_loss         | 0.00024  |
------------------------------------
------------------------------------
| rollout/              |          |
|    ep_len_mean        | 2.76     |
|    ep_rew_mean        | -0.217   |
|    success_rate       | 1        |
| time/                 |          |
|    fps                | 1334     |
|    iterations         | 43000    |
|    time_elapsed       | 644      |
|    total_timesteps    | 860000   |
| train/                |          |
|    entropy_loss       | -0.425   |
|    explained_variance | 0.952    |
|    learning_rate      | 0.0007   |
|    n_updates          | 42999    |
|    policy_loss        | 0.0022   |
|    std                | 0.305    |
|    value_loss         | 0.000631 |
------------------------------------
------------------------------------
| rollout/              |          |
|    ep_len_mean        | 2.75     |
|    ep_rew_mean        | -0.201   |
|    success_rate       | 1        |
| time/                 |          |
|    fps                | 1334     |
|    iterations         | 43100    |
|    time_elapsed       | 645      |
|    total_timesteps    | 862000   |
| train/                |          |
|    entropy_loss       | -0.43    |
|    explained_variance | 0.813    |
|    learning_rate      | 0.0007   |
|    n_updates          | 43099    |
|    policy_loss        | -0.0441  |
|    std                | 0.305    |
|    value_loss         | 0.00252  |
------------------------------------
------------------------------------
| rollout/              |          |
|    ep_len_mean        | 2.77     |
|    ep_rew_mean        | -0.213   |
|    success_rate       | 1        |
| time/                 |          |
|    fps                | 1334     |
|    iterations         | 43200    |
|    time_elapsed       | 647      |
|    total_timesteps    | 864000   |
| train/                |          |
|    entropy_loss       | -0.435   |
|    explained_variance | 0.912    |
|    learning_rate      | 0.0007   |
|    n_updates          | 43199    |
|    policy_loss        | 0.0012   |
|    std                | 0.305    |
|    value_loss         | 0.0005   |
------------------------------------
------------------------------------
| rollout/              |          |
|    ep_len_mean        | 2.91     |
|    ep_rew_mean        | -0.221   |
|    success_rate       | 1        |
| time/                 |          |
|    fps                | 1334     |
|    iterations         | 43300    |
|    time_elapsed       | 648      |
|    total_timesteps    | 866000   |
| train/                |          |
|    entropy_loss       | -0.416   |
|    explained_variance | 0.944    |
|    learning_rate      | 0.0007   |
|    n_updates          | 43299    |
|    policy_loss        | 0.00101  |
|    std                | 0.303    |
|    value_loss         | 0.000305 |
------------------------------------
------------------------------------
| rollout/              |          |
|    ep_len_mean        | 2.78     |
|    ep_rew_mean        | -0.219   |
|    success_rate       | 1        |
| time/                 |          |
|    fps                | 1334     |
|    iterations         | 43400    |
|    time_elapsed       | 650      |
|    total_timesteps    | 868000   |
| train/                |          |
|    entropy_loss       | -0.423   |
|    explained_variance | 0.987    |
|    learning_rate      | 0.0007   |
|    n_updates          | 43399    |
|    policy_loss        | 0.00179  |
|    std                | 0.303    |
|    value_loss         | 0.000108 |
------------------------------------
------------------------------------
| rollout/              |          |
|    ep_len_mean        | 3.13     |
|    ep_rew_mean        | -0.245   |
|    success_rate       | 1        |
| time/                 |          |
|    fps                | 1334     |
|    iterations         | 43500    |
|    time_elapsed       | 651      |
|    total_timesteps    | 870000   |
| train/                |          |
|    entropy_loss       | -0.416   |
|    explained_variance | 0.905    |
|    learning_rate      | 0.0007   |
|    n_updates          | 43499    |
|    policy_loss        | 0.00122  |
|    std                | 0.302    |
|    value_loss         | 0.00373  |
------------------------------------
-------------------------------------
| rollout/              |           |
|    ep_len_mean        | 3.01      |
|    ep_rew_mean        | -0.243    |
|    success_rate       | 1         |
| time/                 |           |
|    fps                | 1334      |
|    iterations         | 43600     |
|    time_elapsed       | 653       |
|    total_timesteps    | 872000    |
| train/                |           |
|    entropy_loss       | -0.409    |
|    explained_variance | 0.964     |
|    learning_rate      | 0.0007    |
|    n_updates          | 43599     |
|    policy_loss        | -0.000375 |
|    std                | 0.302     |
|    value_loss         | 0.00053   |
-------------------------------------
------------------------------------
| rollout/              |          |
|    ep_len_mean        | 2.67     |
|    ep_rew_mean        | -0.209   |
|    success_rate       | 1        |
| time/                 |          |
|    fps                | 1334     |
|    iterations         | 43700    |
|    time_elapsed       | 654      |
|    total_timesteps    | 874000   |
| train/                |          |
|    entropy_loss       | -0.409   |
|    explained_variance | 0.882    |
|    learning_rate      | 0.0007   |
|    n_updates          | 43699    |
|    policy_loss        | 0.0052   |
|    std                | 0.302    |
|    value_loss         | 0.00063  |
------------------------------------
------------------------------------
| rollout/              |          |
|    ep_len_mean        | 2.87     |
|    ep_rew_mean        | -0.227   |
|    success_rate       | 1        |
| time/                 |          |
|    fps                | 1334     |
|    iterations         | 43800    |
|    time_elapsed       | 656      |
|    total_timesteps    | 876000   |
| train/                |          |
|    entropy_loss       | -0.419   |
|    explained_variance | 0.989    |
|    learning_rate      | 0.0007   |
|    n_updates          | 43799    |
|    policy_loss        | 0.00128  |
|    std                | 0.303    |
|    value_loss         | 0.000124 |
------------------------------------
------------------------------------
| rollout/              |          |
|    ep_len_mean        | 3.09     |
|    ep_rew_mean        | -0.23    |
|    success_rate       | 1        |
| time/                 |          |
|    fps                | 1334     |
|    iterations         | 43900    |
|    time_elapsed       | 657      |
|    total_timesteps    | 878000   |
| train/                |          |
|    entropy_loss       | -0.415   |
|    explained_variance | 0.951    |
|    learning_rate      | 0.0007   |
|    n_updates          | 43899    |
|    policy_loss        | -0.00175 |
|    std                | 0.302    |
|    value_loss         | 0.000403 |
------------------------------------
------------------------------------
| rollout/              |          |
|    ep_len_mean        | 2.89     |
|    ep_rew_mean        | -0.218   |
|    success_rate       | 1        |
| time/                 |          |
|    fps                | 1334     |
|    iterations         | 44000    |
|    time_elapsed       | 659      |
|    total_timesteps    | 880000   |
| train/                |          |
|    entropy_loss       | -0.403   |
|    explained_variance | 0.984    |
|    learning_rate      | 0.0007   |
|    n_updates          | 43999    |
|    policy_loss        | 0.00661  |
|    std                | 0.302    |
|    value_loss         | 0.000172 |
------------------------------------
------------------------------------
| rollout/              |          |
|    ep_len_mean        | 2.87     |
|    ep_rew_mean        | -0.234   |
|    success_rate       | 1        |
| time/                 |          |
|    fps                | 1334     |
|    iterations         | 44100    |
|    time_elapsed       | 660      |
|    total_timesteps    | 882000   |
| train/                |          |
|    entropy_loss       | -0.402   |
|    explained_variance | 0.735    |
|    learning_rate      | 0.0007   |
|    n_updates          | 44099    |
|    policy_loss        | 0.00659  |
|    std                | 0.301    |
|    value_loss         | 0.00174  |
------------------------------------
------------------------------------
| rollout/              |          |
|    ep_len_mean        | 2.79     |
|    ep_rew_mean        | -0.216   |
|    success_rate       | 1        |
| time/                 |          |
|    fps                | 1334     |
|    iterations         | 44200    |
|    time_elapsed       | 662      |
|    total_timesteps    | 884000   |
| train/                |          |
|    entropy_loss       | -0.428   |
|    explained_variance | 0.903    |
|    learning_rate      | 0.0007   |
|    n_updates          | 44199    |
|    policy_loss        | -0.0237  |
|    std                | 0.303    |
|    value_loss         | 0.00116  |
------------------------------------
------------------------------------
| rollout/              |          |
|    ep_len_mean        | 2.81     |
|    ep_rew_mean        | -0.226   |
|    success_rate       | 1        |
| time/                 |          |
|    fps                | 1334     |
|    iterations         | 44300    |
|    time_elapsed       | 663      |
|    total_timesteps    | 886000   |
| train/                |          |
|    entropy_loss       | -0.427   |
|    explained_variance | 0.972    |
|    learning_rate      | 0.0007   |
|    n_updates          | 44299    |
|    policy_loss        | 0.00795  |
|    std                | 0.303    |
|    value_loss         | 0.000293 |
------------------------------------
------------------------------------
| rollout/              |          |
|    ep_len_mean        | 2.73     |
|    ep_rew_mean        | -0.21    |
|    success_rate       | 1        |
| time/                 |          |
|    fps                | 1334     |
|    iterations         | 44400    |
|    time_elapsed       | 665      |
|    total_timesteps    | 888000   |
| train/                |          |
|    entropy_loss       | -0.441   |
|    explained_variance | 0.947    |
|    learning_rate      | 0.0007   |
|    n_updates          | 44399    |
|    policy_loss        | 0.000265 |
|    std                | 0.305    |
|    value_loss         | 0.000384 |
------------------------------------
------------------------------------
| rollout/              |          |
|    ep_len_mean        | 3.2      |
|    ep_rew_mean        | -0.266   |
|    success_rate       | 1        |
| time/                 |          |
|    fps                | 1334     |
|    iterations         | 44500    |
|    time_elapsed       | 666      |
|    total_timesteps    | 890000   |
| train/                |          |
|    entropy_loss       | -0.454   |
|    explained_variance | 0.966    |
|    learning_rate      | 0.0007   |
|    n_updates          | 44499    |
|    policy_loss        | -0.0165  |
|    std                | 0.307    |
|    value_loss         | 0.000537 |
------------------------------------
------------------------------------
| rollout/              |          |
|    ep_len_mean        | 2.72     |
|    ep_rew_mean        | -0.211   |
|    success_rate       | 1        |
| time/                 |          |
|    fps                | 1334     |
|    iterations         | 44600    |
|    time_elapsed       | 668      |
|    total_timesteps    | 892000   |
| train/                |          |
|    entropy_loss       | -0.457   |
|    explained_variance | 0.969    |
|    learning_rate      | 0.0007   |
|    n_updates          | 44599    |
|    policy_loss        | 0.0042   |
|    std                | 0.307    |
|    value_loss         | 0.000215 |
------------------------------------
------------------------------------
| rollout/              |          |
|    ep_len_mean        | 2.88     |
|    ep_rew_mean        | -0.231   |
|    success_rate       | 1        |
| time/                 |          |
|    fps                | 1334     |
|    iterations         | 44700    |
|    time_elapsed       | 669      |
|    total_timesteps    | 894000   |
| train/                |          |
|    entropy_loss       | -0.429   |
|    explained_variance | 0.986    |
|    learning_rate      | 0.0007   |
|    n_updates          | 44699    |
|    policy_loss        | -0.00305 |
|    std                | 0.305    |
|    value_loss         | 0.000269 |
------------------------------------
------------------------------------
| rollout/              |          |
|    ep_len_mean        | 2.66     |
|    ep_rew_mean        | -0.197   |
|    success_rate       | 1        |
| time/                 |          |
|    fps                | 1334     |
|    iterations         | 44800    |
|    time_elapsed       | 671      |
|    total_timesteps    | 896000   |
| train/                |          |
|    entropy_loss       | -0.426   |
|    explained_variance | 0.934    |
|    learning_rate      | 0.0007   |
|    n_updates          | 44799    |
|    policy_loss        | -0.00108 |
|    std                | 0.304    |
|    value_loss         | 0.00022  |
------------------------------------
------------------------------------
| rollout/              |          |
|    ep_len_mean        | 2.92     |
|    ep_rew_mean        | -0.226   |
|    success_rate       | 1        |
| time/                 |          |
|    fps                | 1334     |
|    iterations         | 44900    |
|    time_elapsed       | 672      |
|    total_timesteps    | 898000   |
| train/                |          |
|    entropy_loss       | -0.433   |
|    explained_variance | 0.982    |
|    learning_rate      | 0.0007   |
|    n_updates          | 44899    |
|    policy_loss        | 0.0022   |
|    std                | 0.305    |
|    value_loss         | 0.000179 |
------------------------------------
------------------------------------
| rollout/              |          |
|    ep_len_mean        | 2.72     |
|    ep_rew_mean        | -0.205   |
|    success_rate       | 1        |
| time/                 |          |
|    fps                | 1334     |
|    iterations         | 45000    |
|    time_elapsed       | 674      |
|    total_timesteps    | 900000   |
| train/                |          |
|    entropy_loss       | -0.437   |
|    explained_variance | 0.989    |
|    learning_rate      | 0.0007   |
|    n_updates          | 44999    |
|    policy_loss        | 0.00159  |
|    std                | 0.306    |
|    value_loss         | 0.000111 |
------------------------------------
------------------------------------
| rollout/              |          |
|    ep_len_mean        | 3.05     |
|    ep_rew_mean        | -0.255   |
|    success_rate       | 1        |
| time/                 |          |
|    fps                | 1334     |
|    iterations         | 45100    |
|    time_elapsed       | 675      |
|    total_timesteps    | 902000   |
| train/                |          |
|    entropy_loss       | -0.421   |
|    explained_variance | 0.994    |
|    learning_rate      | 0.0007   |
|    n_updates          | 45099    |
|    policy_loss        | -0.00357 |
|    std                | 0.304    |
|    value_loss         | 9.81e-05 |
------------------------------------
------------------------------------
| rollout/              |          |
|    ep_len_mean        | 2.77     |
|    ep_rew_mean        | -0.216   |
|    success_rate       | 1        |
| time/                 |          |
|    fps                | 1334     |
|    iterations         | 45200    |
|    time_elapsed       | 677      |
|    total_timesteps    | 904000   |
| train/                |          |
|    entropy_loss       | -0.423   |
|    explained_variance | 0.973    |
|    learning_rate      | 0.0007   |
|    n_updates          | 45199    |
|    policy_loss        | 0.00613  |
|    std                | 0.306    |
|    value_loss         | 0.000332 |
------------------------------------
------------------------------------
| rollout/              |          |
|    ep_len_mean        | 2.68     |
|    ep_rew_mean        | -0.199   |
|    success_rate       | 1        |
| time/                 |          |
|    fps                | 1334     |
|    iterations         | 45300    |
|    time_elapsed       | 678      |
|    total_timesteps    | 906000   |
| train/                |          |
|    entropy_loss       | -0.413   |
|    explained_variance | 0.986    |
|    learning_rate      | 0.0007   |
|    n_updates          | 45299    |
|    policy_loss        | -0.00124 |
|    std                | 0.304    |
|    value_loss         | 0.000107 |
------------------------------------
------------------------------------
| rollout/              |          |
|    ep_len_mean        | 2.72     |
|    ep_rew_mean        | -0.212   |
|    success_rate       | 1        |
| time/                 |          |
|    fps                | 1334     |
|    iterations         | 45400    |
|    time_elapsed       | 680      |
|    total_timesteps    | 908000   |
| train/                |          |
|    entropy_loss       | -0.408   |
|    explained_variance | 0.913    |
|    learning_rate      | 0.0007   |
|    n_updates          | 45399    |
|    policy_loss        | 0.0118   |
|    std                | 0.304    |
|    value_loss         | 0.000734 |
------------------------------------
------------------------------------
| rollout/              |          |
|    ep_len_mean        | 2.84     |
|    ep_rew_mean        | -0.222   |
|    success_rate       | 1        |
| time/                 |          |
|    fps                | 1334     |
|    iterations         | 45500    |
|    time_elapsed       | 681      |
|    total_timesteps    | 910000   |
| train/                |          |
|    entropy_loss       | -0.39    |
|    explained_variance | 0.963    |
|    learning_rate      | 0.0007   |
|    n_updates          | 45499    |
|    policy_loss        | -0.00255 |
|    std                | 0.302    |
|    value_loss         | 0.000296 |
------------------------------------
------------------------------------
| rollout/              |          |
|    ep_len_mean        | 2.81     |
|    ep_rew_mean        | -0.217   |
|    success_rate       | 1        |
| time/                 |          |
|    fps                | 1335     |
|    iterations         | 45600    |
|    time_elapsed       | 683      |
|    total_timesteps    | 912000   |
| train/                |          |
|    entropy_loss       | -0.386   |
|    explained_variance | 0.707    |
|    learning_rate      | 0.0007   |
|    n_updates          | 45599    |
|    policy_loss        | 0.0112   |
|    std                | 0.302    |
|    value_loss         | 0.00597  |
------------------------------------
------------------------------------
| rollout/              |          |
|    ep_len_mean        | 2.87     |
|    ep_rew_mean        | -0.23    |
|    success_rate       | 1        |
| time/                 |          |
|    fps                | 1335     |
|    iterations         | 45700    |
|    time_elapsed       | 684      |
|    total_timesteps    | 914000   |
| train/                |          |
|    entropy_loss       | -0.375   |
|    explained_variance | 0.294    |
|    learning_rate      | 0.0007   |
|    n_updates          | 45699    |
|    policy_loss        | -0.0356  |
|    std                | 0.301    |
|    value_loss         | 0.0204   |
------------------------------------
------------------------------------
| rollout/              |          |
|    ep_len_mean        | 2.73     |
|    ep_rew_mean        | -0.209   |
|    success_rate       | 1        |
| time/                 |          |
|    fps                | 1335     |
|    iterations         | 45800    |
|    time_elapsed       | 686      |
|    total_timesteps    | 916000   |
| train/                |          |
|    entropy_loss       | -0.384   |
|    explained_variance | 0.966    |
|    learning_rate      | 0.0007   |
|    n_updates          | 45799    |
|    policy_loss        | 0.000383 |
|    std                | 0.303    |
|    value_loss         | 0.000469 |
------------------------------------
------------------------------------
| rollout/              |          |
|    ep_len_mean        | 2.74     |
|    ep_rew_mean        | -0.215   |
|    success_rate       | 1        |
| time/                 |          |
|    fps                | 1335     |
|    iterations         | 45900    |
|    time_elapsed       | 687      |
|    total_timesteps    | 918000   |
| train/                |          |
|    entropy_loss       | -0.376   |
|    explained_variance | 0.642    |
|    learning_rate      | 0.0007   |
|    n_updates          | 45899    |
|    policy_loss        | 0.0216   |
|    std                | 0.302    |
|    value_loss         | 0.0131   |
------------------------------------
------------------------------------
| rollout/              |          |
|    ep_len_mean        | 2.75     |
|    ep_rew_mean        | -0.221   |
|    success_rate       | 1        |
| time/                 |          |
|    fps                | 1335     |
|    iterations         | 46000    |
|    time_elapsed       | 689      |
|    total_timesteps    | 920000   |
| train/                |          |
|    entropy_loss       | -0.376   |
|    explained_variance | 0.991    |
|    learning_rate      | 0.0007   |
|    n_updates          | 45999    |
|    policy_loss        | 0.00155  |
|    std                | 0.301    |
|    value_loss         | 0.00017  |
------------------------------------
------------------------------------
| rollout/              |          |
|    ep_len_mean        | 2.76     |
|    ep_rew_mean        | -0.217   |
|    success_rate       | 1        |
| time/                 |          |
|    fps                | 1335     |
|    iterations         | 46100    |
|    time_elapsed       | 690      |
|    total_timesteps    | 922000   |
| train/                |          |
|    entropy_loss       | -0.376   |
|    explained_variance | 0.973    |
|    learning_rate      | 0.0007   |
|    n_updates          | 46099    |
|    policy_loss        | -0.00923 |
|    std                | 0.301    |
|    value_loss         | 0.00036  |
------------------------------------
------------------------------------
| rollout/              |          |
|    ep_len_mean        | 2.65     |
|    ep_rew_mean        | -0.196   |
|    success_rate       | 1        |
| time/                 |          |
|    fps                | 1335     |
|    iterations         | 46200    |
|    time_elapsed       | 692      |
|    total_timesteps    | 924000   |
| train/                |          |
|    entropy_loss       | -0.352   |
|    explained_variance | 0.961    |
|    learning_rate      | 0.0007   |
|    n_updates          | 46199    |
|    policy_loss        | 0.000315 |
|    std                | 0.299    |
|    value_loss         | 0.000518 |
------------------------------------
------------------------------------
| rollout/              |          |
|    ep_len_mean        | 2.78     |
|    ep_rew_mean        | -0.221   |
|    success_rate       | 1        |
| time/                 |          |
|    fps                | 1335     |
|    iterations         | 46300    |
|    time_elapsed       | 693      |
|    total_timesteps    | 926000   |
| train/                |          |
|    entropy_loss       | -0.339   |
|    explained_variance | 0.959    |
|    learning_rate      | 0.0007   |
|    n_updates          | 46299    |
|    policy_loss        | 0.00531  |
|    std                | 0.297    |
|    value_loss         | 0.000222 |
------------------------------------
------------------------------------
| rollout/              |          |
|    ep_len_mean        | 2.69     |
|    ep_rew_mean        | -0.212   |
|    success_rate       | 1        |
| time/                 |          |
|    fps                | 1335     |
|    iterations         | 46400    |
|    time_elapsed       | 695      |
|    total_timesteps    | 928000   |
| train/                |          |
|    entropy_loss       | -0.324   |
|    explained_variance | 0.941    |
|    learning_rate      | 0.0007   |
|    n_updates          | 46399    |
|    policy_loss        | -0.00939 |
|    std                | 0.295    |
|    value_loss         | 0.000459 |
------------------------------------
------------------------------------
| rollout/              |          |
|    ep_len_mean        | 2.65     |
|    ep_rew_mean        | -0.203   |
|    success_rate       | 1        |
| time/                 |          |
|    fps                | 1335     |
|    iterations         | 46500    |
|    time_elapsed       | 696      |
|    total_timesteps    | 930000   |
| train/                |          |
|    entropy_loss       | -0.326   |
|    explained_variance | 0.943    |
|    learning_rate      | 0.0007   |
|    n_updates          | 46499    |
|    policy_loss        | -0.0073  |
|    std                | 0.296    |
|    value_loss         | 0.000472 |
------------------------------------
------------------------------------
| rollout/              |          |
|    ep_len_mean        | 2.73     |
|    ep_rew_mean        | -0.216   |
|    success_rate       | 1        |
| time/                 |          |
|    fps                | 1335     |
|    iterations         | 46600    |
|    time_elapsed       | 698      |
|    total_timesteps    | 932000   |
| train/                |          |
|    entropy_loss       | -0.321   |
|    explained_variance | 0.981    |
|    learning_rate      | 0.0007   |
|    n_updates          | 46599    |
|    policy_loss        | 0.00339  |
|    std                | 0.295    |
|    value_loss         | 0.000296 |
------------------------------------
------------------------------------
| rollout/              |          |
|    ep_len_mean        | 2.85     |
|    ep_rew_mean        | -0.229   |
|    success_rate       | 1        |
| time/                 |          |
|    fps                | 1335     |
|    iterations         | 46700    |
|    time_elapsed       | 699      |
|    total_timesteps    | 934000   |
| train/                |          |
|    entropy_loss       | -0.305   |
|    explained_variance | 0.943    |
|    learning_rate      | 0.0007   |
|    n_updates          | 46699    |
|    policy_loss        | -0.0114  |
|    std                | 0.294    |
|    value_loss         | 0.00034  |
------------------------------------
------------------------------------
| rollout/              |          |
|    ep_len_mean        | 2.64     |
|    ep_rew_mean        | -0.204   |
|    success_rate       | 1        |
| time/                 |          |
|    fps                | 1335     |
|    iterations         | 46800    |
|    time_elapsed       | 701      |
|    total_timesteps    | 936000   |
| train/                |          |
|    entropy_loss       | -0.313   |
|    explained_variance | 0.994    |
|    learning_rate      | 0.0007   |
|    n_updates          | 46799    |
|    policy_loss        | -0.00161 |
|    std                | 0.296    |
|    value_loss         | 9.69e-05 |
------------------------------------
-------------------------------------
| rollout/              |           |
|    ep_len_mean        | 2.8       |
|    ep_rew_mean        | -0.22     |
|    success_rate       | 1         |
| time/                 |           |
|    fps                | 1335      |
|    iterations         | 46900     |
|    time_elapsed       | 702       |
|    total_timesteps    | 938000    |
| train/                |           |
|    entropy_loss       | -0.312    |
|    explained_variance | 0.979     |
|    learning_rate      | 0.0007    |
|    n_updates          | 46899     |
|    policy_loss        | -0.000293 |
|    std                | 0.296     |
|    value_loss         | 0.000431  |
-------------------------------------
------------------------------------
| rollout/              |          |
|    ep_len_mean        | 2.65     |
|    ep_rew_mean        | -0.197   |
|    success_rate       | 1        |
| time/                 |          |
|    fps                | 1335     |
|    iterations         | 47000    |
|    time_elapsed       | 703      |
|    total_timesteps    | 940000   |
| train/                |          |
|    entropy_loss       | -0.296   |
|    explained_variance | 0.985    |
|    learning_rate      | 0.0007   |
|    n_updates          | 46999    |
|    policy_loss        | 0.00898  |
|    std                | 0.295    |
|    value_loss         | 0.000345 |
------------------------------------
------------------------------------
| rollout/              |          |
|    ep_len_mean        | 2.72     |
|    ep_rew_mean        | -0.221   |
|    success_rate       | 1        |
| time/                 |          |
|    fps                | 1335     |
|    iterations         | 47100    |
|    time_elapsed       | 705      |
|    total_timesteps    | 942000   |
| train/                |          |
|    entropy_loss       | -0.3     |
|    explained_variance | 0.973    |
|    learning_rate      | 0.0007   |
|    n_updates          | 47099    |
|    policy_loss        | -0.0037  |
|    std                | 0.297    |
|    value_loss         | 0.000189 |
------------------------------------
------------------------------------
| rollout/              |          |
|    ep_len_mean        | 2.81     |
|    ep_rew_mean        | -0.209   |
|    success_rate       | 1        |
| time/                 |          |
|    fps                | 1335     |
|    iterations         | 47200    |
|    time_elapsed       | 706      |
|    total_timesteps    | 944000   |
| train/                |          |
|    entropy_loss       | -0.279   |
|    explained_variance | 0.984    |
|    learning_rate      | 0.0007   |
|    n_updates          | 47199    |
|    policy_loss        | 0.000639 |
|    std                | 0.295    |
|    value_loss         | 0.000218 |
------------------------------------
------------------------------------
| rollout/              |          |
|    ep_len_mean        | 2.72     |
|    ep_rew_mean        | -0.209   |
|    success_rate       | 1        |
| time/                 |          |
|    fps                | 1335     |
|    iterations         | 47300    |
|    time_elapsed       | 708      |
|    total_timesteps    | 946000   |
| train/                |          |
|    entropy_loss       | -0.264   |
|    explained_variance | 0.966    |
|    learning_rate      | 0.0007   |
|    n_updates          | 47299    |
|    policy_loss        | -0.00255 |
|    std                | 0.294    |
|    value_loss         | 0.000122 |
------------------------------------
-------------------------------------
| rollout/              |           |
|    ep_len_mean        | 2.81      |
|    ep_rew_mean        | -0.214    |
|    success_rate       | 1         |
| time/                 |           |
|    fps                | 1335      |
|    iterations         | 47400     |
|    time_elapsed       | 709       |
|    total_timesteps    | 948000    |
| train/                |           |
|    entropy_loss       | -0.251    |
|    explained_variance | 0.983     |
|    learning_rate      | 0.0007    |
|    n_updates          | 47399     |
|    policy_loss        | -0.000254 |
|    std                | 0.292     |
|    value_loss         | 0.000104  |
-------------------------------------
------------------------------------
| rollout/              |          |
|    ep_len_mean        | 2.79     |
|    ep_rew_mean        | -0.216   |
|    success_rate       | 1        |
| time/                 |          |
|    fps                | 1335     |
|    iterations         | 47500    |
|    time_elapsed       | 711      |
|    total_timesteps    | 950000   |
| train/                |          |
|    entropy_loss       | -0.226   |
|    explained_variance | 0.95     |
|    learning_rate      | 0.0007   |
|    n_updates          | 47499    |
|    policy_loss        | 0.00593  |
|    std                | 0.291    |
|    value_loss         | 0.000578 |
------------------------------------
------------------------------------
| rollout/              |          |
|    ep_len_mean        | 2.64     |
|    ep_rew_mean        | -0.206   |
|    success_rate       | 1        |
| time/                 |          |
|    fps                | 1335     |
|    iterations         | 47600    |
|    time_elapsed       | 712      |
|    total_timesteps    | 952000   |
| train/                |          |
|    entropy_loss       | -0.222   |
|    explained_variance | 0.965    |
|    learning_rate      | 0.0007   |
|    n_updates          | 47599    |
|    policy_loss        | -0.00272 |
|    std                | 0.29     |
|    value_loss         | 0.00024  |
------------------------------------
------------------------------------
| rollout/              |          |
|    ep_len_mean        | 2.96     |
|    ep_rew_mean        | -0.233   |
|    success_rate       | 1        |
| time/                 |          |
|    fps                | 1335     |
|    iterations         | 47700    |
|    time_elapsed       | 714      |
|    total_timesteps    | 954000   |
| train/                |          |
|    entropy_loss       | -0.206   |
|    explained_variance | 0.948    |
|    learning_rate      | 0.0007   |
|    n_updates          | 47699    |
|    policy_loss        | 0.00449  |
|    std                | 0.288    |
|    value_loss         | 0.000427 |
------------------------------------
------------------------------------
| rollout/              |          |
|    ep_len_mean        | 2.81     |
|    ep_rew_mean        | -0.222   |
|    success_rate       | 1        |
| time/                 |          |
|    fps                | 1335     |
|    iterations         | 47800    |
|    time_elapsed       | 715      |
|    total_timesteps    | 956000   |
| train/                |          |
|    entropy_loss       | -0.188   |
|    explained_variance | 0.968    |
|    learning_rate      | 0.0007   |
|    n_updates          | 47799    |
|    policy_loss        | 0.00182  |
|    std                | 0.286    |
|    value_loss         | 0.000257 |
------------------------------------
------------------------------------
| rollout/              |          |
|    ep_len_mean        | 2.73     |
|    ep_rew_mean        | -0.207   |
|    success_rate       | 1        |
| time/                 |          |
|    fps                | 1335     |
|    iterations         | 47900    |
|    time_elapsed       | 717      |
|    total_timesteps    | 958000   |
| train/                |          |
|    entropy_loss       | -0.204   |
|    explained_variance | 0.988    |
|    learning_rate      | 0.0007   |
|    n_updates          | 47899    |
|    policy_loss        | 0.00112  |
|    std                | 0.288    |
|    value_loss         | 0.000107 |
------------------------------------
------------------------------------
| rollout/              |          |
|    ep_len_mean        | 2.73     |
|    ep_rew_mean        | -0.211   |
|    success_rate       | 1        |
| time/                 |          |
|    fps                | 1335     |
|    iterations         | 48000    |
|    time_elapsed       | 718      |
|    total_timesteps    | 960000   |
| train/                |          |
|    entropy_loss       | -0.213   |
|    explained_variance | 0.964    |
|    learning_rate      | 0.0007   |
|    n_updates          | 47999    |
|    policy_loss        | 0.00781  |
|    std                | 0.289    |
|    value_loss         | 0.000286 |
------------------------------------
------------------------------------
| rollout/              |          |
|    ep_len_mean        | 2.92     |
|    ep_rew_mean        | -0.226   |
|    success_rate       | 1        |
| time/                 |          |
|    fps                | 1335     |
|    iterations         | 48100    |
|    time_elapsed       | 720      |
|    total_timesteps    | 962000   |
| train/                |          |
|    entropy_loss       | -0.212   |
|    explained_variance | 0.971    |
|    learning_rate      | 0.0007   |
|    n_updates          | 48099    |
|    policy_loss        | -0.00685 |
|    std                | 0.288    |
|    value_loss         | 0.000315 |
------------------------------------
------------------------------------
| rollout/              |          |
|    ep_len_mean        | 2.81     |
|    ep_rew_mean        | -0.214   |
|    success_rate       | 1        |
| time/                 |          |
|    fps                | 1335     |
|    iterations         | 48200    |
|    time_elapsed       | 721      |
|    total_timesteps    | 964000   |
| train/                |          |
|    entropy_loss       | -0.215   |
|    explained_variance | 0.945    |
|    learning_rate      | 0.0007   |
|    n_updates          | 48199    |
|    policy_loss        | -0.00169 |
|    std                | 0.288    |
|    value_loss         | 0.000391 |
------------------------------------
------------------------------------
| rollout/              |          |
|    ep_len_mean        | 2.92     |
|    ep_rew_mean        | -0.226   |
|    success_rate       | 1        |
| time/                 |          |
|    fps                | 1335     |
|    iterations         | 48300    |
|    time_elapsed       | 723      |
|    total_timesteps    | 966000   |
| train/                |          |
|    entropy_loss       | -0.212   |
|    explained_variance | 0.872    |
|    learning_rate      | 0.0007   |
|    n_updates          | 48299    |
|    policy_loss        | 0.000859 |
|    std                | 0.287    |
|    value_loss         | 0.000916 |
------------------------------------
------------------------------------
| rollout/              |          |
|    ep_len_mean        | 2.74     |
|    ep_rew_mean        | -0.205   |
|    success_rate       | 1        |
| time/                 |          |
|    fps                | 1335     |
|    iterations         | 48400    |
|    time_elapsed       | 724      |
|    total_timesteps    | 968000   |
| train/                |          |
|    entropy_loss       | -0.219   |
|    explained_variance | 0.973    |
|    learning_rate      | 0.0007   |
|    n_updates          | 48399    |
|    policy_loss        | -0.0083  |
|    std                | 0.288    |
|    value_loss         | 0.000295 |
------------------------------------
------------------------------------
| rollout/              |          |
|    ep_len_mean        | 3.29     |
|    ep_rew_mean        | -0.258   |
|    success_rate       | 0.99     |
| time/                 |          |
|    fps                | 1335     |
|    iterations         | 48500    |
|    time_elapsed       | 726      |
|    total_timesteps    | 970000   |
| train/                |          |
|    entropy_loss       | -0.216   |
|    explained_variance | -0.145   |
|    learning_rate      | 0.0007   |
|    n_updates          | 48499    |
|    policy_loss        | 5.71e-05 |
|    std                | 0.288    |
|    value_loss         | 0.00939  |
------------------------------------
------------------------------------
| rollout/              |          |
|    ep_len_mean        | 2.67     |
|    ep_rew_mean        | -0.201   |
|    success_rate       | 1        |
| time/                 |          |
|    fps                | 1335     |
|    iterations         | 48600    |
|    time_elapsed       | 727      |
|    total_timesteps    | 972000   |
| train/                |          |
|    entropy_loss       | -0.213   |
|    explained_variance | 0.98     |
|    learning_rate      | 0.0007   |
|    n_updates          | 48599    |
|    policy_loss        | 0.00296  |
|    std                | 0.289    |
|    value_loss         | 0.000147 |
------------------------------------
------------------------------------
| rollout/              |          |
|    ep_len_mean        | 2.81     |
|    ep_rew_mean        | -0.219   |
|    success_rate       | 1        |
| time/                 |          |
|    fps                | 1335     |
|    iterations         | 48700    |
|    time_elapsed       | 729      |
|    total_timesteps    | 974000   |
| train/                |          |
|    entropy_loss       | -0.216   |
|    explained_variance | 0.795    |
|    learning_rate      | 0.0007   |
|    n_updates          | 48699    |
|    policy_loss        | 0.0101   |
|    std                | 0.289    |
|    value_loss         | 0.00199  |
------------------------------------
------------------------------------
| rollout/              |          |
|    ep_len_mean        | 3.01     |
|    ep_rew_mean        | -0.236   |
|    success_rate       | 1        |
| time/                 |          |
|    fps                | 1335     |
|    iterations         | 48800    |
|    time_elapsed       | 730      |
|    total_timesteps    | 976000   |
| train/                |          |
|    entropy_loss       | -0.204   |
|    explained_variance | 0.709    |
|    learning_rate      | 0.0007   |
|    n_updates          | 48799    |
|    policy_loss        | 0.014    |
|    std                | 0.288    |
|    value_loss         | 0.00494  |
------------------------------------
-------------------------------------
| rollout/              |           |
|    ep_len_mean        | 2.78      |
|    ep_rew_mean        | -0.226    |
|    success_rate       | 1         |
| time/                 |           |
|    fps                | 1335      |
|    iterations         | 48900     |
|    time_elapsed       | 732       |
|    total_timesteps    | 978000    |
| train/                |           |
|    entropy_loss       | -0.197    |
|    explained_variance | 0.98      |
|    learning_rate      | 0.0007    |
|    n_updates          | 48899     |
|    policy_loss        | -0.000125 |
|    std                | 0.287     |
|    value_loss         | 0.000153  |
-------------------------------------
------------------------------------
| rollout/              |          |
|    ep_len_mean        | 2.66     |
|    ep_rew_mean        | -0.202   |
|    success_rate       | 1        |
| time/                 |          |
|    fps                | 1335     |
|    iterations         | 49000    |
|    time_elapsed       | 733      |
|    total_timesteps    | 980000   |
| train/                |          |
|    entropy_loss       | -0.192   |
|    explained_variance | 0.981    |
|    learning_rate      | 0.0007   |
|    n_updates          | 48999    |
|    policy_loss        | 0.0113   |
|    std                | 0.288    |
|    value_loss         | 0.000401 |
------------------------------------
------------------------------------
| rollout/              |          |
|    ep_len_mean        | 2.83     |
|    ep_rew_mean        | -0.217   |
|    success_rate       | 1        |
| time/                 |          |
|    fps                | 1335     |
|    iterations         | 49100    |
|    time_elapsed       | 735      |
|    total_timesteps    | 982000   |
| train/                |          |
|    entropy_loss       | -0.197   |
|    explained_variance | 0.974    |
|    learning_rate      | 0.0007   |
|    n_updates          | 49099    |
|    policy_loss        | 0.00157  |
|    std                | 0.288    |
|    value_loss         | 0.000555 |
------------------------------------
------------------------------------
| rollout/              |          |
|    ep_len_mean        | 2.74     |
|    ep_rew_mean        | -0.205   |
|    success_rate       | 1        |
| time/                 |          |
|    fps                | 1335     |
|    iterations         | 49200    |
|    time_elapsed       | 736      |
|    total_timesteps    | 984000   |
| train/                |          |
|    entropy_loss       | -0.206   |
|    explained_variance | 0.936    |
|    learning_rate      | 0.0007   |
|    n_updates          | 49199    |
|    policy_loss        | 0.00395  |
|    std                | 0.29     |
|    value_loss         | 0.000646 |
------------------------------------
------------------------------------
| rollout/              |          |
|    ep_len_mean        | 2.7      |
|    ep_rew_mean        | -0.205   |
|    success_rate       | 1        |
| time/                 |          |
|    fps                | 1335     |
|    iterations         | 49300    |
|    time_elapsed       | 738      |
|    total_timesteps    | 986000   |
| train/                |          |
|    entropy_loss       | -0.195   |
|    explained_variance | 0.974    |
|    learning_rate      | 0.0007   |
|    n_updates          | 49299    |
|    policy_loss        | -0.00329 |
|    std                | 0.289    |
|    value_loss         | 0.000319 |
------------------------------------
------------------------------------
| rollout/              |          |
|    ep_len_mean        | 2.69     |
|    ep_rew_mean        | -0.204   |
|    success_rate       | 1        |
| time/                 |          |
|    fps                | 1335     |
|    iterations         | 49400    |
|    time_elapsed       | 739      |
|    total_timesteps    | 988000   |
| train/                |          |
|    entropy_loss       | -0.198   |
|    explained_variance | 0.963    |
|    learning_rate      | 0.0007   |
|    n_updates          | 49399    |
|    policy_loss        | -0.00402 |
|    std                | 0.288    |
|    value_loss         | 0.000196 |
------------------------------------
------------------------------------
| rollout/              |          |
|    ep_len_mean        | 2.8      |
|    ep_rew_mean        | -0.213   |
|    success_rate       | 1        |
| time/                 |          |
|    fps                | 1335     |
|    iterations         | 49500    |
|    time_elapsed       | 741      |
|    total_timesteps    | 990000   |
| train/                |          |
|    entropy_loss       | -0.201   |
|    explained_variance | 0.983    |
|    learning_rate      | 0.0007   |
|    n_updates          | 49499    |
|    policy_loss        | -0.00531 |
|    std                | 0.289    |
|    value_loss         | 0.000499 |
------------------------------------
------------------------------------
| rollout/              |          |
|    ep_len_mean        | 2.82     |
|    ep_rew_mean        | -0.215   |
|    success_rate       | 1        |
| time/                 |          |
|    fps                | 1335     |
|    iterations         | 49600    |
|    time_elapsed       | 742      |
|    total_timesteps    | 992000   |
| train/                |          |
|    entropy_loss       | -0.23    |
|    explained_variance | 0.975    |
|    learning_rate      | 0.0007   |
|    n_updates          | 49599    |
|    policy_loss        | -0.00534 |
|    std                | 0.292    |
|    value_loss         | 0.000698 |
------------------------------------
------------------------------------
| rollout/              |          |
|    ep_len_mean        | 2.79     |
|    ep_rew_mean        | -0.222   |
|    success_rate       | 1        |
| time/                 |          |
|    fps                | 1335     |
|    iterations         | 49700    |
|    time_elapsed       | 744      |
|    total_timesteps    | 994000   |
| train/                |          |
|    entropy_loss       | -0.212   |
|    explained_variance | 0.941    |
|    learning_rate      | 0.0007   |
|    n_updates          | 49699    |
|    policy_loss        | 0.000595 |
|    std                | 0.291    |
|    value_loss         | 0.000571 |
------------------------------------
------------------------------------
| rollout/              |          |
|    ep_len_mean        | 2.7      |
|    ep_rew_mean        | -0.21    |
|    success_rate       | 1        |
| time/                 |          |
|    fps                | 1335     |
|    iterations         | 49800    |
|    time_elapsed       | 745      |
|    total_timesteps    | 996000   |
| train/                |          |
|    entropy_loss       | -0.209   |
|    explained_variance | 0.987    |
|    learning_rate      | 0.0007   |
|    n_updates          | 49799    |
|    policy_loss        | -0.00643 |
|    std                | 0.292    |
|    value_loss         | 0.0002   |
------------------------------------
------------------------------------
| rollout/              |          |
|    ep_len_mean        | 2.78     |
|    ep_rew_mean        | -0.217   |
|    success_rate       | 1        |
| time/                 |          |
|    fps                | 1335     |
|    iterations         | 49900    |
|    time_elapsed       | 747      |
|    total_timesteps    | 998000   |
| train/                |          |
|    entropy_loss       | -0.202   |
|    explained_variance | 0.972    |
|    learning_rate      | 0.0007   |
|    n_updates          | 49899    |
|    policy_loss        | -0.00171 |
|    std                | 0.291    |
|    value_loss         | 0.000413 |
------------------------------------
------------------------------------
| rollout/              |          |
|    ep_len_mean        | 2.72     |
|    ep_rew_mean        | -0.211   |
|    success_rate       | 1        |
| time/                 |          |
|    fps                | 1335     |
|    iterations         | 50000    |
|    time_elapsed       | 748      |
|    total_timesteps    | 1000000  |
| train/                |          |
|    entropy_loss       | -0.204   |
|    explained_variance | 0.969    |
|    learning_rate      | 0.0007   |
|    n_updates          | 49999    |
|    policy_loss        | 0.00676  |
|    std                | 0.292    |
|    value_loss         | 0.000628 |
------------------------------------
/home/libing/.conda/envs/deep-rl-class/lib/python3.10/site-packages/stable_baselines3/common/evaluation.py:71: UserWarning: Evaluation environment is not wrapped with a ``Monitor`` wrapper. This may result in reporting modified episode lengths and rewards, if other wrappers happen to modify these. Consider wrapping environment first with ``Monitor`` wrapper.
  warnings.warn(
Using cuda device
------------------------------------
| rollout/              |          |
|    ep_len_mean        | 46.6     |
|    ep_rew_mean        | -46.5    |
|    success_rate       | 0.0732   |
| time/                 |          |
|    fps                | 1088     |
|    iterations         | 100      |
|    time_elapsed       | 1        |
|    total_timesteps    | 2000     |
| train/                |          |
|    entropy_loss       | -5.74    |
|    explained_variance | 0.956    |
|    learning_rate      | 0.0007   |
|    n_updates          | 99       |
|    policy_loss        | -0.347   |
|    std                | 1.02     |
|    value_loss         | 0.0407   |
------------------------------------
------------------------------------
| rollout/              |          |
|    ep_len_mean        | 48.3     |
|    ep_rew_mean        | -48.2    |
|    success_rate       | 0.037    |
| time/                 |          |
|    fps                | 1099     |
|    iterations         | 200      |
|    time_elapsed       | 3        |
|    total_timesteps    | 4000     |
| train/                |          |
|    entropy_loss       | -5.77    |
|    explained_variance | 0.759    |
|    learning_rate      | 0.0007   |
|    n_updates          | 199      |
|    policy_loss        | 0.556    |
|    std                | 1.02     |
|    value_loss         | 0.12     |
------------------------------------
------------------------------------
| rollout/              |          |
|    ep_len_mean        | 47.1     |
|    ep_rew_mean        | -47.1    |
|    success_rate       | 0.06     |
| time/                 |          |
|    fps                | 1112     |
|    iterations         | 300      |
|    time_elapsed       | 5        |
|    total_timesteps    | 6000     |
| train/                |          |
|    entropy_loss       | -5.78    |
|    explained_variance | 0.778    |
|    learning_rate      | 0.0007   |
|    n_updates          | 299      |
|    policy_loss        | 1.14     |
|    std                | 1.03     |
|    value_loss         | 0.0848   |
------------------------------------
------------------------------------
| rollout/              |          |
|    ep_len_mean        | 47.1     |
|    ep_rew_mean        | -47      |
|    success_rate       | 0.06     |
| time/                 |          |
|    fps                | 1123     |
|    iterations         | 400      |
|    time_elapsed       | 7        |
|    total_timesteps    | 8000     |
| train/                |          |
|    entropy_loss       | -5.8     |
|    explained_variance | 0.156    |
|    learning_rate      | 0.0007   |
|    n_updates          | 399      |
|    policy_loss        | 0.168    |
|    std                | 1.03     |
|    value_loss         | 0.0404   |
------------------------------------
------------------------------------
| rollout/              |          |
|    ep_len_mean        | 48       |
|    ep_rew_mean        | -48      |
|    success_rate       | 0.04     |
| time/                 |          |
|    fps                | 1128     |
|    iterations         | 500      |
|    time_elapsed       | 8        |
|    total_timesteps    | 10000    |
| train/                |          |
|    entropy_loss       | -5.81    |
|    explained_variance | 0.956    |
|    learning_rate      | 0.0007   |
|    n_updates          | 499      |
|    policy_loss        | -0.311   |
|    std                | 1.04     |
|    value_loss         | 0.0441   |
------------------------------------
------------------------------------
| rollout/              |          |
|    ep_len_mean        | 47.5     |
|    ep_rew_mean        | -47.5    |
|    success_rate       | 0.05     |
| time/                 |          |
|    fps                | 1131     |
|    iterations         | 600      |
|    time_elapsed       | 10       |
|    total_timesteps    | 12000    |
| train/                |          |
|    entropy_loss       | -5.81    |
|    explained_variance | 0.93     |
|    learning_rate      | 0.0007   |
|    n_updates          | 599      |
|    policy_loss        | -0.0296  |
|    std                | 1.03     |
|    value_loss         | 0.0389   |
------------------------------------
------------------------------------
| rollout/              |          |
|    ep_len_mean        | 48       |
|    ep_rew_mean        | -48      |
|    success_rate       | 0.04     |
| time/                 |          |
|    fps                | 1128     |
|    iterations         | 700      |
|    time_elapsed       | 12       |
|    total_timesteps    | 14000    |
| train/                |          |
|    entropy_loss       | -5.8     |
|    explained_variance | 0.955    |
|    learning_rate      | 0.0007   |
|    n_updates          | 699      |
|    policy_loss        | -0.153   |
|    std                | 1.03     |
|    value_loss         | 0.0251   |
------------------------------------
------------------------------------
| rollout/              |          |
|    ep_len_mean        | 49       |
|    ep_rew_mean        | -49      |
|    success_rate       | 0.02     |
| time/                 |          |
|    fps                | 1126     |
|    iterations         | 800      |
|    time_elapsed       | 14       |
|    total_timesteps    | 16000    |
| train/                |          |
|    entropy_loss       | -5.81    |
|    explained_variance | 0.984    |
|    learning_rate      | 0.0007   |
|    n_updates          | 799      |
|    policy_loss        | -0.431   |
|    std                | 1.03     |
|    value_loss         | 0.0151   |
------------------------------------
------------------------------------
| rollout/              |          |
|    ep_len_mean        | 49.5     |
|    ep_rew_mean        | -49.5    |
|    success_rate       | 0.01     |
| time/                 |          |
|    fps                | 1122     |
|    iterations         | 900      |
|    time_elapsed       | 16       |
|    total_timesteps    | 18000    |
| train/                |          |
|    entropy_loss       | -5.8     |
|    explained_variance | 0.971    |
|    learning_rate      | 0.0007   |
|    n_updates          | 899      |
|    policy_loss        | -0.216   |
|    std                | 1.03     |
|    value_loss         | 0.0139   |
------------------------------------
------------------------------------
| rollout/              |          |
|    ep_len_mean        | 50       |
|    ep_rew_mean        | -50      |
|    success_rate       | 0        |
| time/                 |          |
|    fps                | 1120     |
|    iterations         | 1000     |
|    time_elapsed       | 17       |
|    total_timesteps    | 20000    |
| train/                |          |
|    entropy_loss       | -5.77    |
|    explained_variance | 0.179    |
|    learning_rate      | 0.0007   |
|    n_updates          | 999      |
|    policy_loss        | -0.00589 |
|    std                | 1.02     |
|    value_loss         | 0.0162   |
------------------------------------
------------------------------------
| rollout/              |          |
|    ep_len_mean        | 50       |
|    ep_rew_mean        | -50      |
|    success_rate       | 0        |
| time/                 |          |
|    fps                | 1119     |
|    iterations         | 1100     |
|    time_elapsed       | 19       |
|    total_timesteps    | 22000    |
| train/                |          |
|    entropy_loss       | -5.77    |
|    explained_variance | 0.996    |
|    learning_rate      | 0.0007   |
|    n_updates          | 1099     |
|    policy_loss        | -0.0308  |
|    std                | 1.02     |
|    value_loss         | 0.00431  |
------------------------------------
------------------------------------
| rollout/              |          |
|    ep_len_mean        | 49.5     |
|    ep_rew_mean        | -49.5    |
|    success_rate       | 0.01     |
| time/                 |          |
|    fps                | 1118     |
|    iterations         | 1200     |
|    time_elapsed       | 21       |
|    total_timesteps    | 24000    |
| train/                |          |
|    entropy_loss       | -5.75    |
|    explained_variance | 0.661    |
|    learning_rate      | 0.0007   |
|    n_updates          | 1199     |
|    policy_loss        | 0.825    |
|    std                | 1.02     |
|    value_loss         | 0.0551   |
------------------------------------
------------------------------------
| rollout/              |          |
|    ep_len_mean        | 49.5     |
|    ep_rew_mean        | -49.5    |
|    success_rate       | 0.01     |
| time/                 |          |
|    fps                | 1117     |
|    iterations         | 1300     |
|    time_elapsed       | 23       |
|    total_timesteps    | 26000    |
| train/                |          |
|    entropy_loss       | -5.76    |
|    explained_variance | 0.974    |
|    learning_rate      | 0.0007   |
|    n_updates          | 1299     |
|    policy_loss        | -0.185   |
|    std                | 1.02     |
|    value_loss         | 0.0332   |
------------------------------------
------------------------------------
| rollout/              |          |
|    ep_len_mean        | 49.5     |
|    ep_rew_mean        | -49.5    |
|    success_rate       | 0.01     |
| time/                 |          |
|    fps                | 1113     |
|    iterations         | 1400     |
|    time_elapsed       | 25       |
|    total_timesteps    | 28000    |
| train/                |          |
|    entropy_loss       | -5.78    |
|    explained_variance | 0.997    |
|    learning_rate      | 0.0007   |
|    n_updates          | 1399     |
|    policy_loss        | 0.081    |
|    std                | 1.03     |
|    value_loss         | 0.00498  |
------------------------------------
------------------------------------
| rollout/              |          |
|    ep_len_mean        | 48       |
|    ep_rew_mean        | -48      |
|    success_rate       | 0.04     |
| time/                 |          |
|    fps                | 1104     |
|    iterations         | 1500     |
|    time_elapsed       | 27       |
|    total_timesteps    | 30000    |
| train/                |          |
|    entropy_loss       | -5.78    |
|    explained_variance | 0.989    |
|    learning_rate      | 0.0007   |
|    n_updates          | 1499     |
|    policy_loss        | -0.183   |
|    std                | 1.03     |
|    value_loss         | 0.00223  |
------------------------------------
------------------------------------
| rollout/              |          |
|    ep_len_mean        | 47.4     |
|    ep_rew_mean        | -47.4    |
|    success_rate       | 0.06     |
| time/                 |          |
|    fps                | 1102     |
|    iterations         | 1600     |
|    time_elapsed       | 29       |
|    total_timesteps    | 32000    |
| train/                |          |
|    entropy_loss       | -5.8     |
|    explained_variance | 0.0371   |
|    learning_rate      | 0.0007   |
|    n_updates          | 1599     |
|    policy_loss        | 2.31     |
|    std                | 1.03     |
|    value_loss         | 3.04     |
------------------------------------
------------------------------------
| rollout/              |          |
|    ep_len_mean        | 47.9     |
|    ep_rew_mean        | -47.9    |
|    success_rate       | 0.05     |
| time/                 |          |
|    fps                | 1101     |
|    iterations         | 1700     |
|    time_elapsed       | 30       |
|    total_timesteps    | 34000    |
| train/                |          |
|    entropy_loss       | -5.79    |
|    explained_variance | 0.931    |
|    learning_rate      | 0.0007   |
|    n_updates          | 1699     |
|    policy_loss        | -0.596   |
|    std                | 1.03     |
|    value_loss         | 0.037    |
------------------------------------
------------------------------------
| rollout/              |          |
|    ep_len_mean        | 48       |
|    ep_rew_mean        | -48      |
|    success_rate       | 0.04     |
| time/                 |          |
|    fps                | 1102     |
|    iterations         | 1800     |
|    time_elapsed       | 32       |
|    total_timesteps    | 36000    |
| train/                |          |
|    entropy_loss       | -5.81    |
|    explained_variance | -0.234   |
|    learning_rate      | 0.0007   |
|    n_updates          | 1799     |
|    policy_loss        | -0.0513  |
|    std                | 1.04     |
|    value_loss         | 0.00404  |
------------------------------------
------------------------------------
| rollout/              |          |
|    ep_len_mean        | 49       |
|    ep_rew_mean        | -49      |
|    success_rate       | 0.02     |
| time/                 |          |
|    fps                | 1103     |
|    iterations         | 1900     |
|    time_elapsed       | 34       |
|    total_timesteps    | 38000    |
| train/                |          |
|    entropy_loss       | -5.8     |
|    explained_variance | 0.986    |
|    learning_rate      | 0.0007   |
|    n_updates          | 1899     |
|    policy_loss        | -0.0824  |
|    std                | 1.03     |
|    value_loss         | 0.0015   |
------------------------------------
------------------------------------
| rollout/              |          |
|    ep_len_mean        | 48.5     |
|    ep_rew_mean        | -48.5    |
|    success_rate       | 0.03     |
| time/                 |          |
|    fps                | 1105     |
|    iterations         | 2000     |
|    time_elapsed       | 36       |
|    total_timesteps    | 40000    |
| train/                |          |
|    entropy_loss       | -5.77    |
|    explained_variance | 0.981    |
|    learning_rate      | 0.0007   |
|    n_updates          | 1999     |
|    policy_loss        | -0.0869  |
|    std                | 1.03     |
|    value_loss         | 0.00287  |
------------------------------------
------------------------------------
| rollout/              |          |
|    ep_len_mean        | 47.5     |
|    ep_rew_mean        | -47.5    |
|    success_rate       | 0.05     |
| time/                 |          |
|    fps                | 1106     |
|    iterations         | 2100     |
|    time_elapsed       | 37       |
|    total_timesteps    | 42000    |
| train/                |          |
|    entropy_loss       | -5.78    |
|    explained_variance | 0.936    |
|    learning_rate      | 0.0007   |
|    n_updates          | 2099     |
|    policy_loss        | -0.197   |
|    std                | 1.03     |
|    value_loss         | 0.00686  |
------------------------------------
------------------------------------
| rollout/              |          |
|    ep_len_mean        | 48       |
|    ep_rew_mean        | -48      |
|    success_rate       | 0.04     |
| time/                 |          |
|    fps                | 1106     |
|    iterations         | 2200     |
|    time_elapsed       | 39       |
|    total_timesteps    | 44000    |
| train/                |          |
|    entropy_loss       | -5.75    |
|    explained_variance | 0.921    |
|    learning_rate      | 0.0007   |
|    n_updates          | 2199     |
|    policy_loss        | -0.196   |
|    std                | 1.02     |
|    value_loss         | 0.00355  |
------------------------------------
------------------------------------
| rollout/              |          |
|    ep_len_mean        | 49       |
|    ep_rew_mean        | -49      |
|    success_rate       | 0.02     |
| time/                 |          |
|    fps                | 1106     |
|    iterations         | 2300     |
|    time_elapsed       | 41       |
|    total_timesteps    | 46000    |
| train/                |          |
|    entropy_loss       | -5.77    |
|    explained_variance | 0.904    |
|    learning_rate      | 0.0007   |
|    n_updates          | 2299     |
|    policy_loss        | -0.0179  |
|    std                | 1.03     |
|    value_loss         | 0.00326  |
------------------------------------
------------------------------------
| rollout/              |          |
|    ep_len_mean        | 49       |
|    ep_rew_mean        | -49      |
|    success_rate       | 0.02     |
| time/                 |          |
|    fps                | 1105     |
|    iterations         | 2400     |
|    time_elapsed       | 43       |
|    total_timesteps    | 48000    |
| train/                |          |
|    entropy_loss       | -5.76    |
|    explained_variance | 0.987    |
|    learning_rate      | 0.0007   |
|    n_updates          | 2399     |
|    policy_loss        | -0.0651  |
|    std                | 1.02     |
|    value_loss         | 0.000801 |
------------------------------------
------------------------------------
| rollout/              |          |
|    ep_len_mean        | 49.5     |
|    ep_rew_mean        | -49.5    |
|    success_rate       | 0.01     |
| time/                 |          |
|    fps                | 1101     |
|    iterations         | 2500     |
|    time_elapsed       | 45       |
|    total_timesteps    | 50000    |
| train/                |          |
|    entropy_loss       | -5.78    |
|    explained_variance | 0.972    |
|    learning_rate      | 0.0007   |
|    n_updates          | 2499     |
|    policy_loss        | 0.034    |
|    std                | 1.03     |
|    value_loss         | 0.000771 |
------------------------------------
------------------------------------
| rollout/              |          |
|    ep_len_mean        | 49.5     |
|    ep_rew_mean        | -49.5    |
|    success_rate       | 0.01     |
| time/                 |          |
|    fps                | 1092     |
|    iterations         | 2600     |
|    time_elapsed       | 47       |
|    total_timesteps    | 52000    |
| train/                |          |
|    entropy_loss       | -5.79    |
|    explained_variance | 0.956    |
|    learning_rate      | 0.0007   |
|    n_updates          | 2599     |
|    policy_loss        | -0.0653  |
|    std                | 1.03     |
|    value_loss         | 0.000874 |
------------------------------------
------------------------------------
| rollout/              |          |
|    ep_len_mean        | 48.5     |
|    ep_rew_mean        | -48.5    |
|    success_rate       | 0.03     |
| time/                 |          |
|    fps                | 1083     |
|    iterations         | 2700     |
|    time_elapsed       | 49       |
|    total_timesteps    | 54000    |
| train/                |          |
|    entropy_loss       | -5.79    |
|    explained_variance | 0.992    |
|    learning_rate      | 0.0007   |
|    n_updates          | 2699     |
|    policy_loss        | -0.0118  |
|    std                | 1.03     |
|    value_loss         | 0.00121  |
------------------------------------
------------------------------------
| rollout/              |          |
|    ep_len_mean        | 46.1     |
|    ep_rew_mean        | -46      |
|    success_rate       | 0.08     |
| time/                 |          |
|    fps                | 1073     |
|    iterations         | 2800     |
|    time_elapsed       | 52       |
|    total_timesteps    | 56000    |
| train/                |          |
|    entropy_loss       | -5.8     |
|    explained_variance | 0.817    |
|    learning_rate      | 0.0007   |
|    n_updates          | 2799     |
|    policy_loss        | 0.0236   |
|    std                | 1.03     |
|    value_loss         | 0.00244  |
------------------------------------
------------------------------------
| rollout/              |          |
|    ep_len_mean        | 46.6     |
|    ep_rew_mean        | -46.5    |
|    success_rate       | 0.07     |
| time/                 |          |
|    fps                | 1065     |
|    iterations         | 2900     |
|    time_elapsed       | 54       |
|    total_timesteps    | 58000    |
| train/                |          |
|    entropy_loss       | -5.78    |
|    explained_variance | 0.994    |
|    learning_rate      | 0.0007   |
|    n_updates          | 2899     |
|    policy_loss        | 0.0025   |
|    std                | 1.03     |
|    value_loss         | 4.94e-05 |
------------------------------------
------------------------------------
| rollout/              |          |
|    ep_len_mean        | 48.5     |
|    ep_rew_mean        | -48.5    |
|    success_rate       | 0.03     |
| time/                 |          |
|    fps                | 1060     |
|    iterations         | 3000     |
|    time_elapsed       | 56       |
|    total_timesteps    | 60000    |
| train/                |          |
|    entropy_loss       | -5.75    |
|    explained_variance | 0.994    |
|    learning_rate      | 0.0007   |
|    n_updates          | 2999     |
|    policy_loss        | -0.0193  |
|    std                | 1.02     |
|    value_loss         | 0.000323 |
------------------------------------
------------------------------------
| rollout/              |          |
|    ep_len_mean        | 48       |
|    ep_rew_mean        | -48      |
|    success_rate       | 0.04     |
| time/                 |          |
|    fps                | 1057     |
|    iterations         | 3100     |
|    time_elapsed       | 58       |
|    total_timesteps    | 62000    |
| train/                |          |
|    entropy_loss       | -5.74    |
|    explained_variance | 0.993    |
|    learning_rate      | 0.0007   |
|    n_updates          | 3099     |
|    policy_loss        | -0.108   |
|    std                | 1.02     |
|    value_loss         | 0.000697 |
------------------------------------
------------------------------------
| rollout/              |          |
|    ep_len_mean        | 48.5     |
|    ep_rew_mean        | -48.5    |
|    success_rate       | 0.03     |
| time/                 |          |
|    fps                | 1054     |
|    iterations         | 3200     |
|    time_elapsed       | 60       |
|    total_timesteps    | 64000    |
| train/                |          |
|    entropy_loss       | -5.76    |
|    explained_variance | 0.996    |
|    learning_rate      | 0.0007   |
|    n_updates          | 3199     |
|    policy_loss        | -0.0568  |
|    std                | 1.02     |
|    value_loss         | 0.000175 |
------------------------------------
------------------------------------
| rollout/              |          |
|    ep_len_mean        | 48       |
|    ep_rew_mean        | -48      |
|    success_rate       | 0.04     |
| time/                 |          |
|    fps                | 1052     |
|    iterations         | 3300     |
|    time_elapsed       | 62       |
|    total_timesteps    | 66000    |
| train/                |          |
|    entropy_loss       | -5.75    |
|    explained_variance | 0.987    |
|    learning_rate      | 0.0007   |
|    n_updates          | 3299     |
|    policy_loss        | -0.0395  |
|    std                | 1.02     |
|    value_loss         | 0.000555 |
------------------------------------
------------------------------------
| rollout/              |          |
|    ep_len_mean        | 49       |
|    ep_rew_mean        | -49      |
|    success_rate       | 0.02     |
| time/                 |          |
|    fps                | 1051     |
|    iterations         | 3400     |
|    time_elapsed       | 64       |
|    total_timesteps    | 68000    |
| train/                |          |
|    entropy_loss       | -5.74    |
|    explained_variance | 0.998    |
|    learning_rate      | 0.0007   |
|    n_updates          | 3399     |
|    policy_loss        | 0.000171 |
|    std                | 1.02     |
|    value_loss         | 6.28e-05 |
------------------------------------
------------------------------------
| rollout/              |          |
|    ep_len_mean        | 48.5     |
|    ep_rew_mean        | -48.5    |
|    success_rate       | 0.03     |
| time/                 |          |
|    fps                | 1047     |
|    iterations         | 3500     |
|    time_elapsed       | 66       |
|    total_timesteps    | 70000    |
| train/                |          |
|    entropy_loss       | -5.74    |
|    explained_variance | 0.99     |
|    learning_rate      | 0.0007   |
|    n_updates          | 3499     |
|    policy_loss        | -0.0292  |
|    std                | 1.02     |
|    value_loss         | 0.000139 |
------------------------------------
------------------------------------
| rollout/              |          |
|    ep_len_mean        | 47.5     |
|    ep_rew_mean        | -47.5    |
|    success_rate       | 0.05     |
| time/                 |          |
|    fps                | 1043     |
|    iterations         | 3600     |
|    time_elapsed       | 68       |
|    total_timesteps    | 72000    |
| train/                |          |
|    entropy_loss       | -5.72    |
|    explained_variance | 0.998    |
|    learning_rate      | 0.0007   |
|    n_updates          | 3599     |
|    policy_loss        | -0.0183  |
|    std                | 1.01     |
|    value_loss         | 3.54e-05 |
------------------------------------
------------------------------------
| rollout/              |          |
|    ep_len_mean        | 48       |
|    ep_rew_mean        | -48      |
|    success_rate       | 0.04     |
| time/                 |          |
|    fps                | 1040     |
|    iterations         | 3700     |
|    time_elapsed       | 71       |
|    total_timesteps    | 74000    |
| train/                |          |
|    entropy_loss       | -5.73    |
|    explained_variance | 0.999    |
|    learning_rate      | 0.0007   |
|    n_updates          | 3699     |
|    policy_loss        | -0.00168 |
|    std                | 1.02     |
|    value_loss         | 1.74e-05 |
------------------------------------
------------------------------------
| rollout/              |          |
|    ep_len_mean        | 48.5     |
|    ep_rew_mean        | -48.5    |
|    success_rate       | 0.03     |
| time/                 |          |
|    fps                | 1037     |
|    iterations         | 3800     |
|    time_elapsed       | 73       |
|    total_timesteps    | 76000    |
| train/                |          |
|    entropy_loss       | -5.73    |
|    explained_variance | 0.994    |
|    learning_rate      | 0.0007   |
|    n_updates          | 3799     |
|    policy_loss        | -0.00454 |
|    std                | 1.02     |
|    value_loss         | 5.68e-05 |
------------------------------------
------------------------------------
| rollout/              |          |
|    ep_len_mean        | 49.1     |
|    ep_rew_mean        | -49      |
|    success_rate       | 0.02     |
| time/                 |          |
|    fps                | 1030     |
|    iterations         | 3900     |
|    time_elapsed       | 75       |
|    total_timesteps    | 78000    |
| train/                |          |
|    entropy_loss       | -5.72    |
|    explained_variance | 0.983    |
|    learning_rate      | 0.0007   |
|    n_updates          | 3899     |
|    policy_loss        | 0.00706  |
|    std                | 1.01     |
|    value_loss         | 0.000536 |
------------------------------------
------------------------------------
| rollout/              |          |
|    ep_len_mean        | 49.1     |
|    ep_rew_mean        | -49      |
|    success_rate       | 0.02     |
| time/                 |          |
|    fps                | 1027     |
|    iterations         | 4000     |
|    time_elapsed       | 77       |
|    total_timesteps    | 80000    |
| train/                |          |
|    entropy_loss       | -5.72    |
|    explained_variance | 0.933    |
|    learning_rate      | 0.0007   |
|    n_updates          | 3999     |
|    policy_loss        | 0.0369   |
|    std                | 1.01     |
|    value_loss         | 0.000122 |
------------------------------------
------------------------------------
| rollout/              |          |
|    ep_len_mean        | 48.6     |
|    ep_rew_mean        | -48.6    |
|    success_rate       | 0.03     |
| time/                 |          |
|    fps                | 1023     |
|    iterations         | 4100     |
|    time_elapsed       | 80       |
|    total_timesteps    | 82000    |
| train/                |          |
|    entropy_loss       | -5.7     |
|    explained_variance | 0.981    |
|    learning_rate      | 0.0007   |
|    n_updates          | 4099     |
|    policy_loss        | -0.0101  |
|    std                | 1.01     |
|    value_loss         | 7.8e-05  |
------------------------------------
------------------------------------
| rollout/              |          |
|    ep_len_mean        | 49.1     |
|    ep_rew_mean        | -49.1    |
|    success_rate       | 0.02     |
| time/                 |          |
|    fps                | 1021     |
|    iterations         | 4200     |
|    time_elapsed       | 82       |
|    total_timesteps    | 84000    |
| train/                |          |
|    entropy_loss       | -5.72    |
|    explained_variance | 0.891    |
|    learning_rate      | 0.0007   |
|    n_updates          | 4199     |
|    policy_loss        | -0.075   |
|    std                | 1.01     |
|    value_loss         | 0.000535 |
------------------------------------
------------------------------------
| rollout/              |          |
|    ep_len_mean        | 49.6     |
|    ep_rew_mean        | -49.6    |
|    success_rate       | 0.01     |
| time/                 |          |
|    fps                | 1018     |
|    iterations         | 4300     |
|    time_elapsed       | 84       |
|    total_timesteps    | 86000    |
| train/                |          |
|    entropy_loss       | -5.72    |
|    explained_variance | 0.896    |
|    learning_rate      | 0.0007   |
|    n_updates          | 4299     |
|    policy_loss        | -0.0227  |
|    std                | 1.02     |
|    value_loss         | 0.000298 |
------------------------------------
------------------------------------
| rollout/              |          |
|    ep_len_mean        | 49       |
|    ep_rew_mean        | -49      |
|    success_rate       | 0.02     |
| time/                 |          |
|    fps                | 1015     |
|    iterations         | 4400     |
|    time_elapsed       | 86       |
|    total_timesteps    | 88000    |
| train/                |          |
|    entropy_loss       | -5.7     |
|    explained_variance | 0.964    |
|    learning_rate      | 0.0007   |
|    n_updates          | 4399     |
|    policy_loss        | 0.0644   |
|    std                | 1.01     |
|    value_loss         | 0.000378 |
------------------------------------
------------------------------------
| rollout/              |          |
|    ep_len_mean        | 48       |
|    ep_rew_mean        | -48      |
|    success_rate       | 0.04     |
| time/                 |          |
|    fps                | 1010     |
|    iterations         | 4500     |
|    time_elapsed       | 89       |
|    total_timesteps    | 90000    |
| train/                |          |
|    entropy_loss       | -5.72    |
|    explained_variance | 0.971    |
|    learning_rate      | 0.0007   |
|    n_updates          | 4499     |
|    policy_loss        | 0.0244   |
|    std                | 1.01     |
|    value_loss         | 0.000795 |
------------------------------------
------------------------------------
| rollout/              |          |
|    ep_len_mean        | 48.5     |
|    ep_rew_mean        | -48.5    |
|    success_rate       | 0.03     |
| time/                 |          |
|    fps                | 1006     |
|    iterations         | 4600     |
|    time_elapsed       | 91       |
|    total_timesteps    | 92000    |
| train/                |          |
|    entropy_loss       | -5.72    |
|    explained_variance | 0.983    |
|    learning_rate      | 0.0007   |
|    n_updates          | 4599     |
|    policy_loss        | -0.0104  |
|    std                | 1.01     |
|    value_loss         | 0.000241 |
------------------------------------
------------------------------------
| rollout/              |          |
|    ep_len_mean        | 48.5     |
|    ep_rew_mean        | -48.5    |
|    success_rate       | 0.03     |
| time/                 |          |
|    fps                | 1003     |
|    iterations         | 4700     |
|    time_elapsed       | 93       |
|    total_timesteps    | 94000    |
| train/                |          |
|    entropy_loss       | -5.71    |
|    explained_variance | 0.946    |
|    learning_rate      | 0.0007   |
|    n_updates          | 4699     |
|    policy_loss        | -0.00725 |
|    std                | 1.01     |
|    value_loss         | 7.3e-05  |
------------------------------------
------------------------------------
| rollout/              |          |
|    ep_len_mean        | 48.5     |
|    ep_rew_mean        | -48.5    |
|    success_rate       | 0.03     |
| time/                 |          |
|    fps                | 1000     |
|    iterations         | 4800     |
|    time_elapsed       | 95       |
|    total_timesteps    | 96000    |
| train/                |          |
|    entropy_loss       | -5.72    |
|    explained_variance | 0.926    |
|    learning_rate      | 0.0007   |
|    n_updates          | 4799     |
|    policy_loss        | 0.111    |
|    std                | 1.01     |
|    value_loss         | 0.00087  |
------------------------------------
------------------------------------
| rollout/              |          |
|    ep_len_mean        | 47.5     |
|    ep_rew_mean        | -47.5    |
|    success_rate       | 0.05     |
| time/                 |          |
|    fps                | 996      |
|    iterations         | 4900     |
|    time_elapsed       | 98       |
|    total_timesteps    | 98000    |
| train/                |          |
|    entropy_loss       | -5.74    |
|    explained_variance | 0.92     |
|    learning_rate      | 0.0007   |
|    n_updates          | 4899     |
|    policy_loss        | -0.0119  |
|    std                | 1.02     |
|    value_loss         | 4.15e-05 |
------------------------------------
------------------------------------
| rollout/              |          |
|    ep_len_mean        | 48.5     |
|    ep_rew_mean        | -48.5    |
|    success_rate       | 0.03     |
| time/                 |          |
|    fps                | 991      |
|    iterations         | 5000     |
|    time_elapsed       | 100      |
|    total_timesteps    | 100000   |
| train/                |          |
|    entropy_loss       | -5.74    |
|    explained_variance | 0.985    |
|    learning_rate      | 0.0007   |
|    n_updates          | 4999     |
|    policy_loss        | 0.00381  |
|    std                | 1.02     |
|    value_loss         | 2.3e-05  |
------------------------------------
------------------------------------
| rollout/              |          |
|    ep_len_mean        | 48       |
|    ep_rew_mean        | -48      |
|    success_rate       | 0.04     |
| time/                 |          |
|    fps                | 987      |
|    iterations         | 5100     |
|    time_elapsed       | 103      |
|    total_timesteps    | 102000   |
| train/                |          |
|    entropy_loss       | -5.72    |
|    explained_variance | 0.964    |
|    learning_rate      | 0.0007   |
|    n_updates          | 5099     |
|    policy_loss        | -0.0272  |
|    std                | 1.01     |
|    value_loss         | 8.25e-05 |
------------------------------------
------------------------------------
| rollout/              |          |
|    ep_len_mean        | 49       |
|    ep_rew_mean        | -49      |
|    success_rate       | 0.02     |
| time/                 |          |
|    fps                | 982      |
|    iterations         | 5200     |
|    time_elapsed       | 105      |
|    total_timesteps    | 104000   |
| train/                |          |
|    entropy_loss       | -5.69    |
|    explained_variance | 0.991    |
|    learning_rate      | 0.0007   |
|    n_updates          | 5199     |
|    policy_loss        | -0.00266 |
|    std                | 1.01     |
|    value_loss         | 3.23e-05 |
------------------------------------
------------------------------------
| rollout/              |          |
|    ep_len_mean        | 48.6     |
|    ep_rew_mean        | -48.6    |
|    success_rate       | 0.03     |
| time/                 |          |
|    fps                | 979      |
|    iterations         | 5300     |
|    time_elapsed       | 108      |
|    total_timesteps    | 106000   |
| train/                |          |
|    entropy_loss       | -5.69    |
|    explained_variance | 0.989    |
|    learning_rate      | 0.0007   |
|    n_updates          | 5299     |
|    policy_loss        | -0.00728 |
|    std                | 1.01     |
|    value_loss         | 0.000331 |
------------------------------------
------------------------------------
| rollout/              |          |
|    ep_len_mean        | 49.1     |
|    ep_rew_mean        | -49.1    |
|    success_rate       | 0.02     |
| time/                 |          |
|    fps                | 976      |
|    iterations         | 5400     |
|    time_elapsed       | 110      |
|    total_timesteps    | 108000   |
| train/                |          |
|    entropy_loss       | -5.69    |
|    explained_variance | 0.898    |
|    learning_rate      | 0.0007   |
|    n_updates          | 5399     |
|    policy_loss        | 0.00144  |
|    std                | 1.01     |
|    value_loss         | 0.00033  |
------------------------------------
------------------------------------
| rollout/              |          |
|    ep_len_mean        | 48       |
|    ep_rew_mean        | -48      |
|    success_rate       | 0.04     |
| time/                 |          |
|    fps                | 972      |
|    iterations         | 5500     |
|    time_elapsed       | 113      |
|    total_timesteps    | 110000   |
| train/                |          |
|    entropy_loss       | -5.67    |
|    explained_variance | 0.491    |
|    learning_rate      | 0.0007   |
|    n_updates          | 5499     |
|    policy_loss        | 0.0361   |
|    std                | 1        |
|    value_loss         | 0.000716 |
------------------------------------
------------------------------------
| rollout/              |          |
|    ep_len_mean        | 47.5     |
|    ep_rew_mean        | -47.5    |
|    success_rate       | 0.05     |
| time/                 |          |
|    fps                | 969      |
|    iterations         | 5600     |
|    time_elapsed       | 115      |
|    total_timesteps    | 112000   |
| train/                |          |
|    entropy_loss       | -5.65    |
|    explained_variance | 0.877    |
|    learning_rate      | 0.0007   |
|    n_updates          | 5599     |
|    policy_loss        | -0.00508 |
|    std                | 0.997    |
|    value_loss         | 0.00013  |
------------------------------------
------------------------------------
| rollout/              |          |
|    ep_len_mean        | 48.5     |
|    ep_rew_mean        | -48.5    |
|    success_rate       | 0.03     |
| time/                 |          |
|    fps                | 965      |
|    iterations         | 5700     |
|    time_elapsed       | 118      |
|    total_timesteps    | 114000   |
| train/                |          |
|    entropy_loss       | -5.64    |
|    explained_variance | 0.988    |
|    learning_rate      | 0.0007   |
|    n_updates          | 5699     |
|    policy_loss        | 0.0399   |
|    std                | 0.994    |
|    value_loss         | 0.000324 |
------------------------------------
------------------------------------
| rollout/              |          |
|    ep_len_mean        | 48       |
|    ep_rew_mean        | -48      |
|    success_rate       | 0.04     |
| time/                 |          |
|    fps                | 962      |
|    iterations         | 5800     |
|    time_elapsed       | 120      |
|    total_timesteps    | 116000   |
| train/                |          |
|    entropy_loss       | -5.64    |
|    explained_variance | 0.984    |
|    learning_rate      | 0.0007   |
|    n_updates          | 5799     |
|    policy_loss        | -0.00263 |
|    std                | 0.993    |
|    value_loss         | 6.54e-05 |
------------------------------------
------------------------------------
| rollout/              |          |
|    ep_len_mean        | 46.6     |
|    ep_rew_mean        | -46.5    |
|    success_rate       | 0.07     |
| time/                 |          |
|    fps                | 958      |
|    iterations         | 5900     |
|    time_elapsed       | 123      |
|    total_timesteps    | 118000   |
| train/                |          |
|    entropy_loss       | -5.62    |
|    explained_variance | 0.975    |
|    learning_rate      | 0.0007   |
|    n_updates          | 5899     |
|    policy_loss        | -0.03    |
|    std                | 0.99     |
|    value_loss         | 5.38e-05 |
------------------------------------
------------------------------------
| rollout/              |          |
|    ep_len_mean        | 47.1     |
|    ep_rew_mean        | -47      |
|    success_rate       | 0.06     |
| time/                 |          |
|    fps                | 955      |
|    iterations         | 6000     |
|    time_elapsed       | 125      |
|    total_timesteps    | 120000   |
| train/                |          |
|    entropy_loss       | -5.62    |
|    explained_variance | 0.984    |
|    learning_rate      | 0.0007   |
|    n_updates          | 5999     |
|    policy_loss        | 0.00901  |
|    std                | 0.991    |
|    value_loss         | 9.7e-06  |
------------------------------------
------------------------------------
| rollout/              |          |
|    ep_len_mean        | 47.1     |
|    ep_rew_mean        | -47      |
|    success_rate       | 0.06     |
| time/                 |          |
|    fps                | 951      |
|    iterations         | 6100     |
|    time_elapsed       | 128      |
|    total_timesteps    | 122000   |
| train/                |          |
|    entropy_loss       | -5.63    |
|    explained_variance | -4.18    |
|    learning_rate      | 0.0007   |
|    n_updates          | 6099     |
|    policy_loss        | -0.118   |
|    std                | 0.992    |
|    value_loss         | 0.0022   |
------------------------------------
------------------------------------
| rollout/              |          |
|    ep_len_mean        | 48       |
|    ep_rew_mean        | -48      |
|    success_rate       | 0.04     |
| time/                 |          |
|    fps                | 948      |
|    iterations         | 6200     |
|    time_elapsed       | 130      |
|    total_timesteps    | 124000   |
| train/                |          |
|    entropy_loss       | -5.62    |
|    explained_variance | 0.861    |
|    learning_rate      | 0.0007   |
|    n_updates          | 6199     |
|    policy_loss        | -0.0192  |
|    std                | 0.99     |
|    value_loss         | 2.46e-05 |
------------------------------------
------------------------------------
| rollout/              |          |
|    ep_len_mean        | 47.5     |
|    ep_rew_mean        | -47.5    |
|    success_rate       | 0.05     |
| time/                 |          |
|    fps                | 945      |
|    iterations         | 6300     |
|    time_elapsed       | 133      |
|    total_timesteps    | 126000   |
| train/                |          |
|    entropy_loss       | -5.62    |
|    explained_variance | 0.977    |
|    learning_rate      | 0.0007   |
|    n_updates          | 6299     |
|    policy_loss        | -0.00437 |
|    std                | 0.99     |
|    value_loss         | 6.13e-05 |
------------------------------------
------------------------------------
| rollout/              |          |
|    ep_len_mean        | 48.5     |
|    ep_rew_mean        | -48.5    |
|    success_rate       | 0.03     |
| time/                 |          |
|    fps                | 942      |
|    iterations         | 6400     |
|    time_elapsed       | 135      |
|    total_timesteps    | 128000   |
| train/                |          |
|    entropy_loss       | -5.61    |
|    explained_variance | 0.983    |
|    learning_rate      | 0.0007   |
|    n_updates          | 6399     |
|    policy_loss        | 0.00925  |
|    std                | 0.987    |
|    value_loss         | 1.48e-05 |
------------------------------------
------------------------------------
| rollout/              |          |
|    ep_len_mean        | 49.5     |
|    ep_rew_mean        | -49.5    |
|    success_rate       | 0.01     |
| time/                 |          |
|    fps                | 939      |
|    iterations         | 6500     |
|    time_elapsed       | 138      |
|    total_timesteps    | 130000   |
| train/                |          |
|    entropy_loss       | -5.6     |
|    explained_variance | 0.901    |
|    learning_rate      | 0.0007   |
|    n_updates          | 6499     |
|    policy_loss        | 0.0152   |
|    std                | 0.986    |
|    value_loss         | 2.13e-05 |
------------------------------------
------------------------------------
| rollout/              |          |
|    ep_len_mean        | 47.5     |
|    ep_rew_mean        | -47.5    |
|    success_rate       | 0.05     |
| time/                 |          |
|    fps                | 936      |
|    iterations         | 6600     |
|    time_elapsed       | 140      |
|    total_timesteps    | 132000   |
| train/                |          |
|    entropy_loss       | -5.6     |
|    explained_variance | 0.968    |
|    learning_rate      | 0.0007   |
|    n_updates          | 6599     |
|    policy_loss        | -0.0189  |
|    std                | 0.986    |
|    value_loss         | 3.27e-05 |
------------------------------------
------------------------------------
| rollout/              |          |
|    ep_len_mean        | 47.5     |
|    ep_rew_mean        | -47.5    |
|    success_rate       | 0.05     |
| time/                 |          |
|    fps                | 933      |
|    iterations         | 6700     |
|    time_elapsed       | 143      |
|    total_timesteps    | 134000   |
| train/                |          |
|    entropy_loss       | -5.6     |
|    explained_variance | 0.949    |
|    learning_rate      | 0.0007   |
|    n_updates          | 6699     |
|    policy_loss        | -0.0365  |
|    std                | 0.986    |
|    value_loss         | 0.000144 |
------------------------------------
------------------------------------
| rollout/              |          |
|    ep_len_mean        | 49.5     |
|    ep_rew_mean        | -49.5    |
|    success_rate       | 0.01     |
| time/                 |          |
|    fps                | 931      |
|    iterations         | 6800     |
|    time_elapsed       | 145      |
|    total_timesteps    | 136000   |
| train/                |          |
|    entropy_loss       | -5.59    |
|    explained_variance | 0.952    |
|    learning_rate      | 0.0007   |
|    n_updates          | 6799     |
|    policy_loss        | 0.108    |
|    std                | 0.983    |
|    value_loss         | 0.000904 |
------------------------------------
------------------------------------
| rollout/              |          |
|    ep_len_mean        | 49.5     |
|    ep_rew_mean        | -49.5    |
|    success_rate       | 0.01     |
| time/                 |          |
|    fps                | 929      |
|    iterations         | 6900     |
|    time_elapsed       | 148      |
|    total_timesteps    | 138000   |
| train/                |          |
|    entropy_loss       | -5.6     |
|    explained_variance | 0.995    |
|    learning_rate      | 0.0007   |
|    n_updates          | 6899     |
|    policy_loss        | 0.00992  |
|    std                | 0.984    |
|    value_loss         | 8.98e-06 |
------------------------------------
------------------------------------
| rollout/              |          |
|    ep_len_mean        | 49.5     |
|    ep_rew_mean        | -49.5    |
|    success_rate       | 0.01     |
| time/                 |          |
|    fps                | 927      |
|    iterations         | 7000     |
|    time_elapsed       | 151      |
|    total_timesteps    | 140000   |
| train/                |          |
|    entropy_loss       | -5.61    |
|    explained_variance | 0.931    |
|    learning_rate      | 0.0007   |
|    n_updates          | 6999     |
|    policy_loss        | -0.00196 |
|    std                | 0.986    |
|    value_loss         | 9.03e-06 |
------------------------------------
------------------------------------
| rollout/              |          |
|    ep_len_mean        | 49       |
|    ep_rew_mean        | -49      |
|    success_rate       | 0.02     |
| time/                 |          |
|    fps                | 924      |
|    iterations         | 7100     |
|    time_elapsed       | 153      |
|    total_timesteps    | 142000   |
| train/                |          |
|    entropy_loss       | -5.61    |
|    explained_variance | 0.921    |
|    learning_rate      | 0.0007   |
|    n_updates          | 7099     |
|    policy_loss        | -0.0719  |
|    std                | 0.989    |
|    value_loss         | 0.00109  |
------------------------------------
------------------------------------
| rollout/              |          |
|    ep_len_mean        | 49       |
|    ep_rew_mean        | -49      |
|    success_rate       | 0.02     |
| time/                 |          |
|    fps                | 923      |
|    iterations         | 7200     |
|    time_elapsed       | 155      |
|    total_timesteps    | 144000   |
| train/                |          |
|    entropy_loss       | -5.62    |
|    explained_variance | -3.47    |
|    learning_rate      | 0.0007   |
|    n_updates          | 7199     |
|    policy_loss        | -0.0948  |
|    std                | 0.99     |
|    value_loss         | 0.000849 |
------------------------------------
------------------------------------
| rollout/              |          |
|    ep_len_mean        | 48.5     |
|    ep_rew_mean        | -48.5    |
|    success_rate       | 0.03     |
| time/                 |          |
|    fps                | 921      |
|    iterations         | 7300     |
|    time_elapsed       | 158      |
|    total_timesteps    | 146000   |
| train/                |          |
|    entropy_loss       | -5.62    |
|    explained_variance | 0.965    |
|    learning_rate      | 0.0007   |
|    n_updates          | 7299     |
|    policy_loss        | -0.0019  |
|    std                | 0.989    |
|    value_loss         | 2.33e-05 |
------------------------------------
------------------------------------
| rollout/              |          |
|    ep_len_mean        | 49       |
|    ep_rew_mean        | -49      |
|    success_rate       | 0.02     |
| time/                 |          |
|    fps                | 919      |
|    iterations         | 7400     |
|    time_elapsed       | 160      |
|    total_timesteps    | 148000   |
| train/                |          |
|    entropy_loss       | -5.62    |
|    explained_variance | 0.665    |
|    learning_rate      | 0.0007   |
|    n_updates          | 7399     |
|    policy_loss        | -0.00778 |
|    std                | 0.989    |
|    value_loss         | 5.54e-05 |
------------------------------------
------------------------------------
| rollout/              |          |
|    ep_len_mean        | 50       |
|    ep_rew_mean        | -50      |
|    success_rate       | 0        |
| time/                 |          |
|    fps                | 917      |
|    iterations         | 7500     |
|    time_elapsed       | 163      |
|    total_timesteps    | 150000   |
| train/                |          |
|    entropy_loss       | -5.62    |
|    explained_variance | 0.987    |
|    learning_rate      | 0.0007   |
|    n_updates          | 7499     |
|    policy_loss        | -0.0103  |
|    std                | 0.99     |
|    value_loss         | 1.73e-05 |
------------------------------------
------------------------------------
| rollout/              |          |
|    ep_len_mean        | 49       |
|    ep_rew_mean        | -49      |
|    success_rate       | 0.02     |
| time/                 |          |
|    fps                | 916      |
|    iterations         | 7600     |
|    time_elapsed       | 165      |
|    total_timesteps    | 152000   |
| train/                |          |
|    entropy_loss       | -5.61    |
|    explained_variance | 0.991    |
|    learning_rate      | 0.0007   |
|    n_updates          | 7599     |
|    policy_loss        | -0.00922 |
|    std                | 0.988    |
|    value_loss         | 5.73e-06 |
------------------------------------
------------------------------------
| rollout/              |          |
|    ep_len_mean        | 48.5     |
|    ep_rew_mean        | -48.5    |
|    success_rate       | 0.03     |
| time/                 |          |
|    fps                | 914      |
|    iterations         | 7700     |
|    time_elapsed       | 168      |
|    total_timesteps    | 154000   |
| train/                |          |
|    entropy_loss       | -5.61    |
|    explained_variance | 0.995    |
|    learning_rate      | 0.0007   |
|    n_updates          | 7699     |
|    policy_loss        | -0.00798 |
|    std                | 0.989    |
|    value_loss         | 1.91e-05 |
------------------------------------
------------------------------------
| rollout/              |          |
|    ep_len_mean        | 48.5     |
|    ep_rew_mean        | -48.5    |
|    success_rate       | 0.03     |
| time/                 |          |
|    fps                | 912      |
|    iterations         | 7800     |
|    time_elapsed       | 170      |
|    total_timesteps    | 156000   |
| train/                |          |
|    entropy_loss       | -5.63    |
|    explained_variance | 0.711    |
|    learning_rate      | 0.0007   |
|    n_updates          | 7799     |
|    policy_loss        | 0.174    |
|    std                | 0.992    |
|    value_loss         | 0.00359  |
------------------------------------
------------------------------------
| rollout/              |          |
|    ep_len_mean        | 48.5     |
|    ep_rew_mean        | -48.5    |
|    success_rate       | 0.03     |
| time/                 |          |
|    fps                | 910      |
|    iterations         | 7900     |
|    time_elapsed       | 173      |
|    total_timesteps    | 158000   |
| train/                |          |
|    entropy_loss       | -5.62    |
|    explained_variance | 0.987    |
|    learning_rate      | 0.0007   |
|    n_updates          | 7899     |
|    policy_loss        | -0.0111  |
|    std                | 0.99     |
|    value_loss         | 1.19e-05 |
------------------------------------
------------------------------------
| rollout/              |          |
|    ep_len_mean        | 49       |
|    ep_rew_mean        | -49      |
|    success_rate       | 0.02     |
| time/                 |          |
|    fps                | 909      |
|    iterations         | 8000     |
|    time_elapsed       | 176      |
|    total_timesteps    | 160000   |
| train/                |          |
|    entropy_loss       | -5.62    |
|    explained_variance | 0.925    |
|    learning_rate      | 0.0007   |
|    n_updates          | 7999     |
|    policy_loss        | 0.00494  |
|    std                | 0.988    |
|    value_loss         | 4.95e-06 |
------------------------------------
------------------------------------
| rollout/              |          |
|    ep_len_mean        | 48.5     |
|    ep_rew_mean        | -48.5    |
|    success_rate       | 0.03     |
| time/                 |          |
|    fps                | 907      |
|    iterations         | 8100     |
|    time_elapsed       | 178      |
|    total_timesteps    | 162000   |
| train/                |          |
|    entropy_loss       | -5.61    |
|    explained_variance | -11.3    |
|    learning_rate      | 0.0007   |
|    n_updates          | 8099     |
|    policy_loss        | 0.0853   |
|    std                | 0.988    |
|    value_loss         | 0.0063   |
------------------------------------
------------------------------------
| rollout/              |          |
|    ep_len_mean        | 48       |
|    ep_rew_mean        | -48      |
|    success_rate       | 0.04     |
| time/                 |          |
|    fps                | 905      |
|    iterations         | 8200     |
|    time_elapsed       | 181      |
|    total_timesteps    | 164000   |
| train/                |          |
|    entropy_loss       | -5.62    |
|    explained_variance | -13.4    |
|    learning_rate      | 0.0007   |
|    n_updates          | 8199     |
|    policy_loss        | 0.119    |
|    std                | 0.989    |
|    value_loss         | 0.00301  |
------------------------------------
------------------------------------
| rollout/              |          |
|    ep_len_mean        | 47.5     |
|    ep_rew_mean        | -47.5    |
|    success_rate       | 0.05     |
| time/                 |          |
|    fps                | 903      |
|    iterations         | 8300     |
|    time_elapsed       | 183      |
|    total_timesteps    | 166000   |
| train/                |          |
|    entropy_loss       | -5.63    |
|    explained_variance | 0.997    |
|    learning_rate      | 0.0007   |
|    n_updates          | 8299     |
|    policy_loss        | 0.00818  |
|    std                | 0.993    |
|    value_loss         | 5.89e-06 |
------------------------------------
------------------------------------
| rollout/              |          |
|    ep_len_mean        | 49       |
|    ep_rew_mean        | -49      |
|    success_rate       | 0.02     |
| time/                 |          |
|    fps                | 901      |
|    iterations         | 8400     |
|    time_elapsed       | 186      |
|    total_timesteps    | 168000   |
| train/                |          |
|    entropy_loss       | -5.64    |
|    explained_variance | 0.808    |
|    learning_rate      | 0.0007   |
|    n_updates          | 8399     |
|    policy_loss        | -0.0757  |
|    std                | 0.995    |
|    value_loss         | 0.00167  |
------------------------------------
------------------------------------
| rollout/              |          |
|    ep_len_mean        | 49       |
|    ep_rew_mean        | -49      |
|    success_rate       | 0.02     |
| time/                 |          |
|    fps                | 900      |
|    iterations         | 8500     |
|    time_elapsed       | 188      |
|    total_timesteps    | 170000   |
| train/                |          |
|    entropy_loss       | -5.63    |
|    explained_variance | 0.969    |
|    learning_rate      | 0.0007   |
|    n_updates          | 8499     |
|    policy_loss        | -0.00734 |
|    std                | 0.992    |
|    value_loss         | 1.94e-05 |
------------------------------------
------------------------------------
| rollout/              |          |
|    ep_len_mean        | 49       |
|    ep_rew_mean        | -49      |
|    success_rate       | 0.02     |
| time/                 |          |
|    fps                | 899      |
|    iterations         | 8600     |
|    time_elapsed       | 191      |
|    total_timesteps    | 172000   |
| train/                |          |
|    entropy_loss       | -5.6     |
|    explained_variance | 0.953    |
|    learning_rate      | 0.0007   |
|    n_updates          | 8599     |
|    policy_loss        | -0.0154  |
|    std                | 0.985    |
|    value_loss         | 6.81e-05 |
------------------------------------
------------------------------------
| rollout/              |          |
|    ep_len_mean        | 49       |
|    ep_rew_mean        | -49      |
|    success_rate       | 0.02     |
| time/                 |          |
|    fps                | 898      |
|    iterations         | 8700     |
|    time_elapsed       | 193      |
|    total_timesteps    | 174000   |
| train/                |          |
|    entropy_loss       | -5.63    |
|    explained_variance | 0.963    |
|    learning_rate      | 0.0007   |
|    n_updates          | 8699     |
|    policy_loss        | 0.0302   |
|    std                | 0.992    |
|    value_loss         | 0.000125 |
------------------------------------
------------------------------------
| rollout/              |          |
|    ep_len_mean        | 48       |
|    ep_rew_mean        | -48      |
|    success_rate       | 0.04     |
| time/                 |          |
|    fps                | 898      |
|    iterations         | 8800     |
|    time_elapsed       | 195      |
|    total_timesteps    | 176000   |
| train/                |          |
|    entropy_loss       | -5.64    |
|    explained_variance | 0.988    |
|    learning_rate      | 0.0007   |
|    n_updates          | 8799     |
|    policy_loss        | -0.00178 |
|    std                | 0.995    |
|    value_loss         | 3.24e-05 |
------------------------------------
------------------------------------
| rollout/              |          |
|    ep_len_mean        | 48.5     |
|    ep_rew_mean        | -48.5    |
|    success_rate       | 0.03     |
| time/                 |          |
|    fps                | 898      |
|    iterations         | 8900     |
|    time_elapsed       | 198      |
|    total_timesteps    | 178000   |
| train/                |          |
|    entropy_loss       | -5.64    |
|    explained_variance | 0.982    |
|    learning_rate      | 0.0007   |
|    n_updates          | 8899     |
|    policy_loss        | -0.00758 |
|    std                | 0.994    |
|    value_loss         | 2.28e-05 |
------------------------------------
------------------------------------
| rollout/              |          |
|    ep_len_mean        | 48.5     |
|    ep_rew_mean        | -48.5    |
|    success_rate       | 0.03     |
| time/                 |          |
|    fps                | 897      |
|    iterations         | 9000     |
|    time_elapsed       | 200      |
|    total_timesteps    | 180000   |
| train/                |          |
|    entropy_loss       | -5.61    |
|    explained_variance | 0.912    |
|    learning_rate      | 0.0007   |
|    n_updates          | 8999     |
|    policy_loss        | -0.0282  |
|    std                | 0.988    |
|    value_loss         | 3.82e-05 |
------------------------------------
------------------------------------
| rollout/              |          |
|    ep_len_mean        | 48.5     |
|    ep_rew_mean        | -48.5    |
|    success_rate       | 0.03     |
| time/                 |          |
|    fps                | 897      |
|    iterations         | 9100     |
|    time_elapsed       | 202      |
|    total_timesteps    | 182000   |
| train/                |          |
|    entropy_loss       | -5.62    |
|    explained_variance | 0.998    |
|    learning_rate      | 0.0007   |
|    n_updates          | 9099     |
|    policy_loss        | 0.0019   |
|    std                | 0.99     |
|    value_loss         | 1.76e-05 |
------------------------------------
------------------------------------
| rollout/              |          |
|    ep_len_mean        | 48.1     |
|    ep_rew_mean        | -48.1    |
|    success_rate       | 0.04     |
| time/                 |          |
|    fps                | 896      |
|    iterations         | 9200     |
|    time_elapsed       | 205      |
|    total_timesteps    | 184000   |
| train/                |          |
|    entropy_loss       | -5.64    |
|    explained_variance | 0.987    |
|    learning_rate      | 0.0007   |
|    n_updates          | 9199     |
|    policy_loss        | 0.00982  |
|    std                | 0.995    |
|    value_loss         | 7.06e-06 |
------------------------------------
------------------------------------
| rollout/              |          |
|    ep_len_mean        | 48.1     |
|    ep_rew_mean        | -48.1    |
|    success_rate       | 0.04     |
| time/                 |          |
|    fps                | 897      |
|    iterations         | 9300     |
|    time_elapsed       | 207      |
|    total_timesteps    | 186000   |
| train/                |          |
|    entropy_loss       | -5.64    |
|    explained_variance | 0.673    |
|    learning_rate      | 0.0007   |
|    n_updates          | 9299     |
|    policy_loss        | 0.0469   |
|    std                | 0.995    |
|    value_loss         | 0.000172 |
------------------------------------
------------------------------------
| rollout/              |          |
|    ep_len_mean        | 47.5     |
|    ep_rew_mean        | -47.5    |
|    success_rate       | 0.05     |
| time/                 |          |
|    fps                | 896      |
|    iterations         | 9400     |
|    time_elapsed       | 209      |
|    total_timesteps    | 188000   |
| train/                |          |
|    entropy_loss       | -5.63    |
|    explained_variance | 0.968    |
|    learning_rate      | 0.0007   |
|    n_updates          | 9399     |
|    policy_loss        | 0.0345   |
|    std                | 0.992    |
|    value_loss         | 7.5e-05  |
------------------------------------
------------------------------------
| rollout/              |          |
|    ep_len_mean        | 47.5     |
|    ep_rew_mean        | -47.5    |
|    success_rate       | 0.05     |
| time/                 |          |
|    fps                | 896      |
|    iterations         | 9500     |
|    time_elapsed       | 211      |
|    total_timesteps    | 190000   |
| train/                |          |
|    entropy_loss       | -5.63    |
|    explained_variance | 0.942    |
|    learning_rate      | 0.0007   |
|    n_updates          | 9499     |
|    policy_loss        | -0.00254 |
|    std                | 0.992    |
|    value_loss         | 0.000102 |
------------------------------------
------------------------------------
| rollout/              |          |
|    ep_len_mean        | 48.5     |
|    ep_rew_mean        | -48.5    |
|    success_rate       | 0.03     |
| time/                 |          |
|    fps                | 896      |
|    iterations         | 9600     |
|    time_elapsed       | 214      |
|    total_timesteps    | 192000   |
| train/                |          |
|    entropy_loss       | -5.63    |
|    explained_variance | 0.994    |
|    learning_rate      | 0.0007   |
|    n_updates          | 9599     |
|    policy_loss        | 0.000554 |
|    std                | 0.992    |
|    value_loss         | 1.93e-06 |
------------------------------------
------------------------------------
| rollout/              |          |
|    ep_len_mean        | 49.5     |
|    ep_rew_mean        | -49.5    |
|    success_rate       | 0.01     |
| time/                 |          |
|    fps                | 896      |
|    iterations         | 9700     |
|    time_elapsed       | 216      |
|    total_timesteps    | 194000   |
| train/                |          |
|    entropy_loss       | -5.63    |
|    explained_variance | 0.989    |
|    learning_rate      | 0.0007   |
|    n_updates          | 9699     |
|    policy_loss        | 0.0147   |
|    std                | 0.993    |
|    value_loss         | 9.43e-06 |
------------------------------------
------------------------------------
| rollout/              |          |
|    ep_len_mean        | 47.5     |
|    ep_rew_mean        | -47.5    |
|    success_rate       | 0.05     |
| time/                 |          |
|    fps                | 896      |
|    iterations         | 9800     |
|    time_elapsed       | 218      |
|    total_timesteps    | 196000   |
| train/                |          |
|    entropy_loss       | -5.58    |
|    explained_variance | 0.964    |
|    learning_rate      | 0.0007   |
|    n_updates          | 9799     |
|    policy_loss        | -0.0373  |
|    std                | 0.982    |
|    value_loss         | 0.000199 |
------------------------------------
------------------------------------
| rollout/              |          |
|    ep_len_mean        | 47.5     |
|    ep_rew_mean        | -47.5    |
|    success_rate       | 0.05     |
| time/                 |          |
|    fps                | 896      |
|    iterations         | 9900     |
|    time_elapsed       | 220      |
|    total_timesteps    | 198000   |
| train/                |          |
|    entropy_loss       | -5.59    |
|    explained_variance | -0.0998  |
|    learning_rate      | 0.0007   |
|    n_updates          | 9899     |
|    policy_loss        | -0.0382  |
|    std                | 0.984    |
|    value_loss         | 0.000228 |
------------------------------------
------------------------------------
| rollout/              |          |
|    ep_len_mean        | 48       |
|    ep_rew_mean        | -48      |
|    success_rate       | 0.04     |
| time/                 |          |
|    fps                | 896      |
|    iterations         | 10000    |
|    time_elapsed       | 223      |
|    total_timesteps    | 200000   |
| train/                |          |
|    entropy_loss       | -5.59    |
|    explained_variance | 0.954    |
|    learning_rate      | 0.0007   |
|    n_updates          | 9999     |
|    policy_loss        | -0.00397 |
|    std                | 0.985    |
|    value_loss         | 4.6e-05  |
------------------------------------
------------------------------------
| rollout/              |          |
|    ep_len_mean        | 48.5     |
|    ep_rew_mean        | -48.5    |
|    success_rate       | 0.03     |
| time/                 |          |
|    fps                | 896      |
|    iterations         | 10100    |
|    time_elapsed       | 225      |
|    total_timesteps    | 202000   |
| train/                |          |
|    entropy_loss       | -5.6     |
|    explained_variance | 0.808    |
|    learning_rate      | 0.0007   |
|    n_updates          | 10099    |
|    policy_loss        | 0.00729  |
|    std                | 0.987    |
|    value_loss         | 0.000122 |
------------------------------------
------------------------------------
| rollout/              |          |
|    ep_len_mean        | 49       |
|    ep_rew_mean        | -49      |
|    success_rate       | 0.02     |
| time/                 |          |
|    fps                | 896      |
|    iterations         | 10200    |
|    time_elapsed       | 227      |
|    total_timesteps    | 204000   |
| train/                |          |
|    entropy_loss       | -5.6     |
|    explained_variance | 0.944    |
|    learning_rate      | 0.0007   |
|    n_updates          | 10199    |
|    policy_loss        | 0.0142   |
|    std                | 0.986    |
|    value_loss         | 4.04e-05 |
------------------------------------
------------------------------------
| rollout/              |          |
|    ep_len_mean        | 49       |
|    ep_rew_mean        | -49      |
|    success_rate       | 0.02     |
| time/                 |          |
|    fps                | 896      |
|    iterations         | 10300    |
|    time_elapsed       | 229      |
|    total_timesteps    | 206000   |
| train/                |          |
|    entropy_loss       | -5.6     |
|    explained_variance | 0.791    |
|    learning_rate      | 0.0007   |
|    n_updates          | 10299    |
|    policy_loss        | 0.00591  |
|    std                | 0.985    |
|    value_loss         | 1.13e-05 |
------------------------------------
------------------------------------
| rollout/              |          |
|    ep_len_mean        | 49       |
|    ep_rew_mean        | -49      |
|    success_rate       | 0.02     |
| time/                 |          |
|    fps                | 896      |
|    iterations         | 10400    |
|    time_elapsed       | 232      |
|    total_timesteps    | 208000   |
| train/                |          |
|    entropy_loss       | -5.62    |
|    explained_variance | 0.985    |
|    learning_rate      | 0.0007   |
|    n_updates          | 10399    |
|    policy_loss        | 0.00804  |
|    std                | 0.991    |
|    value_loss         | 1.84e-05 |
------------------------------------
------------------------------------
| rollout/              |          |
|    ep_len_mean        | 49       |
|    ep_rew_mean        | -49      |
|    success_rate       | 0.02     |
| time/                 |          |
|    fps                | 896      |
|    iterations         | 10500    |
|    time_elapsed       | 234      |
|    total_timesteps    | 210000   |
| train/                |          |
|    entropy_loss       | -5.62    |
|    explained_variance | 0.854    |
|    learning_rate      | 0.0007   |
|    n_updates          | 10499    |
|    policy_loss        | -0.00742 |
|    std                | 0.991    |
|    value_loss         | 1.11e-05 |
------------------------------------
------------------------------------
| rollout/              |          |
|    ep_len_mean        | 49       |
|    ep_rew_mean        | -49      |
|    success_rate       | 0.02     |
| time/                 |          |
|    fps                | 897      |
|    iterations         | 10600    |
|    time_elapsed       | 236      |
|    total_timesteps    | 212000   |
| train/                |          |
|    entropy_loss       | -5.62    |
|    explained_variance | 0.928    |
|    learning_rate      | 0.0007   |
|    n_updates          | 10599    |
|    policy_loss        | 0.00955  |
|    std                | 0.991    |
|    value_loss         | 2.58e-05 |
------------------------------------
------------------------------------
| rollout/              |          |
|    ep_len_mean        | 49.5     |
|    ep_rew_mean        | -49.5    |
|    success_rate       | 0.01     |
| time/                 |          |
|    fps                | 896      |
|    iterations         | 10700    |
|    time_elapsed       | 238      |
|    total_timesteps    | 214000   |
| train/                |          |
|    entropy_loss       | -5.6     |
|    explained_variance | 0.966    |
|    learning_rate      | 0.0007   |
|    n_updates          | 10699    |
|    policy_loss        | 0.0288   |
|    std                | 0.986    |
|    value_loss         | 8.24e-05 |
------------------------------------
------------------------------------
| rollout/              |          |
|    ep_len_mean        | 49.5     |
|    ep_rew_mean        | -49.5    |
|    success_rate       | 0.01     |
| time/                 |          |
|    fps                | 896      |
|    iterations         | 10800    |
|    time_elapsed       | 240      |
|    total_timesteps    | 216000   |
| train/                |          |
|    entropy_loss       | -5.6     |
|    explained_variance | 0.861    |
|    learning_rate      | 0.0007   |
|    n_updates          | 10799    |
|    policy_loss        | -0.00583 |
|    std                | 0.986    |
|    value_loss         | 1.17e-05 |
------------------------------------
------------------------------------
| rollout/              |          |
|    ep_len_mean        | 50       |
|    ep_rew_mean        | -50      |
|    success_rate       | 0        |
| time/                 |          |
|    fps                | 897      |
|    iterations         | 10900    |
|    time_elapsed       | 243      |
|    total_timesteps    | 218000   |
| train/                |          |
|    entropy_loss       | -5.58    |
|    explained_variance | 0.971    |
|    learning_rate      | 0.0007   |
|    n_updates          | 10899    |
|    policy_loss        | -0.0033  |
|    std                | 0.982    |
|    value_loss         | 9.58e-06 |
------------------------------------
------------------------------------
| rollout/              |          |
|    ep_len_mean        | 48       |
|    ep_rew_mean        | -48      |
|    success_rate       | 0.04     |
| time/                 |          |
|    fps                | 897      |
|    iterations         | 11000    |
|    time_elapsed       | 245      |
|    total_timesteps    | 220000   |
| train/                |          |
|    entropy_loss       | -5.58    |
|    explained_variance | 0.802    |
|    learning_rate      | 0.0007   |
|    n_updates          | 10999    |
|    policy_loss        | -0.0191  |
|    std                | 0.98     |
|    value_loss         | 0.000134 |
------------------------------------
------------------------------------
| rollout/              |          |
|    ep_len_mean        | 48       |
|    ep_rew_mean        | -48      |
|    success_rate       | 0.04     |
| time/                 |          |
|    fps                | 897      |
|    iterations         | 11100    |
|    time_elapsed       | 247      |
|    total_timesteps    | 222000   |
| train/                |          |
|    entropy_loss       | -5.57    |
|    explained_variance | 0.928    |
|    learning_rate      | 0.0007   |
|    n_updates          | 11099    |
|    policy_loss        | 0.00492  |
|    std                | 0.978    |
|    value_loss         | 3.56e-06 |
------------------------------------
------------------------------------
| rollout/              |          |
|    ep_len_mean        | 48       |
|    ep_rew_mean        | -48      |
|    success_rate       | 0.04     |
| time/                 |          |
|    fps                | 896      |
|    iterations         | 11200    |
|    time_elapsed       | 249      |
|    total_timesteps    | 224000   |
| train/                |          |
|    entropy_loss       | -5.57    |
|    explained_variance | 0.994    |
|    learning_rate      | 0.0007   |
|    n_updates          | 11199    |
|    policy_loss        | -0.0104  |
|    std                | 0.978    |
|    value_loss         | 2.06e-05 |
------------------------------------
------------------------------------
| rollout/              |          |
|    ep_len_mean        | 48       |
|    ep_rew_mean        | -48      |
|    success_rate       | 0.04     |
| time/                 |          |
|    fps                | 897      |
|    iterations         | 11300    |
|    time_elapsed       | 251      |
|    total_timesteps    | 226000   |
| train/                |          |
|    entropy_loss       | -5.59    |
|    explained_variance | 0.935    |
|    learning_rate      | 0.0007   |
|    n_updates          | 11299    |
|    policy_loss        | 0.00888  |
|    std                | 0.982    |
|    value_loss         | 1.94e-05 |
------------------------------------
------------------------------------
| rollout/              |          |
|    ep_len_mean        | 47.1     |
|    ep_rew_mean        | -47      |
|    success_rate       | 0.06     |
| time/                 |          |
|    fps                | 896      |
|    iterations         | 11400    |
|    time_elapsed       | 254      |
|    total_timesteps    | 228000   |
| train/                |          |
|    entropy_loss       | -5.59    |
|    explained_variance | 0.981    |
|    learning_rate      | 0.0007   |
|    n_updates          | 11399    |
|    policy_loss        | 0.00423  |
|    std                | 0.982    |
|    value_loss         | 1.7e-05  |
------------------------------------
------------------------------------
| rollout/              |          |
|    ep_len_mean        | 48.5     |
|    ep_rew_mean        | -48.5    |
|    success_rate       | 0.03     |
| time/                 |          |
|    fps                | 896      |
|    iterations         | 11500    |
|    time_elapsed       | 256      |
|    total_timesteps    | 230000   |
| train/                |          |
|    entropy_loss       | -5.58    |
|    explained_variance | 0.978    |
|    learning_rate      | 0.0007   |
|    n_updates          | 11499    |
|    policy_loss        | 0.00745  |
|    std                | 0.98     |
|    value_loss         | 2.49e-05 |
------------------------------------
------------------------------------
| rollout/              |          |
|    ep_len_mean        | 49       |
|    ep_rew_mean        | -49      |
|    success_rate       | 0.02     |
| time/                 |          |
|    fps                | 896      |
|    iterations         | 11600    |
|    time_elapsed       | 258      |
|    total_timesteps    | 232000   |
| train/                |          |
|    entropy_loss       | -5.57    |
|    explained_variance | 0.969    |
|    learning_rate      | 0.0007   |
|    n_updates          | 11599    |
|    policy_loss        | 0.00965  |
|    std                | 0.978    |
|    value_loss         | 3.34e-05 |
------------------------------------
------------------------------------
| rollout/              |          |
|    ep_len_mean        | 50       |
|    ep_rew_mean        | -50      |
|    success_rate       | 0        |
| time/                 |          |
|    fps                | 896      |
|    iterations         | 11700    |
|    time_elapsed       | 261      |
|    total_timesteps    | 234000   |
| train/                |          |
|    entropy_loss       | -5.59    |
|    explained_variance | 0.668    |
|    learning_rate      | 0.0007   |
|    n_updates          | 11699    |
|    policy_loss        | 0.0321   |
|    std                | 0.982    |
|    value_loss         | 0.000156 |
------------------------------------
------------------------------------
| rollout/              |          |
|    ep_len_mean        | 49       |
|    ep_rew_mean        | -49      |
|    success_rate       | 0.02     |
| time/                 |          |
|    fps                | 896      |
|    iterations         | 11800    |
|    time_elapsed       | 263      |
|    total_timesteps    | 236000   |
| train/                |          |
|    entropy_loss       | -5.56    |
|    explained_variance | -0.129   |
|    learning_rate      | 0.0007   |
|    n_updates          | 11799    |
|    policy_loss        | 0.00927  |
|    std                | 0.976    |
|    value_loss         | 0.000707 |
------------------------------------
------------------------------------
| rollout/              |          |
|    ep_len_mean        | 48.5     |
|    ep_rew_mean        | -48.5    |
|    success_rate       | 0.03     |
| time/                 |          |
|    fps                | 896      |
|    iterations         | 11900    |
|    time_elapsed       | 265      |
|    total_timesteps    | 238000   |
| train/                |          |
|    entropy_loss       | -5.55    |
|    explained_variance | 0.929    |
|    learning_rate      | 0.0007   |
|    n_updates          | 11899    |
|    policy_loss        | -0.00239 |
|    std                | 0.973    |
|    value_loss         | 3.14e-05 |
------------------------------------
------------------------------------
| rollout/              |          |
|    ep_len_mean        | 48       |
|    ep_rew_mean        | -48      |
|    success_rate       | 0.04     |
| time/                 |          |
|    fps                | 896      |
|    iterations         | 12000    |
|    time_elapsed       | 267      |
|    total_timesteps    | 240000   |
| train/                |          |
|    entropy_loss       | -5.55    |
|    explained_variance | -3.62    |
|    learning_rate      | 0.0007   |
|    n_updates          | 11999    |
|    policy_loss        | 0.0873   |
|    std                | 0.972    |
|    value_loss         | 0.00131  |
------------------------------------
------------------------------------
| rollout/              |          |
|    ep_len_mean        | 49       |
|    ep_rew_mean        | -49      |
|    success_rate       | 0.02     |
| time/                 |          |
|    fps                | 895      |
|    iterations         | 12100    |
|    time_elapsed       | 270      |
|    total_timesteps    | 242000   |
| train/                |          |
|    entropy_loss       | -5.53    |
|    explained_variance | 0.956    |
|    learning_rate      | 0.0007   |
|    n_updates          | 12099    |
|    policy_loss        | 0.000978 |
|    std                | 0.97     |
|    value_loss         | 9.05e-07 |
------------------------------------
------------------------------------
| rollout/              |          |
|    ep_len_mean        | 49.5     |
|    ep_rew_mean        | -49.5    |
|    success_rate       | 0.01     |
| time/                 |          |
|    fps                | 895      |
|    iterations         | 12200    |
|    time_elapsed       | 272      |
|    total_timesteps    | 244000   |
| train/                |          |
|    entropy_loss       | -5.53    |
|    explained_variance | 0.962    |
|    learning_rate      | 0.0007   |
|    n_updates          | 12199    |
|    policy_loss        | -0.0013  |
|    std                | 0.97     |
|    value_loss         | 4.91e-07 |
------------------------------------
------------------------------------
| rollout/              |          |
|    ep_len_mean        | 50       |
|    ep_rew_mean        | -50      |
|    success_rate       | 0        |
| time/                 |          |
|    fps                | 895      |
|    iterations         | 12300    |
|    time_elapsed       | 274      |
|    total_timesteps    | 246000   |
| train/                |          |
|    entropy_loss       | -5.53    |
|    explained_variance | 0.913    |
|    learning_rate      | 0.0007   |
|    n_updates          | 12299    |
|    policy_loss        | 0.00767  |
|    std                | 0.968    |
|    value_loss         | 6.41e-06 |
------------------------------------
------------------------------------
| rollout/              |          |
|    ep_len_mean        | 49       |
|    ep_rew_mean        | -49      |
|    success_rate       | 0.02     |
| time/                 |          |
|    fps                | 895      |
|    iterations         | 12400    |
|    time_elapsed       | 276      |
|    total_timesteps    | 248000   |
| train/                |          |
|    entropy_loss       | -5.54    |
|    explained_variance | 0.955    |
|    learning_rate      | 0.0007   |
|    n_updates          | 12399    |
|    policy_loss        | 0.00307  |
|    std                | 0.972    |
|    value_loss         | 7.32e-06 |
------------------------------------
------------------------------------
| rollout/              |          |
|    ep_len_mean        | 49       |
|    ep_rew_mean        | -49      |
|    success_rate       | 0.02     |
| time/                 |          |
|    fps                | 894      |
|    iterations         | 12500    |
|    time_elapsed       | 279      |
|    total_timesteps    | 250000   |
| train/                |          |
|    entropy_loss       | -5.54    |
|    explained_variance | 0.959    |
|    learning_rate      | 0.0007   |
|    n_updates          | 12499    |
|    policy_loss        | -0.00512 |
|    std                | 0.973    |
|    value_loss         | 5.73e-06 |
------------------------------------
------------------------------------
| rollout/              |          |
|    ep_len_mean        | 48.5     |
|    ep_rew_mean        | -48.5    |
|    success_rate       | 0.03     |
| time/                 |          |
|    fps                | 894      |
|    iterations         | 12600    |
|    time_elapsed       | 281      |
|    total_timesteps    | 252000   |
| train/                |          |
|    entropy_loss       | -5.53    |
|    explained_variance | 0.998    |
|    learning_rate      | 0.0007   |
|    n_updates          | 12599    |
|    policy_loss        | 0.00253  |
|    std                | 0.968    |
|    value_loss         | 1.87e-05 |
------------------------------------
------------------------------------
| rollout/              |          |
|    ep_len_mean        | 47.5     |
|    ep_rew_mean        | -47.5    |
|    success_rate       | 0.05     |
| time/                 |          |
|    fps                | 893      |
|    iterations         | 12700    |
|    time_elapsed       | 284      |
|    total_timesteps    | 254000   |
| train/                |          |
|    entropy_loss       | -5.52    |
|    explained_variance | 0.996    |
|    learning_rate      | 0.0007   |
|    n_updates          | 12699    |
|    policy_loss        | 0.00889  |
|    std                | 0.967    |
|    value_loss         | 3.61e-06 |
------------------------------------
------------------------------------
| rollout/              |          |
|    ep_len_mean        | 47.1     |
|    ep_rew_mean        | -47      |
|    success_rate       | 0.06     |
| time/                 |          |
|    fps                | 893      |
|    iterations         | 12800    |
|    time_elapsed       | 286      |
|    total_timesteps    | 256000   |
| train/                |          |
|    entropy_loss       | -5.52    |
|    explained_variance | 0.998    |
|    learning_rate      | 0.0007   |
|    n_updates          | 12799    |
|    policy_loss        | 0.00109  |
|    std                | 0.969    |
|    value_loss         | 1.91e-06 |
------------------------------------
------------------------------------
| rollout/              |          |
|    ep_len_mean        | 47.5     |
|    ep_rew_mean        | -47.5    |
|    success_rate       | 0.05     |
| time/                 |          |
|    fps                | 893      |
|    iterations         | 12900    |
|    time_elapsed       | 288      |
|    total_timesteps    | 258000   |
| train/                |          |
|    entropy_loss       | -5.5     |
|    explained_variance | 0.989    |
|    learning_rate      | 0.0007   |
|    n_updates          | 12899    |
|    policy_loss        | 0.00567  |
|    std                | 0.963    |
|    value_loss         | 8.62e-06 |
------------------------------------
------------------------------------
| rollout/              |          |
|    ep_len_mean        | 47.5     |
|    ep_rew_mean        | -47.5    |
|    success_rate       | 0.05     |
| time/                 |          |
|    fps                | 893      |
|    iterations         | 13000    |
|    time_elapsed       | 290      |
|    total_timesteps    | 260000   |
| train/                |          |
|    entropy_loss       | -5.49    |
|    explained_variance | 0.889    |
|    learning_rate      | 0.0007   |
|    n_updates          | 12999    |
|    policy_loss        | -0.04    |
|    std                | 0.96     |
|    value_loss         | 8.57e-05 |
------------------------------------
------------------------------------
| rollout/              |          |
|    ep_len_mean        | 46.6     |
|    ep_rew_mean        | -46.5    |
|    success_rate       | 0.07     |
| time/                 |          |
|    fps                | 893      |
|    iterations         | 13100    |
|    time_elapsed       | 293      |
|    total_timesteps    | 262000   |
| train/                |          |
|    entropy_loss       | -5.5     |
|    explained_variance | -0.865   |
|    learning_rate      | 0.0007   |
|    n_updates          | 13099    |
|    policy_loss        | -0.071   |
|    std                | 0.962    |
|    value_loss         | 0.000697 |
------------------------------------
------------------------------------
| rollout/              |          |
|    ep_len_mean        | 46.6     |
|    ep_rew_mean        | -46.5    |
|    success_rate       | 0.07     |
| time/                 |          |
|    fps                | 893      |
|    iterations         | 13200    |
|    time_elapsed       | 295      |
|    total_timesteps    | 264000   |
| train/                |          |
|    entropy_loss       | -5.46    |
|    explained_variance | 0.864    |
|    learning_rate      | 0.0007   |
|    n_updates          | 13199    |
|    policy_loss        | 0.0119   |
|    std                | 0.954    |
|    value_loss         | 0.000214 |
------------------------------------
------------------------------------
| rollout/              |          |
|    ep_len_mean        | 46.6     |
|    ep_rew_mean        | -46.5    |
|    success_rate       | 0.07     |
| time/                 |          |
|    fps                | 894      |
|    iterations         | 13300    |
|    time_elapsed       | 297      |
|    total_timesteps    | 266000   |
| train/                |          |
|    entropy_loss       | -5.44    |
|    explained_variance | 0.963    |
|    learning_rate      | 0.0007   |
|    n_updates          | 13299    |
|    policy_loss        | -0.00346 |
|    std                | 0.95     |
|    value_loss         | 1.61e-05 |
------------------------------------
------------------------------------
| rollout/              |          |
|    ep_len_mean        | 46.1     |
|    ep_rew_mean        | -46      |
|    success_rate       | 0.08     |
| time/                 |          |
|    fps                | 894      |
|    iterations         | 13400    |
|    time_elapsed       | 299      |
|    total_timesteps    | 268000   |
| train/                |          |
|    entropy_loss       | -5.44    |
|    explained_variance | 0.996    |
|    learning_rate      | 0.0007   |
|    n_updates          | 13399    |
|    policy_loss        | -0.00276 |
|    std                | 0.948    |
|    value_loss         | 4.49e-06 |
------------------------------------
------------------------------------
| rollout/              |          |
|    ep_len_mean        | 48       |
|    ep_rew_mean        | -48      |
|    success_rate       | 0.04     |
| time/                 |          |
|    fps                | 895      |
|    iterations         | 13500    |
|    time_elapsed       | 301      |
|    total_timesteps    | 270000   |
| train/                |          |
|    entropy_loss       | -5.43    |
|    explained_variance | 0.327    |
|    learning_rate      | 0.0007   |
|    n_updates          | 13499    |
|    policy_loss        | -0.0137  |
|    std                | 0.947    |
|    value_loss         | 6.33e-05 |
------------------------------------
------------------------------------
| rollout/              |          |
|    ep_len_mean        | 48.5     |
|    ep_rew_mean        | -48.5    |
|    success_rate       | 0.03     |
| time/                 |          |
|    fps                | 895      |
|    iterations         | 13600    |
|    time_elapsed       | 303      |
|    total_timesteps    | 272000   |
| train/                |          |
|    entropy_loss       | -5.43    |
|    explained_variance | -1.54    |
|    learning_rate      | 0.0007   |
|    n_updates          | 13599    |
|    policy_loss        | -0.0291  |
|    std                | 0.947    |
|    value_loss         | 0.000162 |
------------------------------------
------------------------------------
| rollout/              |          |
|    ep_len_mean        | 49.5     |
|    ep_rew_mean        | -49.5    |
|    success_rate       | 0.01     |
| time/                 |          |
|    fps                | 895      |
|    iterations         | 13700    |
|    time_elapsed       | 306      |
|    total_timesteps    | 274000   |
| train/                |          |
|    entropy_loss       | -5.44    |
|    explained_variance | -1.92    |
|    learning_rate      | 0.0007   |
|    n_updates          | 13699    |
|    policy_loss        | 0.0257   |
|    std                | 0.949    |
|    value_loss         | 0.000127 |
------------------------------------
------------------------------------
| rollout/              |          |
|    ep_len_mean        | 49.5     |
|    ep_rew_mean        | -49.5    |
|    success_rate       | 0.01     |
| time/                 |          |
|    fps                | 894      |
|    iterations         | 13800    |
|    time_elapsed       | 308      |
|    total_timesteps    | 276000   |
| train/                |          |
|    entropy_loss       | -5.44    |
|    explained_variance | 0.996    |
|    learning_rate      | 0.0007   |
|    n_updates          | 13799    |
|    policy_loss        | 0.011    |
|    std                | 0.949    |
|    value_loss         | 1.29e-05 |
------------------------------------
------------------------------------
| rollout/              |          |
|    ep_len_mean        | 48.5     |
|    ep_rew_mean        | -48.5    |
|    success_rate       | 0.03     |
| time/                 |          |
|    fps                | 894      |
|    iterations         | 13900    |
|    time_elapsed       | 310      |
|    total_timesteps    | 278000   |
| train/                |          |
|    entropy_loss       | -5.42    |
|    explained_variance | 0.315    |
|    learning_rate      | 0.0007   |
|    n_updates          | 13899    |
|    policy_loss        | -0.0357  |
|    std                | 0.946    |
|    value_loss         | 7.5e-05  |
------------------------------------
------------------------------------
| rollout/              |          |
|    ep_len_mean        | 49       |
|    ep_rew_mean        | -49      |
|    success_rate       | 0.02     |
| time/                 |          |
|    fps                | 894      |
|    iterations         | 14000    |
|    time_elapsed       | 313      |
|    total_timesteps    | 280000   |
| train/                |          |
|    entropy_loss       | -5.43    |
|    explained_variance | 0.787    |
|    learning_rate      | 0.0007   |
|    n_updates          | 13999    |
|    policy_loss        | -0.00744 |
|    std                | 0.946    |
|    value_loss         | 2.11e-05 |
------------------------------------
------------------------------------
| rollout/              |          |
|    ep_len_mean        | 48.7     |
|    ep_rew_mean        | -48.7    |
|    success_rate       | 0.03     |
| time/                 |          |
|    fps                | 894      |
|    iterations         | 14100    |
|    time_elapsed       | 315      |
|    total_timesteps    | 282000   |
| train/                |          |
|    entropy_loss       | -5.44    |
|    explained_variance | 0.00306  |
|    learning_rate      | 0.0007   |
|    n_updates          | 14099    |
|    policy_loss        | 3        |
|    std                | 0.949    |
|    value_loss         | 3.91     |
------------------------------------
------------------------------------
| rollout/              |          |
|    ep_len_mean        | 48.2     |
|    ep_rew_mean        | -48.2    |
|    success_rate       | 0.04     |
| time/                 |          |
|    fps                | 894      |
|    iterations         | 14200    |
|    time_elapsed       | 317      |
|    total_timesteps    | 284000   |
| train/                |          |
|    entropy_loss       | -5.43    |
|    explained_variance | 0.976    |
|    learning_rate      | 0.0007   |
|    n_updates          | 14199    |
|    policy_loss        | 0.00756  |
|    std                | 0.946    |
|    value_loss         | 2.72e-05 |
------------------------------------
------------------------------------
| rollout/              |          |
|    ep_len_mean        | 47.5     |
|    ep_rew_mean        | -47.5    |
|    success_rate       | 0.05     |
| time/                 |          |
|    fps                | 893      |
|    iterations         | 14300    |
|    time_elapsed       | 319      |
|    total_timesteps    | 286000   |
| train/                |          |
|    entropy_loss       | -5.4     |
|    explained_variance | 0.858    |
|    learning_rate      | 0.0007   |
|    n_updates          | 14299    |
|    policy_loss        | -0.00177 |
|    std                | 0.94     |
|    value_loss         | 4.66e-06 |
------------------------------------
------------------------------------
| rollout/              |          |
|    ep_len_mean        | 47.5     |
|    ep_rew_mean        | -47.5    |
|    success_rate       | 0.05     |
| time/                 |          |
|    fps                | 893      |
|    iterations         | 14400    |
|    time_elapsed       | 322      |
|    total_timesteps    | 288000   |
| train/                |          |
|    entropy_loss       | -5.4     |
|    explained_variance | 0.972    |
|    learning_rate      | 0.0007   |
|    n_updates          | 14399    |
|    policy_loss        | 0.00177  |
|    std                | 0.94     |
|    value_loss         | 5.17e-06 |
------------------------------------
------------------------------------
| rollout/              |          |
|    ep_len_mean        | 47.5     |
|    ep_rew_mean        | -47.5    |
|    success_rate       | 0.05     |
| time/                 |          |
|    fps                | 893      |
|    iterations         | 14500    |
|    time_elapsed       | 324      |
|    total_timesteps    | 290000   |
| train/                |          |
|    entropy_loss       | -5.41    |
|    explained_variance | 0.941    |
|    learning_rate      | 0.0007   |
|    n_updates          | 14499    |
|    policy_loss        | -0.00138 |
|    std                | 0.942    |
|    value_loss         | 5.94e-06 |
------------------------------------
------------------------------------
| rollout/              |          |
|    ep_len_mean        | 49       |
|    ep_rew_mean        | -49      |
|    success_rate       | 0.02     |
| time/                 |          |
|    fps                | 892      |
|    iterations         | 14600    |
|    time_elapsed       | 327      |
|    total_timesteps    | 292000   |
| train/                |          |
|    entropy_loss       | -5.4     |
|    explained_variance | 0.913    |
|    learning_rate      | 0.0007   |
|    n_updates          | 14599    |
|    policy_loss        | -0.00406 |
|    std                | 0.939    |
|    value_loss         | 6.86e-06 |
------------------------------------
------------------------------------
| rollout/              |          |
|    ep_len_mean        | 49       |
|    ep_rew_mean        | -49      |
|    success_rate       | 0.02     |
| time/                 |          |
|    fps                | 892      |
|    iterations         | 14700    |
|    time_elapsed       | 329      |
|    total_timesteps    | 294000   |
| train/                |          |
|    entropy_loss       | -5.41    |
|    explained_variance | 0.565    |
|    learning_rate      | 0.0007   |
|    n_updates          | 14699    |
|    policy_loss        | -0.0134  |
|    std                | 0.943    |
|    value_loss         | 5.1e-05  |
------------------------------------
------------------------------------
| rollout/              |          |
|    ep_len_mean        | 49.5     |
|    ep_rew_mean        | -49.5    |
|    success_rate       | 0.01     |
| time/                 |          |
|    fps                | 892      |
|    iterations         | 14800    |
|    time_elapsed       | 331      |
|    total_timesteps    | 296000   |
| train/                |          |
|    entropy_loss       | -5.43    |
|    explained_variance | 0.766    |
|    learning_rate      | 0.0007   |
|    n_updates          | 14799    |
|    policy_loss        | 0.00672  |
|    std                | 0.946    |
|    value_loss         | 2.72e-05 |
------------------------------------
------------------------------------
| rollout/              |          |
|    ep_len_mean        | 49.5     |
|    ep_rew_mean        | -49.5    |
|    success_rate       | 0.01     |
| time/                 |          |
|    fps                | 891      |
|    iterations         | 14900    |
|    time_elapsed       | 334      |
|    total_timesteps    | 298000   |
| train/                |          |
|    entropy_loss       | -5.45    |
|    explained_variance | 0.989    |
|    learning_rate      | 0.0007   |
|    n_updates          | 14899    |
|    policy_loss        | 0.00243  |
|    std                | 0.951    |
|    value_loss         | 1.05e-05 |
------------------------------------
-------------------------------------
| rollout/              |           |
|    ep_len_mean        | 49.6      |
|    ep_rew_mean        | -49.6     |
|    success_rate       | 0.01      |
| time/                 |           |
|    fps                | 891       |
|    iterations         | 15000     |
|    time_elapsed       | 336       |
|    total_timesteps    | 300000    |
| train/                |           |
|    entropy_loss       | -5.48     |
|    explained_variance | 0.684     |
|    learning_rate      | 0.0007    |
|    n_updates          | 14999     |
|    policy_loss        | -0.000729 |
|    std                | 0.959     |
|    value_loss         | 1.13e-05  |
-------------------------------------
------------------------------------
| rollout/              |          |
|    ep_len_mean        | 49.1     |
|    ep_rew_mean        | -49.1    |
|    success_rate       | 0.02     |
| time/                 |          |
|    fps                | 891      |
|    iterations         | 15100    |
|    time_elapsed       | 338      |
|    total_timesteps    | 302000   |
| train/                |          |
|    entropy_loss       | -5.49    |
|    explained_variance | 0.979    |
|    learning_rate      | 0.0007   |
|    n_updates          | 15099    |
|    policy_loss        | -0.00484 |
|    std                | 0.962    |
|    value_loss         | 7.36e-06 |
------------------------------------
------------------------------------
| rollout/              |          |
|    ep_len_mean        | 48.6     |
|    ep_rew_mean        | -48.6    |
|    success_rate       | 0.03     |
| time/                 |          |
|    fps                | 890      |
|    iterations         | 15200    |
|    time_elapsed       | 341      |
|    total_timesteps    | 304000   |
| train/                |          |
|    entropy_loss       | -5.48    |
|    explained_variance | 0.96     |
|    learning_rate      | 0.0007   |
|    n_updates          | 15199    |
|    policy_loss        | 0.00131  |
|    std                | 0.959    |
|    value_loss         | 5.5e-06  |
------------------------------------
------------------------------------
| rollout/              |          |
|    ep_len_mean        | 48.5     |
|    ep_rew_mean        | -48.5    |
|    success_rate       | 0.03     |
| time/                 |          |
|    fps                | 890      |
|    iterations         | 15300    |
|    time_elapsed       | 343      |
|    total_timesteps    | 306000   |
| train/                |          |
|    entropy_loss       | -5.46    |
|    explained_variance | 0.477    |
|    learning_rate      | 0.0007   |
|    n_updates          | 15299    |
|    policy_loss        | -0.0433  |
|    std                | 0.953    |
|    value_loss         | 0.000188 |
------------------------------------
------------------------------------
| rollout/              |          |
|    ep_len_mean        | 48.5     |
|    ep_rew_mean        | -48.5    |
|    success_rate       | 0.03     |
| time/                 |          |
|    fps                | 890      |
|    iterations         | 15400    |
|    time_elapsed       | 346      |
|    total_timesteps    | 308000   |
| train/                |          |
|    entropy_loss       | -5.46    |
|    explained_variance | 0.324    |
|    learning_rate      | 0.0007   |
|    n_updates          | 15399    |
|    policy_loss        | -0.016   |
|    std                | 0.953    |
|    value_loss         | 6.9e-05  |
------------------------------------
------------------------------------
| rollout/              |          |
|    ep_len_mean        | 49       |
|    ep_rew_mean        | -49      |
|    success_rate       | 0.02     |
| time/                 |          |
|    fps                | 889      |
|    iterations         | 15500    |
|    time_elapsed       | 348      |
|    total_timesteps    | 310000   |
| train/                |          |
|    entropy_loss       | -5.46    |
|    explained_variance | 0.589    |
|    learning_rate      | 0.0007   |
|    n_updates          | 15499    |
|    policy_loss        | -0.00803 |
|    std                | 0.953    |
|    value_loss         | 1.67e-05 |
------------------------------------
------------------------------------
| rollout/              |          |
|    ep_len_mean        | 50       |
|    ep_rew_mean        | -50      |
|    success_rate       | 0        |
| time/                 |          |
|    fps                | 889      |
|    iterations         | 15600    |
|    time_elapsed       | 350      |
|    total_timesteps    | 312000   |
| train/                |          |
|    entropy_loss       | -5.47    |
|    explained_variance | 0.873    |
|    learning_rate      | 0.0007   |
|    n_updates          | 15599    |
|    policy_loss        | -0.0196  |
|    std                | 0.956    |
|    value_loss         | 0.000145 |
------------------------------------
------------------------------------
| rollout/              |          |
|    ep_len_mean        | 50       |
|    ep_rew_mean        | -50      |
|    success_rate       | 0        |
| time/                 |          |
|    fps                | 889      |
|    iterations         | 15700    |
|    time_elapsed       | 352      |
|    total_timesteps    | 314000   |
| train/                |          |
|    entropy_loss       | -5.47    |
|    explained_variance | 0.837    |
|    learning_rate      | 0.0007   |
|    n_updates          | 15699    |
|    policy_loss        | 0.00233  |
|    std                | 0.957    |
|    value_loss         | 7.25e-06 |
------------------------------------
------------------------------------
| rollout/              |          |
|    ep_len_mean        | 49       |
|    ep_rew_mean        | -49      |
|    success_rate       | 0.02     |
| time/                 |          |
|    fps                | 889      |
|    iterations         | 15800    |
|    time_elapsed       | 355      |
|    total_timesteps    | 316000   |
| train/                |          |
|    entropy_loss       | -5.48    |
|    explained_variance | 0.874    |
|    learning_rate      | 0.0007   |
|    n_updates          | 15799    |
|    policy_loss        | -0.00234 |
|    std                | 0.957    |
|    value_loss         | 2.8e-06  |
------------------------------------
------------------------------------
| rollout/              |          |
|    ep_len_mean        | 48       |
|    ep_rew_mean        | -48      |
|    success_rate       | 0.04     |
| time/                 |          |
|    fps                | 889      |
|    iterations         | 15900    |
|    time_elapsed       | 357      |
|    total_timesteps    | 318000   |
| train/                |          |
|    entropy_loss       | -5.44    |
|    explained_variance | 0.619    |
|    learning_rate      | 0.0007   |
|    n_updates          | 15899    |
|    policy_loss        | -0.00977 |
|    std                | 0.948    |
|    value_loss         | 4.06e-05 |
------------------------------------
------------------------------------
| rollout/              |          |
|    ep_len_mean        | 49       |
|    ep_rew_mean        | -49      |
|    success_rate       | 0.02     |
| time/                 |          |
|    fps                | 889      |
|    iterations         | 16000    |
|    time_elapsed       | 359      |
|    total_timesteps    | 320000   |
| train/                |          |
|    entropy_loss       | -5.44    |
|    explained_variance | 0.985    |
|    learning_rate      | 0.0007   |
|    n_updates          | 15999    |
|    policy_loss        | 0.00413  |
|    std                | 0.948    |
|    value_loss         | 1.67e-05 |
------------------------------------
------------------------------------
| rollout/              |          |
|    ep_len_mean        | 49.5     |
|    ep_rew_mean        | -49.5    |
|    success_rate       | 0.01     |
| time/                 |          |
|    fps                | 889      |
|    iterations         | 16100    |
|    time_elapsed       | 361      |
|    total_timesteps    | 322000   |
| train/                |          |
|    entropy_loss       | -5.44    |
|    explained_variance | 0.925    |
|    learning_rate      | 0.0007   |
|    n_updates          | 16099    |
|    policy_loss        | 0.00372  |
|    std                | 0.948    |
|    value_loss         | 6.08e-06 |
------------------------------------
------------------------------------
| rollout/              |          |
|    ep_len_mean        | 49.5     |
|    ep_rew_mean        | -49.5    |
|    success_rate       | 0.01     |
| time/                 |          |
|    fps                | 888      |
|    iterations         | 16200    |
|    time_elapsed       | 364      |
|    total_timesteps    | 324000   |
| train/                |          |
|    entropy_loss       | -5.44    |
|    explained_variance | 0.888    |
|    learning_rate      | 0.0007   |
|    n_updates          | 16199    |
|    policy_loss        | -0.00273 |
|    std                | 0.949    |
|    value_loss         | 1.29e-05 |
------------------------------------
------------------------------------
| rollout/              |          |
|    ep_len_mean        | 49.5     |
|    ep_rew_mean        | -49.5    |
|    success_rate       | 0.01     |
| time/                 |          |
|    fps                | 888      |
|    iterations         | 16300    |
|    time_elapsed       | 366      |
|    total_timesteps    | 326000   |
| train/                |          |
|    entropy_loss       | -5.41    |
|    explained_variance | 0.958    |
|    learning_rate      | 0.0007   |
|    n_updates          | 16299    |
|    policy_loss        | 0.00447  |
|    std                | 0.943    |
|    value_loss         | 3.95e-06 |
------------------------------------
------------------------------------
| rollout/              |          |
|    ep_len_mean        | 49       |
|    ep_rew_mean        | -49      |
|    success_rate       | 0.02     |
| time/                 |          |
|    fps                | 888      |
|    iterations         | 16400    |
|    time_elapsed       | 369      |
|    total_timesteps    | 328000   |
| train/                |          |
|    entropy_loss       | -5.42    |
|    explained_variance | 0.535    |
|    learning_rate      | 0.0007   |
|    n_updates          | 16399    |
|    policy_loss        | -0.0142  |
|    std                | 0.944    |
|    value_loss         | 2.99e-05 |
------------------------------------
------------------------------------
| rollout/              |          |
|    ep_len_mean        | 48.5     |
|    ep_rew_mean        | -48.5    |
|    success_rate       | 0.03     |
| time/                 |          |
|    fps                | 887      |
|    iterations         | 16500    |
|    time_elapsed       | 371      |
|    total_timesteps    | 330000   |
| train/                |          |
|    entropy_loss       | -5.43    |
|    explained_variance | 0.865    |
|    learning_rate      | 0.0007   |
|    n_updates          | 16499    |
|    policy_loss        | -0.00844 |
|    std                | 0.948    |
|    value_loss         | 8.55e-06 |
------------------------------------
------------------------------------
| rollout/              |          |
|    ep_len_mean        | 48.5     |
|    ep_rew_mean        | -48.5    |
|    success_rate       | 0.03     |
| time/                 |          |
|    fps                | 887      |
|    iterations         | 16600    |
|    time_elapsed       | 374      |
|    total_timesteps    | 332000   |
| train/                |          |
|    entropy_loss       | -5.42    |
|    explained_variance | 0.863    |
|    learning_rate      | 0.0007   |
|    n_updates          | 16599    |
|    policy_loss        | -0.00502 |
|    std                | 0.944    |
|    value_loss         | 1.52e-05 |
------------------------------------
------------------------------------
| rollout/              |          |
|    ep_len_mean        | 49       |
|    ep_rew_mean        | -49      |
|    success_rate       | 0.02     |
| time/                 |          |
|    fps                | 887      |
|    iterations         | 16700    |
|    time_elapsed       | 376      |
|    total_timesteps    | 334000   |
| train/                |          |
|    entropy_loss       | -5.4     |
|    explained_variance | 0.923    |
|    learning_rate      | 0.0007   |
|    n_updates          | 16699    |
|    policy_loss        | -0.00277 |
|    std                | 0.94     |
|    value_loss         | 2.64e-06 |
------------------------------------
------------------------------------
| rollout/              |          |
|    ep_len_mean        | 48.5     |
|    ep_rew_mean        | -48.5    |
|    success_rate       | 0.03     |
| time/                 |          |
|    fps                | 886      |
|    iterations         | 16800    |
|    time_elapsed       | 378      |
|    total_timesteps    | 336000   |
| train/                |          |
|    entropy_loss       | -5.38    |
|    explained_variance | 0.712    |
|    learning_rate      | 0.0007   |
|    n_updates          | 16799    |
|    policy_loss        | -0.0101  |
|    std                | 0.936    |
|    value_loss         | 9.43e-05 |
------------------------------------
-------------------------------------
| rollout/              |           |
|    ep_len_mean        | 49        |
|    ep_rew_mean        | -49       |
|    success_rate       | 0.02      |
| time/                 |           |
|    fps                | 886       |
|    iterations         | 16900     |
|    time_elapsed       | 381       |
|    total_timesteps    | 338000    |
| train/                |           |
|    entropy_loss       | -5.38     |
|    explained_variance | 0.627     |
|    learning_rate      | 0.0007    |
|    n_updates          | 16899     |
|    policy_loss        | -0.000257 |
|    std                | 0.937     |
|    value_loss         | 4.85e-06  |
-------------------------------------
------------------------------------
| rollout/              |          |
|    ep_len_mean        | 48.5     |
|    ep_rew_mean        | -48.5    |
|    success_rate       | 0.03     |
| time/                 |          |
|    fps                | 886      |
|    iterations         | 17000    |
|    time_elapsed       | 383      |
|    total_timesteps    | 340000   |
| train/                |          |
|    entropy_loss       | -5.39    |
|    explained_variance | 0.921    |
|    learning_rate      | 0.0007   |
|    n_updates          | 16999    |
|    policy_loss        | -0.00208 |
|    std                | 0.937    |
|    value_loss         | 1.04e-05 |
------------------------------------
------------------------------------
| rollout/              |          |
|    ep_len_mean        | 48.5     |
|    ep_rew_mean        | -48.5    |
|    success_rate       | 0.03     |
| time/                 |          |
|    fps                | 885      |
|    iterations         | 17100    |
|    time_elapsed       | 386      |
|    total_timesteps    | 342000   |
| train/                |          |
|    entropy_loss       | -5.39    |
|    explained_variance | 0.139    |
|    learning_rate      | 0.0007   |
|    n_updates          | 17099    |
|    policy_loss        | -0.0137  |
|    std                | 0.939    |
|    value_loss         | 0.000207 |
------------------------------------
------------------------------------
| rollout/              |          |
|    ep_len_mean        | 48.5     |
|    ep_rew_mean        | -48.5    |
|    success_rate       | 0.03     |
| time/                 |          |
|    fps                | 885      |
|    iterations         | 17200    |
|    time_elapsed       | 388      |
|    total_timesteps    | 344000   |
| train/                |          |
|    entropy_loss       | -5.38    |
|    explained_variance | 0.88     |
|    learning_rate      | 0.0007   |
|    n_updates          | 17199    |
|    policy_loss        | -0.00645 |
|    std                | 0.935    |
|    value_loss         | 1.05e-05 |
------------------------------------
------------------------------------
| rollout/              |          |
|    ep_len_mean        | 48.5     |
|    ep_rew_mean        | -48.5    |
|    success_rate       | 0.03     |
| time/                 |          |
|    fps                | 884      |
|    iterations         | 17300    |
|    time_elapsed       | 391      |
|    total_timesteps    | 346000   |
| train/                |          |
|    entropy_loss       | -5.37    |
|    explained_variance | 0.0786   |
|    learning_rate      | 0.0007   |
|    n_updates          | 17299    |
|    policy_loss        | -0.0204  |
|    std                | 0.933    |
|    value_loss         | 0.000154 |
------------------------------------
------------------------------------
| rollout/              |          |
|    ep_len_mean        | 49.5     |
|    ep_rew_mean        | -49.5    |
|    success_rate       | 0.01     |
| time/                 |          |
|    fps                | 884      |
|    iterations         | 17400    |
|    time_elapsed       | 393      |
|    total_timesteps    | 348000   |
| train/                |          |
|    entropy_loss       | -5.37    |
|    explained_variance | 0.826    |
|    learning_rate      | 0.0007   |
|    n_updates          | 17399    |
|    policy_loss        | 0.0164   |
|    std                | 0.933    |
|    value_loss         | 5.32e-05 |
------------------------------------
------------------------------------
| rollout/              |          |
|    ep_len_mean        | 49.5     |
|    ep_rew_mean        | -49.5    |
|    success_rate       | 0.01     |
| time/                 |          |
|    fps                | 883      |
|    iterations         | 17500    |
|    time_elapsed       | 396      |
|    total_timesteps    | 350000   |
| train/                |          |
|    entropy_loss       | -5.36    |
|    explained_variance | 0.977    |
|    learning_rate      | 0.0007   |
|    n_updates          | 17499    |
|    policy_loss        | 0.00589  |
|    std                | 0.932    |
|    value_loss         | 2.63e-05 |
------------------------------------
------------------------------------
| rollout/              |          |
|    ep_len_mean        | 49       |
|    ep_rew_mean        | -49      |
|    success_rate       | 0.02     |
| time/                 |          |
|    fps                | 882      |
|    iterations         | 17600    |
|    time_elapsed       | 398      |
|    total_timesteps    | 352000   |
| train/                |          |
|    entropy_loss       | -5.37    |
|    explained_variance | 0.904    |
|    learning_rate      | 0.0007   |
|    n_updates          | 17599    |
|    policy_loss        | -0.00769 |
|    std                | 0.933    |
|    value_loss         | 1.19e-05 |
------------------------------------
------------------------------------
| rollout/              |          |
|    ep_len_mean        | 49       |
|    ep_rew_mean        | -49      |
|    success_rate       | 0.02     |
| time/                 |          |
|    fps                | 882      |
|    iterations         | 17700    |
|    time_elapsed       | 401      |
|    total_timesteps    | 354000   |
| train/                |          |
|    entropy_loss       | -5.36    |
|    explained_variance | 0.554    |
|    learning_rate      | 0.0007   |
|    n_updates          | 17699    |
|    policy_loss        | -0.00568 |
|    std                | 0.932    |
|    value_loss         | 4.53e-05 |
------------------------------------
-------------------------------------
| rollout/              |           |
|    ep_len_mean        | 49        |
|    ep_rew_mean        | -49       |
|    success_rate       | 0.02      |
| time/                 |           |
|    fps                | 881       |
|    iterations         | 17800     |
|    time_elapsed       | 403       |
|    total_timesteps    | 356000    |
| train/                |           |
|    entropy_loss       | -5.34     |
|    explained_variance | 0.991     |
|    learning_rate      | 0.0007    |
|    n_updates          | 17799     |
|    policy_loss        | -0.000905 |
|    std                | 0.926     |
|    value_loss         | 1.69e-07  |
-------------------------------------
------------------------------------
| rollout/              |          |
|    ep_len_mean        | 48       |
|    ep_rew_mean        | -48      |
|    success_rate       | 0.04     |
| time/                 |          |
|    fps                | 881      |
|    iterations         | 17900    |
|    time_elapsed       | 406      |
|    total_timesteps    | 358000   |
| train/                |          |
|    entropy_loss       | -5.33    |
|    explained_variance | 0.983    |
|    learning_rate      | 0.0007   |
|    n_updates          | 17899    |
|    policy_loss        | 0.00711  |
|    std                | 0.926    |
|    value_loss         | 4.84e-06 |
------------------------------------
------------------------------------
| rollout/              |          |
|    ep_len_mean        | 47.5     |
|    ep_rew_mean        | -47.5    |
|    success_rate       | 0.05     |
| time/                 |          |
|    fps                | 881      |
|    iterations         | 18000    |
|    time_elapsed       | 408      |
|    total_timesteps    | 360000   |
| train/                |          |
|    entropy_loss       | -5.33    |
|    explained_variance | 0.793    |
|    learning_rate      | 0.0007   |
|    n_updates          | 17999    |
|    policy_loss        | -0.00217 |
|    std                | 0.926    |
|    value_loss         | 7.57e-07 |
------------------------------------
------------------------------------
| rollout/              |          |
|    ep_len_mean        | 47.1     |
|    ep_rew_mean        | -47      |
|    success_rate       | 0.06     |
| time/                 |          |
|    fps                | 880      |
|    iterations         | 18100    |
|    time_elapsed       | 411      |
|    total_timesteps    | 362000   |
| train/                |          |
|    entropy_loss       | -5.32    |
|    explained_variance | 0.958    |
|    learning_rate      | 0.0007   |
|    n_updates          | 18099    |
|    policy_loss        | 0.000623 |
|    std                | 0.923    |
|    value_loss         | 5.14e-06 |
------------------------------------
------------------------------------
| rollout/              |          |
|    ep_len_mean        | 47.6     |
|    ep_rew_mean        | -47.6    |
|    success_rate       | 0.05     |
| time/                 |          |
|    fps                | 880      |
|    iterations         | 18200    |
|    time_elapsed       | 413      |
|    total_timesteps    | 364000   |
| train/                |          |
|    entropy_loss       | -5.31    |
|    explained_variance | 0.941    |
|    learning_rate      | 0.0007   |
|    n_updates          | 18199    |
|    policy_loss        | -0.00571 |
|    std                | 0.92     |
|    value_loss         | 3.81e-06 |
------------------------------------
------------------------------------
| rollout/              |          |
|    ep_len_mean        | 47.1     |
|    ep_rew_mean        | -47.1    |
|    success_rate       | 0.06     |
| time/                 |          |
|    fps                | 879      |
|    iterations         | 18300    |
|    time_elapsed       | 416      |
|    total_timesteps    | 366000   |
| train/                |          |
|    entropy_loss       | -5.32    |
|    explained_variance | 0.993    |
|    learning_rate      | 0.0007   |
|    n_updates          | 18299    |
|    policy_loss        | 0.000296 |
|    std                | 0.922    |
|    value_loss         | 1.9e-06  |
------------------------------------
------------------------------------
| rollout/              |          |
|    ep_len_mean        | 48       |
|    ep_rew_mean        | -48      |
|    success_rate       | 0.04     |
| time/                 |          |
|    fps                | 879      |
|    iterations         | 18400    |
|    time_elapsed       | 418      |
|    total_timesteps    | 368000   |
| train/                |          |
|    entropy_loss       | -5.33    |
|    explained_variance | 0.96     |
|    learning_rate      | 0.0007   |
|    n_updates          | 18399    |
|    policy_loss        | 0.00509  |
|    std                | 0.925    |
|    value_loss         | 3.03e-06 |
------------------------------------
------------------------------------
| rollout/              |          |
|    ep_len_mean        | 48.5     |
|    ep_rew_mean        | -48.5    |
|    success_rate       | 0.03     |
| time/                 |          |
|    fps                | 878      |
|    iterations         | 18500    |
|    time_elapsed       | 421      |
|    total_timesteps    | 370000   |
| train/                |          |
|    entropy_loss       | -5.3     |
|    explained_variance | 0.993    |
|    learning_rate      | 0.0007   |
|    n_updates          | 18499    |
|    policy_loss        | 0.006    |
|    std                | 0.918    |
|    value_loss         | 2.14e-06 |
------------------------------------
------------------------------------
| rollout/              |          |
|    ep_len_mean        | 48       |
|    ep_rew_mean        | -48      |
|    success_rate       | 0.04     |
| time/                 |          |
|    fps                | 878      |
|    iterations         | 18600    |
|    time_elapsed       | 423      |
|    total_timesteps    | 372000   |
| train/                |          |
|    entropy_loss       | -5.29    |
|    explained_variance | 0.997    |
|    learning_rate      | 0.0007   |
|    n_updates          | 18599    |
|    policy_loss        | 0.00456  |
|    std                | 0.916    |
|    value_loss         | 3.58e-06 |
------------------------------------
------------------------------------
| rollout/              |          |
|    ep_len_mean        | 48       |
|    ep_rew_mean        | -48      |
|    success_rate       | 0.04     |
| time/                 |          |
|    fps                | 877      |
|    iterations         | 18700    |
|    time_elapsed       | 426      |
|    total_timesteps    | 374000   |
| train/                |          |
|    entropy_loss       | -5.3     |
|    explained_variance | 0.994    |
|    learning_rate      | 0.0007   |
|    n_updates          | 18699    |
|    policy_loss        | 0.00896  |
|    std                | 0.916    |
|    value_loss         | 4.96e-06 |
------------------------------------
------------------------------------
| rollout/              |          |
|    ep_len_mean        | 48.5     |
|    ep_rew_mean        | -48.5    |
|    success_rate       | 0.03     |
| time/                 |          |
|    fps                | 877      |
|    iterations         | 18800    |
|    time_elapsed       | 428      |
|    total_timesteps    | 376000   |
| train/                |          |
|    entropy_loss       | -5.28    |
|    explained_variance | 0.7      |
|    learning_rate      | 0.0007   |
|    n_updates          | 18799    |
|    policy_loss        | 0.00221  |
|    std                | 0.913    |
|    value_loss         | 3.09e-06 |
------------------------------------
------------------------------------
| rollout/              |          |
|    ep_len_mean        | 48.6     |
|    ep_rew_mean        | -48.6    |
|    success_rate       | 0.03     |
| time/                 |          |
|    fps                | 878      |
|    iterations         | 18900    |
|    time_elapsed       | 430      |
|    total_timesteps    | 378000   |
| train/                |          |
|    entropy_loss       | -5.29    |
|    explained_variance | 0.972    |
|    learning_rate      | 0.0007   |
|    n_updates          | 18899    |
|    policy_loss        | 0.0182   |
|    std                | 0.915    |
|    value_loss         | 2.65e-05 |
------------------------------------
------------------------------------
| rollout/              |          |
|    ep_len_mean        | 48.6     |
|    ep_rew_mean        | -48.6    |
|    success_rate       | 0.03     |
| time/                 |          |
|    fps                | 878      |
|    iterations         | 19000    |
|    time_elapsed       | 432      |
|    total_timesteps    | 380000   |
| train/                |          |
|    entropy_loss       | -5.28    |
|    explained_variance | 0.997    |
|    learning_rate      | 0.0007   |
|    n_updates          | 18999    |
|    policy_loss        | 0.00266  |
|    std                | 0.911    |
|    value_loss         | 5.81e-07 |
------------------------------------
------------------------------------
| rollout/              |          |
|    ep_len_mean        | 49.1     |
|    ep_rew_mean        | -49.1    |
|    success_rate       | 0.02     |
| time/                 |          |
|    fps                | 879      |
|    iterations         | 19100    |
|    time_elapsed       | 434      |
|    total_timesteps    | 382000   |
| train/                |          |
|    entropy_loss       | -5.28    |
|    explained_variance | 0.982    |
|    learning_rate      | 0.0007   |
|    n_updates          | 19099    |
|    policy_loss        | 0.00326  |
|    std                | 0.913    |
|    value_loss         | 1.03e-06 |
------------------------------------
------------------------------------
| rollout/              |          |
|    ep_len_mean        | 49       |
|    ep_rew_mean        | -49      |
|    success_rate       | 0.02     |
| time/                 |          |
|    fps                | 880      |
|    iterations         | 19200    |
|    time_elapsed       | 436      |
|    total_timesteps    | 384000   |
| train/                |          |
|    entropy_loss       | -5.27    |
|    explained_variance | 0.998    |
|    learning_rate      | 0.0007   |
|    n_updates          | 19199    |
|    policy_loss        | 0.000186 |
|    std                | 0.91     |
|    value_loss         | 1.31e-07 |
------------------------------------
------------------------------------
| rollout/              |          |
|    ep_len_mean        | 49.5     |
|    ep_rew_mean        | -49.5    |
|    success_rate       | 0.01     |
| time/                 |          |
|    fps                | 880      |
|    iterations         | 19300    |
|    time_elapsed       | 438      |
|    total_timesteps    | 386000   |
| train/                |          |
|    entropy_loss       | -5.27    |
|    explained_variance | 0.998    |
|    learning_rate      | 0.0007   |
|    n_updates          | 19299    |
|    policy_loss        | -0.00203 |
|    std                | 0.909    |
|    value_loss         | 2.85e-07 |
------------------------------------
-------------------------------------
| rollout/              |           |
|    ep_len_mean        | 50        |
|    ep_rew_mean        | -50       |
|    success_rate       | 0         |
| time/                 |           |
|    fps                | 881       |
|    iterations         | 19400     |
|    time_elapsed       | 440       |
|    total_timesteps    | 388000    |
| train/                |           |
|    entropy_loss       | -5.28     |
|    explained_variance | 0.996     |
|    learning_rate      | 0.0007    |
|    n_updates          | 19399     |
|    policy_loss        | -3.55e-05 |
|    std                | 0.911     |
|    value_loss         | 3.55e-08  |
-------------------------------------
------------------------------------
| rollout/              |          |
|    ep_len_mean        | 49.5     |
|    ep_rew_mean        | -49.5    |
|    success_rate       | 0.01     |
| time/                 |          |
|    fps                | 881      |
|    iterations         | 19500    |
|    time_elapsed       | 442      |
|    total_timesteps    | 390000   |
| train/                |          |
|    entropy_loss       | -5.28    |
|    explained_variance | 0.99     |
|    learning_rate      | 0.0007   |
|    n_updates          | 19499    |
|    policy_loss        | 0.00255  |
|    std                | 0.912    |
|    value_loss         | 4.8e-07  |
------------------------------------
------------------------------------
| rollout/              |          |
|    ep_len_mean        | 48.6     |
|    ep_rew_mean        | -48.6    |
|    success_rate       | 0.03     |
| time/                 |          |
|    fps                | 882      |
|    iterations         | 19600    |
|    time_elapsed       | 444      |
|    total_timesteps    | 392000   |
| train/                |          |
|    entropy_loss       | -5.28    |
|    explained_variance | 0.938    |
|    learning_rate      | 0.0007   |
|    n_updates          | 19599    |
|    policy_loss        | -0.0108  |
|    std                | 0.912    |
|    value_loss         | 6.89e-06 |
------------------------------------
-------------------------------------
| rollout/              |           |
|    ep_len_mean        | 48.1      |
|    ep_rew_mean        | -48.1     |
|    success_rate       | 0.04      |
| time/                 |           |
|    fps                | 882       |
|    iterations         | 19700     |
|    time_elapsed       | 446       |
|    total_timesteps    | 394000    |
| train/                |           |
|    entropy_loss       | -5.26     |
|    explained_variance | 0.762     |
|    learning_rate      | 0.0007    |
|    n_updates          | 19699     |
|    policy_loss        | -0.000453 |
|    std                | 0.907     |
|    value_loss         | 3.74e-06  |
-------------------------------------
------------------------------------
| rollout/              |          |
|    ep_len_mean        | 47.1     |
|    ep_rew_mean        | -47.1    |
|    success_rate       | 0.06     |
| time/                 |          |
|    fps                | 883      |
|    iterations         | 19800    |
|    time_elapsed       | 448      |
|    total_timesteps    | 396000   |
| train/                |          |
|    entropy_loss       | -5.27    |
|    explained_variance | 0.877    |
|    learning_rate      | 0.0007   |
|    n_updates          | 19799    |
|    policy_loss        | 0.00717  |
|    std                | 0.909    |
|    value_loss         | 3.56e-06 |
------------------------------------
------------------------------------
| rollout/              |          |
|    ep_len_mean        | 46.6     |
|    ep_rew_mean        | -46.5    |
|    success_rate       | 0.07     |
| time/                 |          |
|    fps                | 884      |
|    iterations         | 19900    |
|    time_elapsed       | 450      |
|    total_timesteps    | 398000   |
| train/                |          |
|    entropy_loss       | -5.25    |
|    explained_variance | 0.974    |
|    learning_rate      | 0.0007   |
|    n_updates          | 19899    |
|    policy_loss        | 0.00846  |
|    std                | 0.906    |
|    value_loss         | 4.61e-06 |
------------------------------------
-------------------------------------
| rollout/              |           |
|    ep_len_mean        | 48        |
|    ep_rew_mean        | -48       |
|    success_rate       | 0.04      |
| time/                 |           |
|    fps                | 884       |
|    iterations         | 20000     |
|    time_elapsed       | 451       |
|    total_timesteps    | 400000    |
| train/                |           |
|    entropy_loss       | -5.26     |
|    explained_variance | 0.794     |
|    learning_rate      | 0.0007    |
|    n_updates          | 19999     |
|    policy_loss        | -3.74e-05 |
|    std                | 0.907     |
|    value_loss         | 3.11e-06  |
-------------------------------------
-------------------------------------
| rollout/              |           |
|    ep_len_mean        | 48        |
|    ep_rew_mean        | -48       |
|    success_rate       | 0.04      |
| time/                 |           |
|    fps                | 885       |
|    iterations         | 20100     |
|    time_elapsed       | 453       |
|    total_timesteps    | 402000    |
| train/                |           |
|    entropy_loss       | -5.28     |
|    explained_variance | 0.924     |
|    learning_rate      | 0.0007    |
|    n_updates          | 20099     |
|    policy_loss        | -0.000737 |
|    std                | 0.912     |
|    value_loss         | 6.65e-06  |
-------------------------------------
-------------------------------------
| rollout/              |           |
|    ep_len_mean        | 48.5      |
|    ep_rew_mean        | -48.5     |
|    success_rate       | 0.03      |
| time/                 |           |
|    fps                | 886       |
|    iterations         | 20200     |
|    time_elapsed       | 455       |
|    total_timesteps    | 404000    |
| train/                |           |
|    entropy_loss       | -5.27     |
|    explained_variance | 0.991     |
|    learning_rate      | 0.0007    |
|    n_updates          | 20199     |
|    policy_loss        | -0.000156 |
|    std                | 0.911     |
|    value_loss         | 2.19e-06  |
-------------------------------------
------------------------------------
| rollout/              |          |
|    ep_len_mean        | 48.5     |
|    ep_rew_mean        | -48.5    |
|    success_rate       | 0.03     |
| time/                 |          |
|    fps                | 887      |
|    iterations         | 20300    |
|    time_elapsed       | 457      |
|    total_timesteps    | 406000   |
| train/                |          |
|    entropy_loss       | -5.28    |
|    explained_variance | 0.984    |
|    learning_rate      | 0.0007   |
|    n_updates          | 20299    |
|    policy_loss        | 0.00256  |
|    std                | 0.913    |
|    value_loss         | 2.56e-06 |
------------------------------------
------------------------------------
| rollout/              |          |
|    ep_len_mean        | 49       |
|    ep_rew_mean        | -49      |
|    success_rate       | 0.02     |
| time/                 |          |
|    fps                | 888      |
|    iterations         | 20400    |
|    time_elapsed       | 459      |
|    total_timesteps    | 408000   |
| train/                |          |
|    entropy_loss       | -5.27    |
|    explained_variance | -0.0333  |
|    learning_rate      | 0.0007   |
|    n_updates          | 20399    |
|    policy_loss        | -0.00605 |
|    std                | 0.908    |
|    value_loss         | 2.3e-05  |
------------------------------------
------------------------------------
| rollout/              |          |
|    ep_len_mean        | 49       |
|    ep_rew_mean        | -49      |
|    success_rate       | 0.02     |
| time/                 |          |
|    fps                | 889      |
|    iterations         | 20500    |
|    time_elapsed       | 461      |
|    total_timesteps    | 410000   |
| train/                |          |
|    entropy_loss       | -5.27    |
|    explained_variance | 0.974    |
|    learning_rate      | 0.0007   |
|    n_updates          | 20499    |
|    policy_loss        | 0.00281  |
|    std                | 0.911    |
|    value_loss         | 1.39e-06 |
------------------------------------
------------------------------------
| rollout/              |          |
|    ep_len_mean        | 49.5     |
|    ep_rew_mean        | -49.5    |
|    success_rate       | 0.01     |
| time/                 |          |
|    fps                | 889      |
|    iterations         | 20600    |
|    time_elapsed       | 462      |
|    total_timesteps    | 412000   |
| train/                |          |
|    entropy_loss       | -5.28    |
|    explained_variance | 0.979    |
|    learning_rate      | 0.0007   |
|    n_updates          | 20599    |
|    policy_loss        | 0.000365 |
|    std                | 0.911    |
|    value_loss         | 8.15e-07 |
------------------------------------
------------------------------------
| rollout/              |          |
|    ep_len_mean        | 49       |
|    ep_rew_mean        | -49      |
|    success_rate       | 0.02     |
| time/                 |          |
|    fps                | 890      |
|    iterations         | 20700    |
|    time_elapsed       | 464      |
|    total_timesteps    | 414000   |
| train/                |          |
|    entropy_loss       | -5.29    |
|    explained_variance | 0.999    |
|    learning_rate      | 0.0007   |
|    n_updates          | 20699    |
|    policy_loss        | 0.011    |
|    std                | 0.913    |
|    value_loss         | 8.35e-06 |
------------------------------------
------------------------------------
| rollout/              |          |
|    ep_len_mean        | 48       |
|    ep_rew_mean        | -48      |
|    success_rate       | 0.04     |
| time/                 |          |
|    fps                | 891      |
|    iterations         | 20800    |
|    time_elapsed       | 466      |
|    total_timesteps    | 416000   |
| train/                |          |
|    entropy_loss       | -5.26    |
|    explained_variance | 0.911    |
|    learning_rate      | 0.0007   |
|    n_updates          | 20799    |
|    policy_loss        | -0.00627 |
|    std                | 0.907    |
|    value_loss         | 4.42e-05 |
------------------------------------
------------------------------------
| rollout/              |          |
|    ep_len_mean        | 46.6     |
|    ep_rew_mean        | -46.5    |
|    success_rate       | 0.07     |
| time/                 |          |
|    fps                | 892      |
|    iterations         | 20900    |
|    time_elapsed       | 468      |
|    total_timesteps    | 418000   |
| train/                |          |
|    entropy_loss       | -5.26    |
|    explained_variance | 0.996    |
|    learning_rate      | 0.0007   |
|    n_updates          | 20899    |
|    policy_loss        | 0.000899 |
|    std                | 0.907    |
|    value_loss         | 9.48e-07 |
------------------------------------
------------------------------------
| rollout/              |          |
|    ep_len_mean        | 48       |
|    ep_rew_mean        | -48      |
|    success_rate       | 0.04     |
| time/                 |          |
|    fps                | 892      |
|    iterations         | 21000    |
|    time_elapsed       | 470      |
|    total_timesteps    | 420000   |
| train/                |          |
|    entropy_loss       | -5.23    |
|    explained_variance | 0.984    |
|    learning_rate      | 0.0007   |
|    n_updates          | 20999    |
|    policy_loss        | -0.00151 |
|    std                | 0.9      |
|    value_loss         | 1.34e-06 |
------------------------------------
------------------------------------
| rollout/              |          |
|    ep_len_mean        | 48       |
|    ep_rew_mean        | -48      |
|    success_rate       | 0.04     |
| time/                 |          |
|    fps                | 893      |
|    iterations         | 21100    |
|    time_elapsed       | 472      |
|    total_timesteps    | 422000   |
| train/                |          |
|    entropy_loss       | -5.23    |
|    explained_variance | 0.956    |
|    learning_rate      | 0.0007   |
|    n_updates          | 21099    |
|    policy_loss        | 0.000528 |
|    std                | 0.901    |
|    value_loss         | 1.08e-05 |
------------------------------------
------------------------------------
| rollout/              |          |
|    ep_len_mean        | 49       |
|    ep_rew_mean        | -49      |
|    success_rate       | 0.02     |
| time/                 |          |
|    fps                | 894      |
|    iterations         | 21200    |
|    time_elapsed       | 474      |
|    total_timesteps    | 424000   |
| train/                |          |
|    entropy_loss       | -5.21    |
|    explained_variance | 0.963    |
|    learning_rate      | 0.0007   |
|    n_updates          | 21199    |
|    policy_loss        | 0.00302  |
|    std                | 0.897    |
|    value_loss         | 1.16e-06 |
------------------------------------
------------------------------------
| rollout/              |          |
|    ep_len_mean        | 48       |
|    ep_rew_mean        | -48      |
|    success_rate       | 0.04     |
| time/                 |          |
|    fps                | 895      |
|    iterations         | 21300    |
|    time_elapsed       | 475      |
|    total_timesteps    | 426000   |
| train/                |          |
|    entropy_loss       | -5.21    |
|    explained_variance | 0.952    |
|    learning_rate      | 0.0007   |
|    n_updates          | 21299    |
|    policy_loss        | -0.00231 |
|    std                | 0.897    |
|    value_loss         | 6.49e-06 |
------------------------------------
------------------------------------
| rollout/              |          |
|    ep_len_mean        | 46.6     |
|    ep_rew_mean        | -46.5    |
|    success_rate       | 0.07     |
| time/                 |          |
|    fps                | 895      |
|    iterations         | 21400    |
|    time_elapsed       | 477      |
|    total_timesteps    | 428000   |
| train/                |          |
|    entropy_loss       | -5.21    |
|    explained_variance | 0.915    |
|    learning_rate      | 0.0007   |
|    n_updates          | 21399    |
|    policy_loss        | -0.0426  |
|    std                | 0.896    |
|    value_loss         | 0.000224 |
------------------------------------
------------------------------------
| rollout/              |          |
|    ep_len_mean        | 47.5     |
|    ep_rew_mean        | -47.5    |
|    success_rate       | 0.05     |
| time/                 |          |
|    fps                | 896      |
|    iterations         | 21500    |
|    time_elapsed       | 479      |
|    total_timesteps    | 430000   |
| train/                |          |
|    entropy_loss       | -5.22    |
|    explained_variance | 0.98     |
|    learning_rate      | 0.0007   |
|    n_updates          | 21499    |
|    policy_loss        | -0.00517 |
|    std                | 0.898    |
|    value_loss         | 4.24e-06 |
------------------------------------
------------------------------------
| rollout/              |          |
|    ep_len_mean        | 48.5     |
|    ep_rew_mean        | -48.5    |
|    success_rate       | 0.03     |
| time/                 |          |
|    fps                | 897      |
|    iterations         | 21600    |
|    time_elapsed       | 481      |
|    total_timesteps    | 432000   |
| train/                |          |
|    entropy_loss       | -5.2     |
|    explained_variance | 0.958    |
|    learning_rate      | 0.0007   |
|    n_updates          | 21599    |
|    policy_loss        | -0.00857 |
|    std                | 0.895    |
|    value_loss         | 1.54e-05 |
------------------------------------
------------------------------------
| rollout/              |          |
|    ep_len_mean        | 49       |
|    ep_rew_mean        | -49      |
|    success_rate       | 0.02     |
| time/                 |          |
|    fps                | 898      |
|    iterations         | 21700    |
|    time_elapsed       | 483      |
|    total_timesteps    | 434000   |
| train/                |          |
|    entropy_loss       | -5.21    |
|    explained_variance | 0.939    |
|    learning_rate      | 0.0007   |
|    n_updates          | 21699    |
|    policy_loss        | 0.00271  |
|    std                | 0.896    |
|    value_loss         | 2.13e-06 |
------------------------------------
------------------------------------
| rollout/              |          |
|    ep_len_mean        | 49.5     |
|    ep_rew_mean        | -49.5    |
|    success_rate       | 0.01     |
| time/                 |          |
|    fps                | 899      |
|    iterations         | 21800    |
|    time_elapsed       | 484      |
|    total_timesteps    | 436000   |
| train/                |          |
|    entropy_loss       | -5.21    |
|    explained_variance | 0.954    |
|    learning_rate      | 0.0007   |
|    n_updates          | 21799    |
|    policy_loss        | 0.00308  |
|    std                | 0.896    |
|    value_loss         | 1.26e-06 |
------------------------------------
------------------------------------
| rollout/              |          |
|    ep_len_mean        | 50       |
|    ep_rew_mean        | -50      |
|    success_rate       | 0        |
| time/                 |          |
|    fps                | 899      |
|    iterations         | 21900    |
|    time_elapsed       | 486      |
|    total_timesteps    | 438000   |
| train/                |          |
|    entropy_loss       | -5.2     |
|    explained_variance | 0.976    |
|    learning_rate      | 0.0007   |
|    n_updates          | 21899    |
|    policy_loss        | -0.00148 |
|    std                | 0.895    |
|    value_loss         | 4.26e-07 |
------------------------------------
-------------------------------------
| rollout/              |           |
|    ep_len_mean        | 49.5      |
|    ep_rew_mean        | -49.5     |
|    success_rate       | 0.01      |
| time/                 |           |
|    fps                | 900       |
|    iterations         | 22000     |
|    time_elapsed       | 488       |
|    total_timesteps    | 440000    |
| train/                |           |
|    entropy_loss       | -5.18     |
|    explained_variance | 0.991     |
|    learning_rate      | 0.0007    |
|    n_updates          | 21999     |
|    policy_loss        | -0.000108 |
|    std                | 0.889     |
|    value_loss         | 1.55e-06  |
-------------------------------------
------------------------------------
| rollout/              |          |
|    ep_len_mean        | 49.5     |
|    ep_rew_mean        | -49.5    |
|    success_rate       | 0.01     |
| time/                 |          |
|    fps                | 900      |
|    iterations         | 22100    |
|    time_elapsed       | 490      |
|    total_timesteps    | 442000   |
| train/                |          |
|    entropy_loss       | -5.19    |
|    explained_variance | 0.989    |
|    learning_rate      | 0.0007   |
|    n_updates          | 22099    |
|    policy_loss        | 0.00331  |
|    std                | 0.891    |
|    value_loss         | 6.75e-07 |
------------------------------------
------------------------------------
| rollout/              |          |
|    ep_len_mean        | 49       |
|    ep_rew_mean        | -49      |
|    success_rate       | 0.02     |
| time/                 |          |
|    fps                | 901      |
|    iterations         | 22200    |
|    time_elapsed       | 492      |
|    total_timesteps    | 444000   |
| train/                |          |
|    entropy_loss       | -5.16    |
|    explained_variance | 0.993    |
|    learning_rate      | 0.0007   |
|    n_updates          | 22199    |
|    policy_loss        | 0.0174   |
|    std                | 0.884    |
|    value_loss         | 1.59e-05 |
------------------------------------
-------------------------------------
| rollout/              |           |
|    ep_len_mean        | 48.5      |
|    ep_rew_mean        | -48.5     |
|    success_rate       | 0.03      |
| time/                 |           |
|    fps                | 902       |
|    iterations         | 22300     |
|    time_elapsed       | 494       |
|    total_timesteps    | 446000    |
| train/                |           |
|    entropy_loss       | -5.13     |
|    explained_variance | 0.941     |
|    learning_rate      | 0.0007    |
|    n_updates          | 22299     |
|    policy_loss        | -5.06e-05 |
|    std                | 0.876     |
|    value_loss         | 2.48e-06  |
-------------------------------------
------------------------------------
| rollout/              |          |
|    ep_len_mean        | 48.5     |
|    ep_rew_mean        | -48.5    |
|    success_rate       | 0.03     |
| time/                 |          |
|    fps                | 902      |
|    iterations         | 22400    |
|    time_elapsed       | 496      |
|    total_timesteps    | 448000   |
| train/                |          |
|    entropy_loss       | -5.14    |
|    explained_variance | 0.906    |
|    learning_rate      | 0.0007   |
|    n_updates          | 22399    |
|    policy_loss        | -0.0176  |
|    std                | 0.878    |
|    value_loss         | 1.44e-05 |
------------------------------------
------------------------------------
| rollout/              |          |
|    ep_len_mean        | 47.5     |
|    ep_rew_mean        | -47.5    |
|    success_rate       | 0.05     |
| time/                 |          |
|    fps                | 903      |
|    iterations         | 22500    |
|    time_elapsed       | 497      |
|    total_timesteps    | 450000   |
| train/                |          |
|    entropy_loss       | -5.13    |
|    explained_variance | -0.727   |
|    learning_rate      | 0.0007   |
|    n_updates          | 22499    |
|    policy_loss        | -0.0582  |
|    std                | 0.877    |
|    value_loss         | 0.000434 |
------------------------------------
------------------------------------
| rollout/              |          |
|    ep_len_mean        | 47.5     |
|    ep_rew_mean        | -47.5    |
|    success_rate       | 0.05     |
| time/                 |          |
|    fps                | 904      |
|    iterations         | 22600    |
|    time_elapsed       | 499      |
|    total_timesteps    | 452000   |
| train/                |          |
|    entropy_loss       | -5.13    |
|    explained_variance | 0.944    |
|    learning_rate      | 0.0007   |
|    n_updates          | 22599    |
|    policy_loss        | 0.00228  |
|    std                | 0.876    |
|    value_loss         | 1.72e-05 |
------------------------------------
------------------------------------
| rollout/              |          |
|    ep_len_mean        | 47.5     |
|    ep_rew_mean        | -47.5    |
|    success_rate       | 0.05     |
| time/                 |          |
|    fps                | 905      |
|    iterations         | 22700    |
|    time_elapsed       | 501      |
|    total_timesteps    | 454000   |
| train/                |          |
|    entropy_loss       | -5.12    |
|    explained_variance | 0.937    |
|    learning_rate      | 0.0007   |
|    n_updates          | 22699    |
|    policy_loss        | 0.00754  |
|    std                | 0.875    |
|    value_loss         | 9.2e-06  |
------------------------------------
------------------------------------
| rollout/              |          |
|    ep_len_mean        | 46.6     |
|    ep_rew_mean        | -46.5    |
|    success_rate       | 0.07     |
| time/                 |          |
|    fps                | 905      |
|    iterations         | 22800    |
|    time_elapsed       | 503      |
|    total_timesteps    | 456000   |
| train/                |          |
|    entropy_loss       | -5.09    |
|    explained_variance | 0.539    |
|    learning_rate      | 0.0007   |
|    n_updates          | 22799    |
|    policy_loss        | -0.171   |
|    std                | 0.869    |
|    value_loss         | 0.00432  |
------------------------------------
-------------------------------------
| rollout/              |           |
|    ep_len_mean        | 47.1      |
|    ep_rew_mean        | -47       |
|    success_rate       | 0.06      |
| time/                 |           |
|    fps                | 906       |
|    iterations         | 22900     |
|    time_elapsed       | 505       |
|    total_timesteps    | 458000    |
| train/                |           |
|    entropy_loss       | -5.1      |
|    explained_variance | 0.871     |
|    learning_rate      | 0.0007    |
|    n_updates          | 22899     |
|    policy_loss        | -6.86e-05 |
|    std                | 0.87      |
|    value_loss         | 6.94e-06  |
-------------------------------------
------------------------------------
| rollout/              |          |
|    ep_len_mean        | 49       |
|    ep_rew_mean        | -49      |
|    success_rate       | 0.02     |
| time/                 |          |
|    fps                | 906      |
|    iterations         | 23000    |
|    time_elapsed       | 507      |
|    total_timesteps    | 460000   |
| train/                |          |
|    entropy_loss       | -5.12    |
|    explained_variance | 0.176    |
|    learning_rate      | 0.0007   |
|    n_updates          | 22999    |
|    policy_loss        | -0.0625  |
|    std                | 0.874    |
|    value_loss         | 0.000909 |
------------------------------------
------------------------------------
| rollout/              |          |
|    ep_len_mean        | 49       |
|    ep_rew_mean        | -49      |
|    success_rate       | 0.02     |
| time/                 |          |
|    fps                | 907      |
|    iterations         | 23100    |
|    time_elapsed       | 509      |
|    total_timesteps    | 462000   |
| train/                |          |
|    entropy_loss       | -5.1     |
|    explained_variance | 0.885    |
|    learning_rate      | 0.0007   |
|    n_updates          | 23099    |
|    policy_loss        | 0.101    |
|    std                | 0.872    |
|    value_loss         | 0.000976 |
------------------------------------
------------------------------------
| rollout/              |          |
|    ep_len_mean        | 47.5     |
|    ep_rew_mean        | -47.5    |
|    success_rate       | 0.05     |
| time/                 |          |
|    fps                | 908      |
|    iterations         | 23200    |
|    time_elapsed       | 511      |
|    total_timesteps    | 464000   |
| train/                |          |
|    entropy_loss       | -5.09    |
|    explained_variance | 0.802    |
|    learning_rate      | 0.0007   |
|    n_updates          | 23199    |
|    policy_loss        | -0.0289  |
|    std                | 0.868    |
|    value_loss         | 4.85e-05 |
------------------------------------
------------------------------------
| rollout/              |          |
|    ep_len_mean        | 48       |
|    ep_rew_mean        | -48      |
|    success_rate       | 0.04     |
| time/                 |          |
|    fps                | 908      |
|    iterations         | 23300    |
|    time_elapsed       | 512      |
|    total_timesteps    | 466000   |
| train/                |          |
|    entropy_loss       | -5.1     |
|    explained_variance | 0.971    |
|    learning_rate      | 0.0007   |
|    n_updates          | 23299    |
|    policy_loss        | -0.00999 |
|    std                | 0.87     |
|    value_loss         | 5.5e-06  |
------------------------------------
------------------------------------
| rollout/              |          |
|    ep_len_mean        | 48.5     |
|    ep_rew_mean        | -48.5    |
|    success_rate       | 0.03     |
| time/                 |          |
|    fps                | 909      |
|    iterations         | 23400    |
|    time_elapsed       | 514      |
|    total_timesteps    | 468000   |
| train/                |          |
|    entropy_loss       | -5.11    |
|    explained_variance | 0.92     |
|    learning_rate      | 0.0007   |
|    n_updates          | 23399    |
|    policy_loss        | -0.00395 |
|    std                | 0.871    |
|    value_loss         | 5.93e-06 |
------------------------------------
------------------------------------
| rollout/              |          |
|    ep_len_mean        | 50       |
|    ep_rew_mean        | -50      |
|    success_rate       | 0        |
| time/                 |          |
|    fps                | 910      |
|    iterations         | 23500    |
|    time_elapsed       | 516      |
|    total_timesteps    | 470000   |
| train/                |          |
|    entropy_loss       | -5.1     |
|    explained_variance | -0.0524  |
|    learning_rate      | 0.0007   |
|    n_updates          | 23499    |
|    policy_loss        | 0.0081   |
|    std                | 0.87     |
|    value_loss         | 8.14e-06 |
------------------------------------
------------------------------------
| rollout/              |          |
|    ep_len_mean        | 49.5     |
|    ep_rew_mean        | -49.5    |
|    success_rate       | 0.01     |
| time/                 |          |
|    fps                | 910      |
|    iterations         | 23600    |
|    time_elapsed       | 518      |
|    total_timesteps    | 472000   |
| train/                |          |
|    entropy_loss       | -5.08    |
|    explained_variance | 0.722    |
|    learning_rate      | 0.0007   |
|    n_updates          | 23599    |
|    policy_loss        | -0.00384 |
|    std                | 0.866    |
|    value_loss         | 4.2e-05  |
------------------------------------
------------------------------------
| rollout/              |          |
|    ep_len_mean        | 49       |
|    ep_rew_mean        | -49      |
|    success_rate       | 0.02     |
| time/                 |          |
|    fps                | 911      |
|    iterations         | 23700    |
|    time_elapsed       | 519      |
|    total_timesteps    | 474000   |
| train/                |          |
|    entropy_loss       | -5.09    |
|    explained_variance | 0.878    |
|    learning_rate      | 0.0007   |
|    n_updates          | 23699    |
|    policy_loss        | -0.00457 |
|    std                | 0.867    |
|    value_loss         | 3.75e-05 |
------------------------------------
------------------------------------
| rollout/              |          |
|    ep_len_mean        | 47.5     |
|    ep_rew_mean        | -47.5    |
|    success_rate       | 0.05     |
| time/                 |          |
|    fps                | 912      |
|    iterations         | 23800    |
|    time_elapsed       | 521      |
|    total_timesteps    | 476000   |
| train/                |          |
|    entropy_loss       | -5.08    |
|    explained_variance | 0.85     |
|    learning_rate      | 0.0007   |
|    n_updates          | 23799    |
|    policy_loss        | -0.0205  |
|    std                | 0.864    |
|    value_loss         | 2.69e-05 |
------------------------------------
------------------------------------
| rollout/              |          |
|    ep_len_mean        | 47.5     |
|    ep_rew_mean        | -47.5    |
|    success_rate       | 0.05     |
| time/                 |          |
|    fps                | 912      |
|    iterations         | 23900    |
|    time_elapsed       | 523      |
|    total_timesteps    | 478000   |
| train/                |          |
|    entropy_loss       | -5.07    |
|    explained_variance | 0.978    |
|    learning_rate      | 0.0007   |
|    n_updates          | 23899    |
|    policy_loss        | -0.0053  |
|    std                | 0.862    |
|    value_loss         | 7.39e-06 |
------------------------------------
-------------------------------------
| rollout/              |           |
|    ep_len_mean        | 49        |
|    ep_rew_mean        | -49       |
|    success_rate       | 0.02      |
| time/                 |           |
|    fps                | 913       |
|    iterations         | 24000     |
|    time_elapsed       | 525       |
|    total_timesteps    | 480000    |
| train/                |           |
|    entropy_loss       | -5.07     |
|    explained_variance | 0.981     |
|    learning_rate      | 0.0007    |
|    n_updates          | 23999     |
|    policy_loss        | -0.000185 |
|    std                | 0.862     |
|    value_loss         | 7.97e-07  |
-------------------------------------
------------------------------------
| rollout/              |          |
|    ep_len_mean        | 48       |
|    ep_rew_mean        | -48      |
|    success_rate       | 0.04     |
| time/                 |          |
|    fps                | 914      |
|    iterations         | 24100    |
|    time_elapsed       | 527      |
|    total_timesteps    | 482000   |
| train/                |          |
|    entropy_loss       | -5.05    |
|    explained_variance | 0.897    |
|    learning_rate      | 0.0007   |
|    n_updates          | 24099    |
|    policy_loss        | -0.00445 |
|    std                | 0.858    |
|    value_loss         | 1.15e-05 |
------------------------------------
------------------------------------
| rollout/              |          |
|    ep_len_mean        | 47.5     |
|    ep_rew_mean        | -47.5    |
|    success_rate       | 0.05     |
| time/                 |          |
|    fps                | 914      |
|    iterations         | 24200    |
|    time_elapsed       | 529      |
|    total_timesteps    | 484000   |
| train/                |          |
|    entropy_loss       | -5.04    |
|    explained_variance | 0.977    |
|    learning_rate      | 0.0007   |
|    n_updates          | 24199    |
|    policy_loss        | -0.0111  |
|    std                | 0.856    |
|    value_loss         | 3.08e-05 |
------------------------------------
------------------------------------
| rollout/              |          |
|    ep_len_mean        | 47.1     |
|    ep_rew_mean        | -47      |
|    success_rate       | 0.06     |
| time/                 |          |
|    fps                | 915      |
|    iterations         | 24300    |
|    time_elapsed       | 530      |
|    total_timesteps    | 486000   |
| train/                |          |
|    entropy_loss       | -5.05    |
|    explained_variance | 0.944    |
|    learning_rate      | 0.0007   |
|    n_updates          | 24299    |
|    policy_loss        | 0.0107   |
|    std                | 0.859    |
|    value_loss         | 1.44e-05 |
------------------------------------
------------------------------------
| rollout/              |          |
|    ep_len_mean        | 48       |
|    ep_rew_mean        | -48      |
|    success_rate       | 0.04     |
| time/                 |          |
|    fps                | 916      |
|    iterations         | 24400    |
|    time_elapsed       | 532      |
|    total_timesteps    | 488000   |
| train/                |          |
|    entropy_loss       | -5.06    |
|    explained_variance | 0.856    |
|    learning_rate      | 0.0007   |
|    n_updates          | 24399    |
|    policy_loss        | 0.0172   |
|    std                | 0.861    |
|    value_loss         | 4.41e-05 |
------------------------------------
------------------------------------
| rollout/              |          |
|    ep_len_mean        | 48       |
|    ep_rew_mean        | -48      |
|    success_rate       | 0.04     |
| time/                 |          |
|    fps                | 916      |
|    iterations         | 24500    |
|    time_elapsed       | 534      |
|    total_timesteps    | 490000   |
| train/                |          |
|    entropy_loss       | -5.07    |
|    explained_variance | 0.895    |
|    learning_rate      | 0.0007   |
|    n_updates          | 24499    |
|    policy_loss        | -0.0081  |
|    std                | 0.862    |
|    value_loss         | 0.000131 |
------------------------------------
------------------------------------
| rollout/              |          |
|    ep_len_mean        | 49.5     |
|    ep_rew_mean        | -49.5    |
|    success_rate       | 0.01     |
| time/                 |          |
|    fps                | 917      |
|    iterations         | 24600    |
|    time_elapsed       | 536      |
|    total_timesteps    | 492000   |
| train/                |          |
|    entropy_loss       | -5.09    |
|    explained_variance | 0.886    |
|    learning_rate      | 0.0007   |
|    n_updates          | 24599    |
|    policy_loss        | -0.00134 |
|    std                | 0.868    |
|    value_loss         | 4.69e-06 |
------------------------------------
------------------------------------
| rollout/              |          |
|    ep_len_mean        | 49       |
|    ep_rew_mean        | -49      |
|    success_rate       | 0.02     |
| time/                 |          |
|    fps                | 917      |
|    iterations         | 24700    |
|    time_elapsed       | 538      |
|    total_timesteps    | 494000   |
| train/                |          |
|    entropy_loss       | -5.09    |
|    explained_variance | 0.928    |
|    learning_rate      | 0.0007   |
|    n_updates          | 24699    |
|    policy_loss        | 0.000661 |
|    std                | 0.866    |
|    value_loss         | 3.25e-06 |
------------------------------------
-------------------------------------
| rollout/              |           |
|    ep_len_mean        | 48        |
|    ep_rew_mean        | -48       |
|    success_rate       | 0.04      |
| time/                 |           |
|    fps                | 918       |
|    iterations         | 24800     |
|    time_elapsed       | 539       |
|    total_timesteps    | 496000    |
| train/                |           |
|    entropy_loss       | -5.06     |
|    explained_variance | 0.961     |
|    learning_rate      | 0.0007    |
|    n_updates          | 24799     |
|    policy_loss        | -0.000508 |
|    std                | 0.86      |
|    value_loss         | 4.66e-06  |
-------------------------------------
------------------------------------
| rollout/              |          |
|    ep_len_mean        | 48.5     |
|    ep_rew_mean        | -48.5    |
|    success_rate       | 0.03     |
| time/                 |          |
|    fps                | 919      |
|    iterations         | 24900    |
|    time_elapsed       | 541      |
|    total_timesteps    | 498000   |
| train/                |          |
|    entropy_loss       | -5.06    |
|    explained_variance | 0.603    |
|    learning_rate      | 0.0007   |
|    n_updates          | 24899    |
|    policy_loss        | -0.0167  |
|    std                | 0.86     |
|    value_loss         | 0.000218 |
------------------------------------
------------------------------------
| rollout/              |          |
|    ep_len_mean        | 47.7     |
|    ep_rew_mean        | -47.6    |
|    success_rate       | 0.05     |
| time/                 |          |
|    fps                | 919      |
|    iterations         | 25000    |
|    time_elapsed       | 543      |
|    total_timesteps    | 500000   |
| train/                |          |
|    entropy_loss       | -5.02    |
|    explained_variance | 0.768    |
|    learning_rate      | 0.0007   |
|    n_updates          | 24999    |
|    policy_loss        | 0.132    |
|    std                | 0.852    |
|    value_loss         | 0.00173  |
------------------------------------
------------------------------------
| rollout/              |          |
|    ep_len_mean        | 46.7     |
|    ep_rew_mean        | -46.6    |
|    success_rate       | 0.07     |
| time/                 |          |
|    fps                | 920      |
|    iterations         | 25100    |
|    time_elapsed       | 545      |
|    total_timesteps    | 502000   |
| train/                |          |
|    entropy_loss       | -5.03    |
|    explained_variance | 0.237    |
|    learning_rate      | 0.0007   |
|    n_updates          | 25099    |
|    policy_loss        | -0.0526  |
|    std                | 0.854    |
|    value_loss         | 0.00017  |
------------------------------------
------------------------------------
| rollout/              |          |
|    ep_len_mean        | 48.2     |
|    ep_rew_mean        | -48.1    |
|    success_rate       | 0.04     |
| time/                 |          |
|    fps                | 920      |
|    iterations         | 25200    |
|    time_elapsed       | 547      |
|    total_timesteps    | 504000   |
| train/                |          |
|    entropy_loss       | -5.03    |
|    explained_variance | 0.715    |
|    learning_rate      | 0.0007   |
|    n_updates          | 25199    |
|    policy_loss        | -0.00796 |
|    std                | 0.853    |
|    value_loss         | 1.72e-05 |
------------------------------------
------------------------------------
| rollout/              |          |
|    ep_len_mean        | 47.1     |
|    ep_rew_mean        | -47      |
|    success_rate       | 0.06     |
| time/                 |          |
|    fps                | 921      |
|    iterations         | 25300    |
|    time_elapsed       | 549      |
|    total_timesteps    | 506000   |
| train/                |          |
|    entropy_loss       | -4.98    |
|    explained_variance | 0.631    |
|    learning_rate      | 0.0007   |
|    n_updates          | 25299    |
|    policy_loss        | -0.0199  |
|    std                | 0.843    |
|    value_loss         | 6.69e-05 |
------------------------------------
------------------------------------
| rollout/              |          |
|    ep_len_mean        | 47.5     |
|    ep_rew_mean        | -47.5    |
|    success_rate       | 0.05     |
| time/                 |          |
|    fps                | 921      |
|    iterations         | 25400    |
|    time_elapsed       | 550      |
|    total_timesteps    | 508000   |
| train/                |          |
|    entropy_loss       | -4.97    |
|    explained_variance | 0.943    |
|    learning_rate      | 0.0007   |
|    n_updates          | 25399    |
|    policy_loss        | -0.014   |
|    std                | 0.841    |
|    value_loss         | 1.25e-05 |
------------------------------------
------------------------------------
| rollout/              |          |
|    ep_len_mean        | 48       |
|    ep_rew_mean        | -48      |
|    success_rate       | 0.04     |
| time/                 |          |
|    fps                | 922      |
|    iterations         | 25500    |
|    time_elapsed       | 552      |
|    total_timesteps    | 510000   |
| train/                |          |
|    entropy_loss       | -4.96    |
|    explained_variance | 0.801    |
|    learning_rate      | 0.0007   |
|    n_updates          | 25499    |
|    policy_loss        | -0.00472 |
|    std                | 0.838    |
|    value_loss         | 4.29e-06 |
------------------------------------
------------------------------------
| rollout/              |          |
|    ep_len_mean        | 48.5     |
|    ep_rew_mean        | -48.5    |
|    success_rate       | 0.03     |
| time/                 |          |
|    fps                | 923      |
|    iterations         | 25600    |
|    time_elapsed       | 554      |
|    total_timesteps    | 512000   |
| train/                |          |
|    entropy_loss       | -4.97    |
|    explained_variance | 0.868    |
|    learning_rate      | 0.0007   |
|    n_updates          | 25599    |
|    policy_loss        | -0.00379 |
|    std                | 0.84     |
|    value_loss         | 1.12e-05 |
------------------------------------
------------------------------------
| rollout/              |          |
|    ep_len_mean        | 48.5     |
|    ep_rew_mean        | -48.5    |
|    success_rate       | 0.03     |
| time/                 |          |
|    fps                | 923      |
|    iterations         | 25700    |
|    time_elapsed       | 556      |
|    total_timesteps    | 514000   |
| train/                |          |
|    entropy_loss       | -4.97    |
|    explained_variance | 0.906    |
|    learning_rate      | 0.0007   |
|    n_updates          | 25699    |
|    policy_loss        | 0.00538  |
|    std                | 0.839    |
|    value_loss         | 7.22e-06 |
------------------------------------
------------------------------------
| rollout/              |          |
|    ep_len_mean        | 48       |
|    ep_rew_mean        | -48      |
|    success_rate       | 0.04     |
| time/                 |          |
|    fps                | 924      |
|    iterations         | 25800    |
|    time_elapsed       | 558      |
|    total_timesteps    | 516000   |
| train/                |          |
|    entropy_loss       | -4.97    |
|    explained_variance | 0.67     |
|    learning_rate      | 0.0007   |
|    n_updates          | 25799    |
|    policy_loss        | 0.00127  |
|    std                | 0.84     |
|    value_loss         | 9.87e-07 |
------------------------------------
------------------------------------
| rollout/              |          |
|    ep_len_mean        | 49.5     |
|    ep_rew_mean        | -49.5    |
|    success_rate       | 0.01     |
| time/                 |          |
|    fps                | 925      |
|    iterations         | 25900    |
|    time_elapsed       | 559      |
|    total_timesteps    | 518000   |
| train/                |          |
|    entropy_loss       | -4.94    |
|    explained_variance | 0.729    |
|    learning_rate      | 0.0007   |
|    n_updates          | 25899    |
|    policy_loss        | 0.00883  |
|    std                | 0.834    |
|    value_loss         | 2.05e-05 |
------------------------------------
------------------------------------
| rollout/              |          |
|    ep_len_mean        | 49       |
|    ep_rew_mean        | -49      |
|    success_rate       | 0.02     |
| time/                 |          |
|    fps                | 925      |
|    iterations         | 26000    |
|    time_elapsed       | 561      |
|    total_timesteps    | 520000   |
| train/                |          |
|    entropy_loss       | -4.93    |
|    explained_variance | 0.802    |
|    learning_rate      | 0.0007   |
|    n_updates          | 25999    |
|    policy_loss        | 0.00761  |
|    std                | 0.831    |
|    value_loss         | 6.82e-06 |
------------------------------------
------------------------------------
| rollout/              |          |
|    ep_len_mean        | 49.2     |
|    ep_rew_mean        | -49.2    |
|    success_rate       | 0.02     |
| time/                 |          |
|    fps                | 926      |
|    iterations         | 26100    |
|    time_elapsed       | 563      |
|    total_timesteps    | 522000   |
| train/                |          |
|    entropy_loss       | -4.91    |
|    explained_variance | 0.881    |
|    learning_rate      | 0.0007   |
|    n_updates          | 26099    |
|    policy_loss        | -0.00604 |
|    std                | 0.828    |
|    value_loss         | 1.22e-05 |
------------------------------------
------------------------------------
| rollout/              |          |
|    ep_len_mean        | 49.2     |
|    ep_rew_mean        | -49.2    |
|    success_rate       | 0.02     |
| time/                 |          |
|    fps                | 926      |
|    iterations         | 26200    |
|    time_elapsed       | 565      |
|    total_timesteps    | 524000   |
| train/                |          |
|    entropy_loss       | -4.9     |
|    explained_variance | 0.898    |
|    learning_rate      | 0.0007   |
|    n_updates          | 26199    |
|    policy_loss        | 0.0042   |
|    std                | 0.826    |
|    value_loss         | 4.28e-06 |
------------------------------------
------------------------------------
| rollout/              |          |
|    ep_len_mean        | 49.5     |
|    ep_rew_mean        | -49.5    |
|    success_rate       | 0.01     |
| time/                 |          |
|    fps                | 927      |
|    iterations         | 26300    |
|    time_elapsed       | 567      |
|    total_timesteps    | 526000   |
| train/                |          |
|    entropy_loss       | -4.9     |
|    explained_variance | -0.579   |
|    learning_rate      | 0.0007   |
|    n_updates          | 26299    |
|    policy_loss        | -0.00359 |
|    std                | 0.825    |
|    value_loss         | 1.01e-05 |
------------------------------------
------------------------------------
| rollout/              |          |
|    ep_len_mean        | 49.5     |
|    ep_rew_mean        | -49.5    |
|    success_rate       | 0.01     |
| time/                 |          |
|    fps                | 928      |
|    iterations         | 26400    |
|    time_elapsed       | 568      |
|    total_timesteps    | 528000   |
| train/                |          |
|    entropy_loss       | -4.89    |
|    explained_variance | 0.97     |
|    learning_rate      | 0.0007   |
|    n_updates          | 26399    |
|    policy_loss        | 0.00065  |
|    std                | 0.823    |
|    value_loss         | 2.48e-06 |
------------------------------------
------------------------------------
| rollout/              |          |
|    ep_len_mean        | 49.5     |
|    ep_rew_mean        | -49.5    |
|    success_rate       | 0.01     |
| time/                 |          |
|    fps                | 928      |
|    iterations         | 26500    |
|    time_elapsed       | 570      |
|    total_timesteps    | 530000   |
| train/                |          |
|    entropy_loss       | -4.88    |
|    explained_variance | 0.789    |
|    learning_rate      | 0.0007   |
|    n_updates          | 26499    |
|    policy_loss        | -0.0255  |
|    std                | 0.821    |
|    value_loss         | 0.000166 |
------------------------------------
------------------------------------
| rollout/              |          |
|    ep_len_mean        | 49.5     |
|    ep_rew_mean        | -49.5    |
|    success_rate       | 0.01     |
| time/                 |          |
|    fps                | 929      |
|    iterations         | 26600    |
|    time_elapsed       | 572      |
|    total_timesteps    | 532000   |
| train/                |          |
|    entropy_loss       | -4.87    |
|    explained_variance | 0.918    |
|    learning_rate      | 0.0007   |
|    n_updates          | 26599    |
|    policy_loss        | -0.0119  |
|    std                | 0.82     |
|    value_loss         | 1.26e-05 |
------------------------------------
------------------------------------
| rollout/              |          |
|    ep_len_mean        | 49.5     |
|    ep_rew_mean        | -49.5    |
|    success_rate       | 0.01     |
| time/                 |          |
|    fps                | 929      |
|    iterations         | 26700    |
|    time_elapsed       | 574      |
|    total_timesteps    | 534000   |
| train/                |          |
|    entropy_loss       | -4.87    |
|    explained_variance | 0.982    |
|    learning_rate      | 0.0007   |
|    n_updates          | 26699    |
|    policy_loss        | 0.000599 |
|    std                | 0.819    |
|    value_loss         | 1.2e-06  |
------------------------------------
-------------------------------------
| rollout/              |           |
|    ep_len_mean        | 49        |
|    ep_rew_mean        | -49       |
|    success_rate       | 0.02      |
| time/                 |           |
|    fps                | 930       |
|    iterations         | 26800     |
|    time_elapsed       | 576       |
|    total_timesteps    | 536000    |
| train/                |           |
|    entropy_loss       | -4.88     |
|    explained_variance | 0.961     |
|    learning_rate      | 0.0007    |
|    n_updates          | 26799     |
|    policy_loss        | -0.000726 |
|    std                | 0.822     |
|    value_loss         | 1.9e-05   |
-------------------------------------
------------------------------------
| rollout/              |          |
|    ep_len_mean        | 49       |
|    ep_rew_mean        | -49      |
|    success_rate       | 0.02     |
| time/                 |          |
|    fps                | 930      |
|    iterations         | 26900    |
|    time_elapsed       | 577      |
|    total_timesteps    | 538000   |
| train/                |          |
|    entropy_loss       | -4.88    |
|    explained_variance | 0.966    |
|    learning_rate      | 0.0007   |
|    n_updates          | 26899    |
|    policy_loss        | 8.38e-05 |
|    std                | 0.821    |
|    value_loss         | 1.15e-06 |
------------------------------------
------------------------------------
| rollout/              |          |
|    ep_len_mean        | 49.5     |
|    ep_rew_mean        | -49.5    |
|    success_rate       | 0.01     |
| time/                 |          |
|    fps                | 931      |
|    iterations         | 27000    |
|    time_elapsed       | 579      |
|    total_timesteps    | 540000   |
| train/                |          |
|    entropy_loss       | -4.89    |
|    explained_variance | 0.982    |
|    learning_rate      | 0.0007   |
|    n_updates          | 26999    |
|    policy_loss        | -0.00146 |
|    std                | 0.823    |
|    value_loss         | 6.4e-07  |
------------------------------------
------------------------------------
| rollout/              |          |
|    ep_len_mean        | 49       |
|    ep_rew_mean        | -49      |
|    success_rate       | 0.02     |
| time/                 |          |
|    fps                | 931      |
|    iterations         | 27100    |
|    time_elapsed       | 581      |
|    total_timesteps    | 542000   |
| train/                |          |
|    entropy_loss       | -4.9     |
|    explained_variance | 0.978    |
|    learning_rate      | 0.0007   |
|    n_updates          | 27099    |
|    policy_loss        | -0.00116 |
|    std                | 0.825    |
|    value_loss         | 2.4e-06  |
------------------------------------
------------------------------------
| rollout/              |          |
|    ep_len_mean        | 49       |
|    ep_rew_mean        | -49      |
|    success_rate       | 0.02     |
| time/                 |          |
|    fps                | 932      |
|    iterations         | 27200    |
|    time_elapsed       | 583      |
|    total_timesteps    | 544000   |
| train/                |          |
|    entropy_loss       | -4.91    |
|    explained_variance | 0.986    |
|    learning_rate      | 0.0007   |
|    n_updates          | 27199    |
|    policy_loss        | -0.00015 |
|    std                | 0.827    |
|    value_loss         | 1.22e-07 |
------------------------------------
------------------------------------
| rollout/              |          |
|    ep_len_mean        | 48       |
|    ep_rew_mean        | -48      |
|    success_rate       | 0.04     |
| time/                 |          |
|    fps                | 933      |
|    iterations         | 27300    |
|    time_elapsed       | 585      |
|    total_timesteps    | 546000   |
| train/                |          |
|    entropy_loss       | -4.9     |
|    explained_variance | 0.985    |
|    learning_rate      | 0.0007   |
|    n_updates          | 27299    |
|    policy_loss        | 0.000263 |
|    std                | 0.826    |
|    value_loss         | 3.57e-07 |
------------------------------------
------------------------------------
| rollout/              |          |
|    ep_len_mean        | 47.5     |
|    ep_rew_mean        | -47.5    |
|    success_rate       | 0.05     |
| time/                 |          |
|    fps                | 933      |
|    iterations         | 27400    |
|    time_elapsed       | 586      |
|    total_timesteps    | 548000   |
| train/                |          |
|    entropy_loss       | -4.88    |
|    explained_variance | 0.651    |
|    learning_rate      | 0.0007   |
|    n_updates          | 27399    |
|    policy_loss        | -0.0182  |
|    std                | 0.822    |
|    value_loss         | 4.19e-05 |
------------------------------------
------------------------------------
| rollout/              |          |
|    ep_len_mean        | 47.5     |
|    ep_rew_mean        | -47.5    |
|    success_rate       | 0.05     |
| time/                 |          |
|    fps                | 934      |
|    iterations         | 27500    |
|    time_elapsed       | 588      |
|    total_timesteps    | 550000   |
| train/                |          |
|    entropy_loss       | -4.87    |
|    explained_variance | 0.983    |
|    learning_rate      | 0.0007   |
|    n_updates          | 27499    |
|    policy_loss        | -0.00767 |
|    std                | 0.82     |
|    value_loss         | 2.07e-05 |
------------------------------------
------------------------------------
| rollout/              |          |
|    ep_len_mean        | 48       |
|    ep_rew_mean        | -48      |
|    success_rate       | 0.04     |
| time/                 |          |
|    fps                | 934      |
|    iterations         | 27600    |
|    time_elapsed       | 590      |
|    total_timesteps    | 552000   |
| train/                |          |
|    entropy_loss       | -4.86    |
|    explained_variance | 0.978    |
|    learning_rate      | 0.0007   |
|    n_updates          | 27599    |
|    policy_loss        | -0.0132  |
|    std                | 0.817    |
|    value_loss         | 7.66e-06 |
------------------------------------
------------------------------------
| rollout/              |          |
|    ep_len_mean        | 48.5     |
|    ep_rew_mean        | -48.5    |
|    success_rate       | 0.03     |
| time/                 |          |
|    fps                | 935      |
|    iterations         | 27700    |
|    time_elapsed       | 592      |
|    total_timesteps    | 554000   |
| train/                |          |
|    entropy_loss       | -4.86    |
|    explained_variance | 0.929    |
|    learning_rate      | 0.0007   |
|    n_updates          | 27699    |
|    policy_loss        | 0.0079   |
|    std                | 0.817    |
|    value_loss         | 2.46e-05 |
------------------------------------
------------------------------------
| rollout/              |          |
|    ep_len_mean        | 47.1     |
|    ep_rew_mean        | -47      |
|    success_rate       | 0.06     |
| time/                 |          |
|    fps                | 935      |
|    iterations         | 27800    |
|    time_elapsed       | 594      |
|    total_timesteps    | 556000   |
| train/                |          |
|    entropy_loss       | -4.85    |
|    explained_variance | 0.974    |
|    learning_rate      | 0.0007   |
|    n_updates          | 27799    |
|    policy_loss        | 0.00103  |
|    std                | 0.816    |
|    value_loss         | 3.25e-06 |
------------------------------------
------------------------------------
| rollout/              |          |
|    ep_len_mean        | 46.1     |
|    ep_rew_mean        | -46      |
|    success_rate       | 0.08     |
| time/                 |          |
|    fps                | 936      |
|    iterations         | 27900    |
|    time_elapsed       | 595      |
|    total_timesteps    | 558000   |
| train/                |          |
|    entropy_loss       | -4.86    |
|    explained_variance | 0.954    |
|    learning_rate      | 0.0007   |
|    n_updates          | 27899    |
|    policy_loss        | 0.00304  |
|    std                | 0.817    |
|    value_loss         | 1.4e-05  |
------------------------------------
------------------------------------
| rollout/              |          |
|    ep_len_mean        | 47.1     |
|    ep_rew_mean        | -47      |
|    success_rate       | 0.06     |
| time/                 |          |
|    fps                | 936      |
|    iterations         | 28000    |
|    time_elapsed       | 597      |
|    total_timesteps    | 560000   |
| train/                |          |
|    entropy_loss       | -4.85    |
|    explained_variance | 0.817    |
|    learning_rate      | 0.0007   |
|    n_updates          | 27999    |
|    policy_loss        | -0.0173  |
|    std                | 0.816    |
|    value_loss         | 0.000101 |
------------------------------------
------------------------------------
| rollout/              |          |
|    ep_len_mean        | 47.1     |
|    ep_rew_mean        | -47      |
|    success_rate       | 0.06     |
| time/                 |          |
|    fps                | 937      |
|    iterations         | 28100    |
|    time_elapsed       | 599      |
|    total_timesteps    | 562000   |
| train/                |          |
|    entropy_loss       | -4.85    |
|    explained_variance | 0.591    |
|    learning_rate      | 0.0007   |
|    n_updates          | 28099    |
|    policy_loss        | -0.0156  |
|    std                | 0.815    |
|    value_loss         | 8.42e-05 |
------------------------------------
------------------------------------
| rollout/              |          |
|    ep_len_mean        | 47.1     |
|    ep_rew_mean        | -47      |
|    success_rate       | 0.06     |
| time/                 |          |
|    fps                | 938      |
|    iterations         | 28200    |
|    time_elapsed       | 601      |
|    total_timesteps    | 564000   |
| train/                |          |
|    entropy_loss       | -4.85    |
|    explained_variance | 0.923    |
|    learning_rate      | 0.0007   |
|    n_updates          | 28199    |
|    policy_loss        | -0.0102  |
|    std                | 0.816    |
|    value_loss         | 1.27e-05 |
------------------------------------
------------------------------------
| rollout/              |          |
|    ep_len_mean        | 48.5     |
|    ep_rew_mean        | -48.5    |
|    success_rate       | 0.03     |
| time/                 |          |
|    fps                | 938      |
|    iterations         | 28300    |
|    time_elapsed       | 602      |
|    total_timesteps    | 566000   |
| train/                |          |
|    entropy_loss       | -4.85    |
|    explained_variance | 0.923    |
|    learning_rate      | 0.0007   |
|    n_updates          | 28299    |
|    policy_loss        | -0.00117 |
|    std                | 0.816    |
|    value_loss         | 4.71e-06 |
------------------------------------
------------------------------------
| rollout/              |          |
|    ep_len_mean        | 49       |
|    ep_rew_mean        | -49      |
|    success_rate       | 0.02     |
| time/                 |          |
|    fps                | 939      |
|    iterations         | 28400    |
|    time_elapsed       | 604      |
|    total_timesteps    | 568000   |
| train/                |          |
|    entropy_loss       | -4.87    |
|    explained_variance | 0.398    |
|    learning_rate      | 0.0007   |
|    n_updates          | 28399    |
|    policy_loss        | 0.0137   |
|    std                | 0.819    |
|    value_loss         | 4.03e-05 |
------------------------------------
-------------------------------------
| rollout/              |           |
|    ep_len_mean        | 48        |
|    ep_rew_mean        | -48       |
|    success_rate       | 0.04      |
| time/                 |           |
|    fps                | 940       |
|    iterations         | 28500     |
|    time_elapsed       | 606       |
|    total_timesteps    | 570000    |
| train/                |           |
|    entropy_loss       | -4.86     |
|    explained_variance | 0.749     |
|    learning_rate      | 0.0007    |
|    n_updates          | 28499     |
|    policy_loss        | -4.17e-05 |
|    std                | 0.817     |
|    value_loss         | 5.62e-06  |
-------------------------------------
------------------------------------
| rollout/              |          |
|    ep_len_mean        | 48       |
|    ep_rew_mean        | -48      |
|    success_rate       | 0.04     |
| time/                 |          |
|    fps                | 940      |
|    iterations         | 28600    |
|    time_elapsed       | 608      |
|    total_timesteps    | 572000   |
| train/                |          |
|    entropy_loss       | -4.85    |
|    explained_variance | 0.986    |
|    learning_rate      | 0.0007   |
|    n_updates          | 28599    |
|    policy_loss        | 0.00142  |
|    std                | 0.816    |
|    value_loss         | 3.15e-06 |
------------------------------------
------------------------------------
| rollout/              |          |
|    ep_len_mean        | 48       |
|    ep_rew_mean        | -48      |
|    success_rate       | 0.04     |
| time/                 |          |
|    fps                | 941      |
|    iterations         | 28700    |
|    time_elapsed       | 609      |
|    total_timesteps    | 574000   |
| train/                |          |
|    entropy_loss       | -4.85    |
|    explained_variance | 0.978    |
|    learning_rate      | 0.0007   |
|    n_updates          | 28699    |
|    policy_loss        | 0.000299 |
|    std                | 0.815    |
|    value_loss         | 6.18e-06 |
------------------------------------
------------------------------------
| rollout/              |          |
|    ep_len_mean        | 49       |
|    ep_rew_mean        | -49      |
|    success_rate       | 0.02     |
| time/                 |          |
|    fps                | 941      |
|    iterations         | 28800    |
|    time_elapsed       | 611      |
|    total_timesteps    | 576000   |
| train/                |          |
|    entropy_loss       | -4.85    |
|    explained_variance | 0.302    |
|    learning_rate      | 0.0007   |
|    n_updates          | 28799    |
|    policy_loss        | 0.00489  |
|    std                | 0.816    |
|    value_loss         | 1.09e-05 |
------------------------------------
------------------------------------
| rollout/              |          |
|    ep_len_mean        | 48.5     |
|    ep_rew_mean        | -48.5    |
|    success_rate       | 0.03     |
| time/                 |          |
|    fps                | 942      |
|    iterations         | 28900    |
|    time_elapsed       | 613      |
|    total_timesteps    | 578000   |
| train/                |          |
|    entropy_loss       | -4.85    |
|    explained_variance | 0.791    |
|    learning_rate      | 0.0007   |
|    n_updates          | 28899    |
|    policy_loss        | 0.0124   |
|    std                | 0.815    |
|    value_loss         | 2.64e-05 |
------------------------------------
------------------------------------
| rollout/              |          |
|    ep_len_mean        | 49       |
|    ep_rew_mean        | -49      |
|    success_rate       | 0.02     |
| time/                 |          |
|    fps                | 943      |
|    iterations         | 29000    |
|    time_elapsed       | 615      |
|    total_timesteps    | 580000   |
| train/                |          |
|    entropy_loss       | -4.84    |
|    explained_variance | 0.851    |
|    learning_rate      | 0.0007   |
|    n_updates          | 28999    |
|    policy_loss        | 0.00913  |
|    std                | 0.813    |
|    value_loss         | 1.31e-05 |
------------------------------------
------------------------------------
| rollout/              |          |
|    ep_len_mean        | 47.5     |
|    ep_rew_mean        | -47.5    |
|    success_rate       | 0.05     |
| time/                 |          |
|    fps                | 943      |
|    iterations         | 29100    |
|    time_elapsed       | 616      |
|    total_timesteps    | 582000   |
| train/                |          |
|    entropy_loss       | -4.81    |
|    explained_variance | 0.99     |
|    learning_rate      | 0.0007   |
|    n_updates          | 29099    |
|    policy_loss        | -0.0054  |
|    std                | 0.808    |
|    value_loss         | 8.94e-06 |
------------------------------------
------------------------------------
| rollout/              |          |
|    ep_len_mean        | 48.5     |
|    ep_rew_mean        | -48.5    |
|    success_rate       | 0.03     |
| time/                 |          |
|    fps                | 944      |
|    iterations         | 29200    |
|    time_elapsed       | 618      |
|    total_timesteps    | 584000   |
| train/                |          |
|    entropy_loss       | -4.8     |
|    explained_variance | 0.84     |
|    learning_rate      | 0.0007   |
|    n_updates          | 29199    |
|    policy_loss        | -0.00883 |
|    std                | 0.805    |
|    value_loss         | 3.36e-05 |
------------------------------------
------------------------------------
| rollout/              |          |
|    ep_len_mean        | 47.5     |
|    ep_rew_mean        | -47.5    |
|    success_rate       | 0.05     |
| time/                 |          |
|    fps                | 945      |
|    iterations         | 29300    |
|    time_elapsed       | 620      |
|    total_timesteps    | 586000   |
| train/                |          |
|    entropy_loss       | -4.8     |
|    explained_variance | -0.0439  |
|    learning_rate      | 0.0007   |
|    n_updates          | 29299    |
|    policy_loss        | -0.0728  |
|    std                | 0.804    |
|    value_loss         | 0.00084  |
------------------------------------
------------------------------------
| rollout/              |          |
|    ep_len_mean        | 48       |
|    ep_rew_mean        | -48      |
|    success_rate       | 0.04     |
| time/                 |          |
|    fps                | 945      |
|    iterations         | 29400    |
|    time_elapsed       | 621      |
|    total_timesteps    | 588000   |
| train/                |          |
|    entropy_loss       | -4.76    |
|    explained_variance | -1.35    |
|    learning_rate      | 0.0007   |
|    n_updates          | 29399    |
|    policy_loss        | 0.0523   |
|    std                | 0.798    |
|    value_loss         | 0.00627  |
------------------------------------
------------------------------------
| rollout/              |          |
|    ep_len_mean        | 48.5     |
|    ep_rew_mean        | -48.5    |
|    success_rate       | 0.03     |
| time/                 |          |
|    fps                | 946      |
|    iterations         | 29500    |
|    time_elapsed       | 623      |
|    total_timesteps    | 590000   |
| train/                |          |
|    entropy_loss       | -4.75    |
|    explained_variance | 0.951    |
|    learning_rate      | 0.0007   |
|    n_updates          | 29499    |
|    policy_loss        | 0.013    |
|    std                | 0.794    |
|    value_loss         | 3.31e-05 |
------------------------------------
------------------------------------
| rollout/              |          |
|    ep_len_mean        | 48.5     |
|    ep_rew_mean        | -48.5    |
|    success_rate       | 0.03     |
| time/                 |          |
|    fps                | 946      |
|    iterations         | 29600    |
|    time_elapsed       | 625      |
|    total_timesteps    | 592000   |
| train/                |          |
|    entropy_loss       | -4.73    |
|    explained_variance | 0.757    |
|    learning_rate      | 0.0007   |
|    n_updates          | 29599    |
|    policy_loss        | 0.0445   |
|    std                | 0.793    |
|    value_loss         | 0.00059  |
------------------------------------
------------------------------------
| rollout/              |          |
|    ep_len_mean        | 48.5     |
|    ep_rew_mean        | -48.5    |
|    success_rate       | 0.03     |
| time/                 |          |
|    fps                | 947      |
|    iterations         | 29700    |
|    time_elapsed       | 626      |
|    total_timesteps    | 594000   |
| train/                |          |
|    entropy_loss       | -4.72    |
|    explained_variance | 0.979    |
|    learning_rate      | 0.0007   |
|    n_updates          | 29699    |
|    policy_loss        | -0.00144 |
|    std                | 0.79     |
|    value_loss         | 5.36e-06 |
------------------------------------
------------------------------------
| rollout/              |          |
|    ep_len_mean        | 49.5     |
|    ep_rew_mean        | -49.5    |
|    success_rate       | 0.01     |
| time/                 |          |
|    fps                | 948      |
|    iterations         | 29800    |
|    time_elapsed       | 628      |
|    total_timesteps    | 596000   |
| train/                |          |
|    entropy_loss       | -4.74    |
|    explained_variance | 0.96     |
|    learning_rate      | 0.0007   |
|    n_updates          | 29799    |
|    policy_loss        | -0.00874 |
|    std                | 0.793    |
|    value_loss         | 8.43e-06 |
------------------------------------
------------------------------------
| rollout/              |          |
|    ep_len_mean        | 49.5     |
|    ep_rew_mean        | -49.5    |
|    success_rate       | 0.01     |
| time/                 |          |
|    fps                | 948      |
|    iterations         | 29900    |
|    time_elapsed       | 630      |
|    total_timesteps    | 598000   |
| train/                |          |
|    entropy_loss       | -4.74    |
|    explained_variance | 0.691    |
|    learning_rate      | 0.0007   |
|    n_updates          | 29899    |
|    policy_loss        | -0.0157  |
|    std                | 0.794    |
|    value_loss         | 4.09e-05 |
------------------------------------
------------------------------------
| rollout/              |          |
|    ep_len_mean        | 49.5     |
|    ep_rew_mean        | -49.5    |
|    success_rate       | 0.01     |
| time/                 |          |
|    fps                | 949      |
|    iterations         | 30000    |
|    time_elapsed       | 631      |
|    total_timesteps    | 600000   |
| train/                |          |
|    entropy_loss       | -4.75    |
|    explained_variance | 0.724    |
|    learning_rate      | 0.0007   |
|    n_updates          | 29999    |
|    policy_loss        | -0.0167  |
|    std                | 0.794    |
|    value_loss         | 3.5e-05  |
------------------------------------
------------------------------------
| rollout/              |          |
|    ep_len_mean        | 48       |
|    ep_rew_mean        | -48      |
|    success_rate       | 0.04     |
| time/                 |          |
|    fps                | 950      |
|    iterations         | 30100    |
|    time_elapsed       | 633      |
|    total_timesteps    | 602000   |
| train/                |          |
|    entropy_loss       | -4.73    |
|    explained_variance | 0.958    |
|    learning_rate      | 0.0007   |
|    n_updates          | 30099    |
|    policy_loss        | 0.0029   |
|    std                | 0.792    |
|    value_loss         | 1.35e-05 |
------------------------------------
------------------------------------
| rollout/              |          |
|    ep_len_mean        | 48       |
|    ep_rew_mean        | -48      |
|    success_rate       | 0.04     |
| time/                 |          |
|    fps                | 950      |
|    iterations         | 30200    |
|    time_elapsed       | 635      |
|    total_timesteps    | 604000   |
| train/                |          |
|    entropy_loss       | -4.73    |
|    explained_variance | 0.897    |
|    learning_rate      | 0.0007   |
|    n_updates          | 30199    |
|    policy_loss        | -0.00414 |
|    std                | 0.792    |
|    value_loss         | 1.58e-05 |
------------------------------------
------------------------------------
| rollout/              |          |
|    ep_len_mean        | 49       |
|    ep_rew_mean        | -49      |
|    success_rate       | 0.02     |
| time/                 |          |
|    fps                | 951      |
|    iterations         | 30300    |
|    time_elapsed       | 636      |
|    total_timesteps    | 606000   |
| train/                |          |
|    entropy_loss       | -4.74    |
|    explained_variance | 0.746    |
|    learning_rate      | 0.0007   |
|    n_updates          | 30299    |
|    policy_loss        | -0.0137  |
|    std                | 0.793    |
|    value_loss         | 3.75e-05 |
------------------------------------
------------------------------------
| rollout/              |          |
|    ep_len_mean        | 49       |
|    ep_rew_mean        | -49      |
|    success_rate       | 0.02     |
| time/                 |          |
|    fps                | 952      |
|    iterations         | 30400    |
|    time_elapsed       | 638      |
|    total_timesteps    | 608000   |
| train/                |          |
|    entropy_loss       | -4.74    |
|    explained_variance | 0.969    |
|    learning_rate      | 0.0007   |
|    n_updates          | 30399    |
|    policy_loss        | 0.00415  |
|    std                | 0.793    |
|    value_loss         | 4.32e-06 |
------------------------------------
------------------------------------
| rollout/              |          |
|    ep_len_mean        | 49.7     |
|    ep_rew_mean        | -49.7    |
|    success_rate       | 0.01     |
| time/                 |          |
|    fps                | 952      |
|    iterations         | 30500    |
|    time_elapsed       | 640      |
|    total_timesteps    | 610000   |
| train/                |          |
|    entropy_loss       | -4.72    |
|    explained_variance | 0.986    |
|    learning_rate      | 0.0007   |
|    n_updates          | 30499    |
|    policy_loss        | -0.00325 |
|    std                | 0.79     |
|    value_loss         | 1.72e-06 |
------------------------------------
------------------------------------
| rollout/              |          |
|    ep_len_mean        | 48.7     |
|    ep_rew_mean        | -48.7    |
|    success_rate       | 0.03     |
| time/                 |          |
|    fps                | 953      |
|    iterations         | 30600    |
|    time_elapsed       | 641      |
|    total_timesteps    | 612000   |
| train/                |          |
|    entropy_loss       | -4.71    |
|    explained_variance | 0.899    |
|    learning_rate      | 0.0007   |
|    n_updates          | 30599    |
|    policy_loss        | -0.00747 |
|    std                | 0.787    |
|    value_loss         | 7.54e-06 |
------------------------------------
------------------------------------
| rollout/              |          |
|    ep_len_mean        | 48.7     |
|    ep_rew_mean        | -48.7    |
|    success_rate       | 0.03     |
| time/                 |          |
|    fps                | 954      |
|    iterations         | 30700    |
|    time_elapsed       | 643      |
|    total_timesteps    | 614000   |
| train/                |          |
|    entropy_loss       | -4.71    |
|    explained_variance | 0.824    |
|    learning_rate      | 0.0007   |
|    n_updates          | 30699    |
|    policy_loss        | 0.000531 |
|    std                | 0.787    |
|    value_loss         | 7.04e-06 |
------------------------------------
------------------------------------
| rollout/              |          |
|    ep_len_mean        | 49       |
|    ep_rew_mean        | -49      |
|    success_rate       | 0.02     |
| time/                 |          |
|    fps                | 954      |
|    iterations         | 30800    |
|    time_elapsed       | 645      |
|    total_timesteps    | 616000   |
| train/                |          |
|    entropy_loss       | -4.69    |
|    explained_variance | 0.968    |
|    learning_rate      | 0.0007   |
|    n_updates          | 30799    |
|    policy_loss        | -0.0024  |
|    std                | 0.784    |
|    value_loss         | 3.87e-06 |
------------------------------------
------------------------------------
| rollout/              |          |
|    ep_len_mean        | 49       |
|    ep_rew_mean        | -49      |
|    success_rate       | 0.02     |
| time/                 |          |
|    fps                | 955      |
|    iterations         | 30900    |
|    time_elapsed       | 646      |
|    total_timesteps    | 618000   |
| train/                |          |
|    entropy_loss       | -4.7     |
|    explained_variance | 0.795    |
|    learning_rate      | 0.0007   |
|    n_updates          | 30899    |
|    policy_loss        | -0.00105 |
|    std                | 0.785    |
|    value_loss         | 1.65e-06 |
------------------------------------
-------------------------------------
| rollout/              |           |
|    ep_len_mean        | 47.7      |
|    ep_rew_mean        | -47.6     |
|    success_rate       | 0.05      |
| time/                 |           |
|    fps                | 956       |
|    iterations         | 31000     |
|    time_elapsed       | 648       |
|    total_timesteps    | 620000    |
| train/                |           |
|    entropy_loss       | -4.68     |
|    explained_variance | 0.973     |
|    learning_rate      | 0.0007    |
|    n_updates          | 30999     |
|    policy_loss        | -0.000737 |
|    std                | 0.782     |
|    value_loss         | 6.87e-06  |
-------------------------------------
------------------------------------
| rollout/              |          |
|    ep_len_mean        | 47.8     |
|    ep_rew_mean        | -47.7    |
|    success_rate       | 0.05     |
| time/                 |          |
|    fps                | 956      |
|    iterations         | 31100    |
|    time_elapsed       | 650      |
|    total_timesteps    | 622000   |
| train/                |          |
|    entropy_loss       | -4.71    |
|    explained_variance | 0.657    |
|    learning_rate      | 0.0007   |
|    n_updates          | 31099    |
|    policy_loss        | 0.00145  |
|    std                | 0.788    |
|    value_loss         | 3.07e-05 |
------------------------------------
------------------------------------
| rollout/              |          |
|    ep_len_mean        | 48.9     |
|    ep_rew_mean        | -48.9    |
|    success_rate       | 0.03     |
| time/                 |          |
|    fps                | 957      |
|    iterations         | 31200    |
|    time_elapsed       | 651      |
|    total_timesteps    | 624000   |
| train/                |          |
|    entropy_loss       | -4.71    |
|    explained_variance | 0.961    |
|    learning_rate      | 0.0007   |
|    n_updates          | 31199    |
|    policy_loss        | 0.0026   |
|    std                | 0.787    |
|    value_loss         | 5.75e-06 |
------------------------------------
------------------------------------
| rollout/              |          |
|    ep_len_mean        | 48.3     |
|    ep_rew_mean        | -48.3    |
|    success_rate       | 0.04     |
| time/                 |          |
|    fps                | 958      |
|    iterations         | 31300    |
|    time_elapsed       | 653      |
|    total_timesteps    | 626000   |
| train/                |          |
|    entropy_loss       | -4.67    |
|    explained_variance | 0.978    |
|    learning_rate      | 0.0007   |
|    n_updates          | 31299    |
|    policy_loss        | -0.00215 |
|    std                | 0.78     |
|    value_loss         | 6.88e-06 |
------------------------------------
------------------------------------
| rollout/              |          |
|    ep_len_mean        | 47.1     |
|    ep_rew_mean        | -47      |
|    success_rate       | 0.06     |
| time/                 |          |
|    fps                | 958      |
|    iterations         | 31400    |
|    time_elapsed       | 655      |
|    total_timesteps    | 628000   |
| train/                |          |
|    entropy_loss       | -4.65    |
|    explained_variance | 0.96     |
|    learning_rate      | 0.0007   |
|    n_updates          | 31399    |
|    policy_loss        | 0.0122   |
|    std                | 0.775    |
|    value_loss         | 2.38e-05 |
------------------------------------
------------------------------------
| rollout/              |          |
|    ep_len_mean        | 48       |
|    ep_rew_mean        | -48      |
|    success_rate       | 0.04     |
| time/                 |          |
|    fps                | 959      |
|    iterations         | 31500    |
|    time_elapsed       | 656      |
|    total_timesteps    | 630000   |
| train/                |          |
|    entropy_loss       | -4.66    |
|    explained_variance | 0.87     |
|    learning_rate      | 0.0007   |
|    n_updates          | 31499    |
|    policy_loss        | -0.00174 |
|    std                | 0.778    |
|    value_loss         | 1.42e-05 |
------------------------------------
------------------------------------
| rollout/              |          |
|    ep_len_mean        | 48.3     |
|    ep_rew_mean        | -48.2    |
|    success_rate       | 0.04     |
| time/                 |          |
|    fps                | 959      |
|    iterations         | 31600    |
|    time_elapsed       | 658      |
|    total_timesteps    | 632000   |
| train/                |          |
|    entropy_loss       | -4.63    |
|    explained_variance | 0.982    |
|    learning_rate      | 0.0007   |
|    n_updates          | 31599    |
|    policy_loss        | -0.00417 |
|    std                | 0.772    |
|    value_loss         | 1.17e-05 |
------------------------------------
------------------------------------
| rollout/              |          |
|    ep_len_mean        | 48.3     |
|    ep_rew_mean        | -48.2    |
|    success_rate       | 0.04     |
| time/                 |          |
|    fps                | 960      |
|    iterations         | 31700    |
|    time_elapsed       | 660      |
|    total_timesteps    | 634000   |
| train/                |          |
|    entropy_loss       | -4.63    |
|    explained_variance | 0.906    |
|    learning_rate      | 0.0007   |
|    n_updates          | 31699    |
|    policy_loss        | 0.000211 |
|    std                | 0.772    |
|    value_loss         | 2.08e-06 |
------------------------------------
------------------------------------
| rollout/              |          |
|    ep_len_mean        | 48.3     |
|    ep_rew_mean        | -48.2    |
|    success_rate       | 0.04     |
| time/                 |          |
|    fps                | 961      |
|    iterations         | 31800    |
|    time_elapsed       | 661      |
|    total_timesteps    | 636000   |
| train/                |          |
|    entropy_loss       | -4.64    |
|    explained_variance | 0.851    |
|    learning_rate      | 0.0007   |
|    n_updates          | 31799    |
|    policy_loss        | 0.00442  |
|    std                | 0.774    |
|    value_loss         | 1.35e-05 |
------------------------------------
------------------------------------
| rollout/              |          |
|    ep_len_mean        | 48.2     |
|    ep_rew_mean        | -48.1    |
|    success_rate       | 0.04     |
| time/                 |          |
|    fps                | 961      |
|    iterations         | 31900    |
|    time_elapsed       | 663      |
|    total_timesteps    | 638000   |
| train/                |          |
|    entropy_loss       | -4.65    |
|    explained_variance | 0.941    |
|    learning_rate      | 0.0007   |
|    n_updates          | 31899    |
|    policy_loss        | -0.0104  |
|    std                | 0.775    |
|    value_loss         | 2.22e-05 |
------------------------------------
------------------------------------
| rollout/              |          |
|    ep_len_mean        | 48.6     |
|    ep_rew_mean        | -48.6    |
|    success_rate       | 0.03     |
| time/                 |          |
|    fps                | 962      |
|    iterations         | 32000    |
|    time_elapsed       | 665      |
|    total_timesteps    | 640000   |
| train/                |          |
|    entropy_loss       | -4.64    |
|    explained_variance | 0.958    |
|    learning_rate      | 0.0007   |
|    n_updates          | 31999    |
|    policy_loss        | -0.0116  |
|    std                | 0.774    |
|    value_loss         | 1.04e-05 |
------------------------------------
------------------------------------
| rollout/              |          |
|    ep_len_mean        | 48       |
|    ep_rew_mean        | -48      |
|    success_rate       | 0.04     |
| time/                 |          |
|    fps                | 962      |
|    iterations         | 32100    |
|    time_elapsed       | 666      |
|    total_timesteps    | 642000   |
| train/                |          |
|    entropy_loss       | -4.64    |
|    explained_variance | 0.806    |
|    learning_rate      | 0.0007   |
|    n_updates          | 32099    |
|    policy_loss        | -0.00693 |
|    std                | 0.775    |
|    value_loss         | 4.22e-05 |
------------------------------------
------------------------------------
| rollout/              |          |
|    ep_len_mean        | 48       |
|    ep_rew_mean        | -48      |
|    success_rate       | 0.04     |
| time/                 |          |
|    fps                | 963      |
|    iterations         | 32200    |
|    time_elapsed       | 668      |
|    total_timesteps    | 644000   |
| train/                |          |
|    entropy_loss       | -4.62    |
|    explained_variance | 0.808    |
|    learning_rate      | 0.0007   |
|    n_updates          | 32199    |
|    policy_loss        | -0.00427 |
|    std                | 0.771    |
|    value_loss         | 1.04e-05 |
------------------------------------
------------------------------------
| rollout/              |          |
|    ep_len_mean        | 49       |
|    ep_rew_mean        | -49      |
|    success_rate       | 0.02     |
| time/                 |          |
|    fps                | 964      |
|    iterations         | 32300    |
|    time_elapsed       | 669      |
|    total_timesteps    | 646000   |
| train/                |          |
|    entropy_loss       | -4.64    |
|    explained_variance | 0.928    |
|    learning_rate      | 0.0007   |
|    n_updates          | 32299    |
|    policy_loss        | -0.0048  |
|    std                | 0.774    |
|    value_loss         | 1.01e-05 |
------------------------------------
------------------------------------
| rollout/              |          |
|    ep_len_mean        | 49       |
|    ep_rew_mean        | -49      |
|    success_rate       | 0.02     |
| time/                 |          |
|    fps                | 964      |
|    iterations         | 32400    |
|    time_elapsed       | 671      |
|    total_timesteps    | 648000   |
| train/                |          |
|    entropy_loss       | -4.63    |
|    explained_variance | 0.884    |
|    learning_rate      | 0.0007   |
|    n_updates          | 32399    |
|    policy_loss        | 0.00587  |
|    std                | 0.772    |
|    value_loss         | 5.46e-06 |
------------------------------------
------------------------------------
| rollout/              |          |
|    ep_len_mean        | 47.1     |
|    ep_rew_mean        | -47      |
|    success_rate       | 0.06     |
| time/                 |          |
|    fps                | 965      |
|    iterations         | 32500    |
|    time_elapsed       | 673      |
|    total_timesteps    | 650000   |
| train/                |          |
|    entropy_loss       | -4.63    |
|    explained_variance | 0.98     |
|    learning_rate      | 0.0007   |
|    n_updates          | 32499    |
|    policy_loss        | -0.0189  |
|    std                | 0.773    |
|    value_loss         | 2.87e-05 |
------------------------------------
------------------------------------
| rollout/              |          |
|    ep_len_mean        | 47.1     |
|    ep_rew_mean        | -47      |
|    success_rate       | 0.06     |
| time/                 |          |
|    fps                | 966      |
|    iterations         | 32600    |
|    time_elapsed       | 674      |
|    total_timesteps    | 652000   |
| train/                |          |
|    entropy_loss       | -4.63    |
|    explained_variance | 0.975    |
|    learning_rate      | 0.0007   |
|    n_updates          | 32599    |
|    policy_loss        | 0.00402  |
|    std                | 0.771    |
|    value_loss         | 1.16e-05 |
------------------------------------
------------------------------------
| rollout/              |          |
|    ep_len_mean        | 48.5     |
|    ep_rew_mean        | -48.5    |
|    success_rate       | 0.03     |
| time/                 |          |
|    fps                | 966      |
|    iterations         | 32700    |
|    time_elapsed       | 676      |
|    total_timesteps    | 654000   |
| train/                |          |
|    entropy_loss       | -4.61    |
|    explained_variance | 0.809    |
|    learning_rate      | 0.0007   |
|    n_updates          | 32699    |
|    policy_loss        | -0.00368 |
|    std                | 0.769    |
|    value_loss         | 1.63e-05 |
------------------------------------
------------------------------------
| rollout/              |          |
|    ep_len_mean        | 48.5     |
|    ep_rew_mean        | -48.5    |
|    success_rate       | 0.03     |
| time/                 |          |
|    fps                | 967      |
|    iterations         | 32800    |
|    time_elapsed       | 678      |
|    total_timesteps    | 656000   |
| train/                |          |
|    entropy_loss       | -4.63    |
|    explained_variance | 0.932    |
|    learning_rate      | 0.0007   |
|    n_updates          | 32799    |
|    policy_loss        | 0.013    |
|    std                | 0.771    |
|    value_loss         | 1.77e-05 |
------------------------------------
------------------------------------
| rollout/              |          |
|    ep_len_mean        | 48.4     |
|    ep_rew_mean        | -48.3    |
|    success_rate       | 0.04     |
| time/                 |          |
|    fps                | 967      |
|    iterations         | 32900    |
|    time_elapsed       | 679      |
|    total_timesteps    | 658000   |
| train/                |          |
|    entropy_loss       | -4.6     |
|    explained_variance | 0.905    |
|    learning_rate      | 0.0007   |
|    n_updates          | 32899    |
|    policy_loss        | -0.0119  |
|    std                | 0.767    |
|    value_loss         | 2.39e-05 |
------------------------------------
------------------------------------
| rollout/              |          |
|    ep_len_mean        | 48.9     |
|    ep_rew_mean        | -48.8    |
|    success_rate       | 0.03     |
| time/                 |          |
|    fps                | 968      |
|    iterations         | 33000    |
|    time_elapsed       | 681      |
|    total_timesteps    | 660000   |
| train/                |          |
|    entropy_loss       | -4.6     |
|    explained_variance | 0.98     |
|    learning_rate      | 0.0007   |
|    n_updates          | 32999    |
|    policy_loss        | 0.00209  |
|    std                | 0.766    |
|    value_loss         | 3.09e-06 |
------------------------------------
------------------------------------
| rollout/              |          |
|    ep_len_mean        | 48.1     |
|    ep_rew_mean        | -48.1    |
|    success_rate       | 0.05     |
| time/                 |          |
|    fps                | 969      |
|    iterations         | 33100    |
|    time_elapsed       | 683      |
|    total_timesteps    | 662000   |
| train/                |          |
|    entropy_loss       | -4.57    |
|    explained_variance | 0.355    |
|    learning_rate      | 0.0007   |
|    n_updates          | 33099    |
|    policy_loss        | 0.00755  |
|    std                | 0.76     |
|    value_loss         | 2.81e-05 |
------------------------------------
------------------------------------
| rollout/              |          |
|    ep_len_mean        | 47.3     |
|    ep_rew_mean        | -47.3    |
|    success_rate       | 0.06     |
| time/                 |          |
|    fps                | 969      |
|    iterations         | 33200    |
|    time_elapsed       | 684      |
|    total_timesteps    | 664000   |
| train/                |          |
|    entropy_loss       | -4.53    |
|    explained_variance | 0.986    |
|    learning_rate      | 0.0007   |
|    n_updates          | 33199    |
|    policy_loss        | 0.00715  |
|    std                | 0.753    |
|    value_loss         | 1.28e-05 |
------------------------------------
------------------------------------
| rollout/              |          |
|    ep_len_mean        | 46.8     |
|    ep_rew_mean        | -46.8    |
|    success_rate       | 0.07     |
| time/                 |          |
|    fps                | 970      |
|    iterations         | 33300    |
|    time_elapsed       | 686      |
|    total_timesteps    | 666000   |
| train/                |          |
|    entropy_loss       | -4.52    |
|    explained_variance | 0.961    |
|    learning_rate      | 0.0007   |
|    n_updates          | 33299    |
|    policy_loss        | -0.0105  |
|    std                | 0.751    |
|    value_loss         | 8.07e-06 |
------------------------------------
------------------------------------
| rollout/              |          |
|    ep_len_mean        | 48.5     |
|    ep_rew_mean        | -48.5    |
|    success_rate       | 0.03     |
| time/                 |          |
|    fps                | 970      |
|    iterations         | 33400    |
|    time_elapsed       | 687      |
|    total_timesteps    | 668000   |
| train/                |          |
|    entropy_loss       | -4.52    |
|    explained_variance | 0.727    |
|    learning_rate      | 0.0007   |
|    n_updates          | 33399    |
|    policy_loss        | 0.00765  |
|    std                | 0.751    |
|    value_loss         | 6.87e-06 |
------------------------------------
------------------------------------
| rollout/              |          |
|    ep_len_mean        | 49       |
|    ep_rew_mean        | -49      |
|    success_rate       | 0.02     |
| time/                 |          |
|    fps                | 971      |
|    iterations         | 33500    |
|    time_elapsed       | 689      |
|    total_timesteps    | 670000   |
| train/                |          |
|    entropy_loss       | -4.53    |
|    explained_variance | 0.954    |
|    learning_rate      | 0.0007   |
|    n_updates          | 33499    |
|    policy_loss        | -0.0118  |
|    std                | 0.753    |
|    value_loss         | 1.05e-05 |
------------------------------------
------------------------------------
| rollout/              |          |
|    ep_len_mean        | 49       |
|    ep_rew_mean        | -49      |
|    success_rate       | 0.02     |
| time/                 |          |
|    fps                | 972      |
|    iterations         | 33600    |
|    time_elapsed       | 691      |
|    total_timesteps    | 672000   |
| train/                |          |
|    entropy_loss       | -4.53    |
|    explained_variance | 0.759    |
|    learning_rate      | 0.0007   |
|    n_updates          | 33599    |
|    policy_loss        | 0.00428  |
|    std                | 0.752    |
|    value_loss         | 8.92e-06 |
------------------------------------
-------------------------------------
| rollout/              |           |
|    ep_len_mean        | 48.8      |
|    ep_rew_mean        | -48.8     |
|    success_rate       | 0.03      |
| time/                 |           |
|    fps                | 972       |
|    iterations         | 33700     |
|    time_elapsed       | 692       |
|    total_timesteps    | 674000    |
| train/                |           |
|    entropy_loss       | -4.51     |
|    explained_variance | 0.973     |
|    learning_rate      | 0.0007    |
|    n_updates          | 33699     |
|    policy_loss        | -2.22e-06 |
|    std                | 0.749     |
|    value_loss         | 3.94e-06  |
-------------------------------------
------------------------------------
| rollout/              |          |
|    ep_len_mean        | 48.3     |
|    ep_rew_mean        | -48.2    |
|    success_rate       | 0.04     |
| time/                 |          |
|    fps                | 973      |
|    iterations         | 33800    |
|    time_elapsed       | 694      |
|    total_timesteps    | 676000   |
| train/                |          |
|    entropy_loss       | -4.53    |
|    explained_variance | 0.811    |
|    learning_rate      | 0.0007   |
|    n_updates          | 33799    |
|    policy_loss        | -0.0184  |
|    std                | 0.752    |
|    value_loss         | 3.58e-05 |
------------------------------------
------------------------------------
| rollout/              |          |
|    ep_len_mean        | 48.8     |
|    ep_rew_mean        | -48.8    |
|    success_rate       | 0.03     |
| time/                 |          |
|    fps                | 973      |
|    iterations         | 33900    |
|    time_elapsed       | 696      |
|    total_timesteps    | 678000   |
| train/                |          |
|    entropy_loss       | -4.53    |
|    explained_variance | 0.971    |
|    learning_rate      | 0.0007   |
|    n_updates          | 33899    |
|    policy_loss        | -0.00431 |
|    std                | 0.752    |
|    value_loss         | 8.26e-06 |
------------------------------------
------------------------------------
| rollout/              |          |
|    ep_len_mean        | 50       |
|    ep_rew_mean        | -50      |
|    success_rate       | 0        |
| time/                 |          |
|    fps                | 974      |
|    iterations         | 34000    |
|    time_elapsed       | 697      |
|    total_timesteps    | 680000   |
| train/                |          |
|    entropy_loss       | -4.51    |
|    explained_variance | 0.483    |
|    learning_rate      | 0.0007   |
|    n_updates          | 33999    |
|    policy_loss        | 3.7e-05  |
|    std                | 0.749    |
|    value_loss         | 8.19e-06 |
------------------------------------
------------------------------------
| rollout/              |          |
|    ep_len_mean        | 49       |
|    ep_rew_mean        | -49      |
|    success_rate       | 0.02     |
| time/                 |          |
|    fps                | 975      |
|    iterations         | 34100    |
|    time_elapsed       | 699      |
|    total_timesteps    | 682000   |
| train/                |          |
|    entropy_loss       | -4.5     |
|    explained_variance | 0.956    |
|    learning_rate      | 0.0007   |
|    n_updates          | 34099    |
|    policy_loss        | 0.00293  |
|    std                | 0.747    |
|    value_loss         | 2.7e-06  |
------------------------------------
------------------------------------
| rollout/              |          |
|    ep_len_mean        | 48.5     |
|    ep_rew_mean        | -48.5    |
|    success_rate       | 0.03     |
| time/                 |          |
|    fps                | 975      |
|    iterations         | 34200    |
|    time_elapsed       | 701      |
|    total_timesteps    | 684000   |
| train/                |          |
|    entropy_loss       | -4.49    |
|    explained_variance | 0.783    |
|    learning_rate      | 0.0007   |
|    n_updates          | 34199    |
|    policy_loss        | 0.00401  |
|    std                | 0.744    |
|    value_loss         | 6.53e-06 |
------------------------------------
------------------------------------
| rollout/              |          |
|    ep_len_mean        | 48.5     |
|    ep_rew_mean        | -48.5    |
|    success_rate       | 0.03     |
| time/                 |          |
|    fps                | 976      |
|    iterations         | 34300    |
|    time_elapsed       | 702      |
|    total_timesteps    | 686000   |
| train/                |          |
|    entropy_loss       | -4.48    |
|    explained_variance | 0.942    |
|    learning_rate      | 0.0007   |
|    n_updates          | 34299    |
|    policy_loss        | 0.00328  |
|    std                | 0.743    |
|    value_loss         | 3.51e-05 |
------------------------------------
------------------------------------
| rollout/              |          |
|    ep_len_mean        | 49       |
|    ep_rew_mean        | -49      |
|    success_rate       | 0.02     |
| time/                 |          |
|    fps                | 976      |
|    iterations         | 34400    |
|    time_elapsed       | 704      |
|    total_timesteps    | 688000   |
| train/                |          |
|    entropy_loss       | -4.49    |
|    explained_variance | 0.573    |
|    learning_rate      | 0.0007   |
|    n_updates          | 34399    |
|    policy_loss        | 0.0137   |
|    std                | 0.745    |
|    value_loss         | 1.23e-05 |
------------------------------------
------------------------------------
| rollout/              |          |
|    ep_len_mean        | 48       |
|    ep_rew_mean        | -48      |
|    success_rate       | 0.04     |
| time/                 |          |
|    fps                | 977      |
|    iterations         | 34500    |
|    time_elapsed       | 705      |
|    total_timesteps    | 690000   |
| train/                |          |
|    entropy_loss       | -4.48    |
|    explained_variance | 0.935    |
|    learning_rate      | 0.0007   |
|    n_updates          | 34499    |
|    policy_loss        | -0.00586 |
|    std                | 0.743    |
|    value_loss         | 2.88e-05 |
------------------------------------
------------------------------------
| rollout/              |          |
|    ep_len_mean        | 47.1     |
|    ep_rew_mean        | -47      |
|    success_rate       | 0.06     |
| time/                 |          |
|    fps                | 977      |
|    iterations         | 34600    |
|    time_elapsed       | 707      |
|    total_timesteps    | 692000   |
| train/                |          |
|    entropy_loss       | -4.45    |
|    explained_variance | 0.96     |
|    learning_rate      | 0.0007   |
|    n_updates          | 34599    |
|    policy_loss        | 0.00311  |
|    std                | 0.738    |
|    value_loss         | 1.28e-05 |
------------------------------------
------------------------------------
| rollout/              |          |
|    ep_len_mean        | 47.1     |
|    ep_rew_mean        | -47      |
|    success_rate       | 0.06     |
| time/                 |          |
|    fps                | 978      |
|    iterations         | 34700    |
|    time_elapsed       | 709      |
|    total_timesteps    | 694000   |
| train/                |          |
|    entropy_loss       | -4.45    |
|    explained_variance | 0.934    |
|    learning_rate      | 0.0007   |
|    n_updates          | 34699    |
|    policy_loss        | 0.00761  |
|    std                | 0.738    |
|    value_loss         | 7.21e-06 |
------------------------------------
------------------------------------
| rollout/              |          |
|    ep_len_mean        | 49       |
|    ep_rew_mean        | -49      |
|    success_rate       | 0.02     |
| time/                 |          |
|    fps                | 978      |
|    iterations         | 34800    |
|    time_elapsed       | 711      |
|    total_timesteps    | 696000   |
| train/                |          |
|    entropy_loss       | -4.46    |
|    explained_variance | 0.978    |
|    learning_rate      | 0.0007   |
|    n_updates          | 34799    |
|    policy_loss        | -0.00103 |
|    std                | 0.739    |
|    value_loss         | 2.7e-06  |
------------------------------------
------------------------------------
| rollout/              |          |
|    ep_len_mean        | 49.5     |
|    ep_rew_mean        | -49.5    |
|    success_rate       | 0.01     |
| time/                 |          |
|    fps                | 979      |
|    iterations         | 34900    |
|    time_elapsed       | 712      |
|    total_timesteps    | 698000   |
| train/                |          |
|    entropy_loss       | -4.46    |
|    explained_variance | 0.714    |
|    learning_rate      | 0.0007   |
|    n_updates          | 34899    |
|    policy_loss        | 0.000795 |
|    std                | 0.739    |
|    value_loss         | 5.44e-06 |
------------------------------------
------------------------------------
| rollout/              |          |
|    ep_len_mean        | 49.5     |
|    ep_rew_mean        | -49.5    |
|    success_rate       | 0.01     |
| time/                 |          |
|    fps                | 979      |
|    iterations         | 35000    |
|    time_elapsed       | 714      |
|    total_timesteps    | 700000   |
| train/                |          |
|    entropy_loss       | -4.43    |
|    explained_variance | 0.748    |
|    learning_rate      | 0.0007   |
|    n_updates          | 34999    |
|    policy_loss        | -0.00902 |
|    std                | 0.733    |
|    value_loss         | 6.7e-06  |
------------------------------------
------------------------------------
| rollout/              |          |
|    ep_len_mean        | 47.1     |
|    ep_rew_mean        | -47      |
|    success_rate       | 0.06     |
| time/                 |          |
|    fps                | 980      |
|    iterations         | 35100    |
|    time_elapsed       | 716      |
|    total_timesteps    | 702000   |
| train/                |          |
|    entropy_loss       | -4.43    |
|    explained_variance | 0.986    |
|    learning_rate      | 0.0007   |
|    n_updates          | 35099    |
|    policy_loss        | -0.0175  |
|    std                | 0.733    |
|    value_loss         | 2.05e-05 |
------------------------------------
------------------------------------
| rollout/              |          |
|    ep_len_mean        | 47.1     |
|    ep_rew_mean        | -47      |
|    success_rate       | 0.06     |
| time/                 |          |
|    fps                | 980      |
|    iterations         | 35200    |
|    time_elapsed       | 717      |
|    total_timesteps    | 704000   |
| train/                |          |
|    entropy_loss       | -4.43    |
|    explained_variance | 0.913    |
|    learning_rate      | 0.0007   |
|    n_updates          | 35199    |
|    policy_loss        | 0.012    |
|    std                | 0.734    |
|    value_loss         | 3.56e-05 |
------------------------------------
------------------------------------
| rollout/              |          |
|    ep_len_mean        | 47.5     |
|    ep_rew_mean        | -47.5    |
|    success_rate       | 0.05     |
| time/                 |          |
|    fps                | 981      |
|    iterations         | 35300    |
|    time_elapsed       | 719      |
|    total_timesteps    | 706000   |
| train/                |          |
|    entropy_loss       | -4.44    |
|    explained_variance | 0.974    |
|    learning_rate      | 0.0007   |
|    n_updates          | 35299    |
|    policy_loss        | 0.00235  |
|    std                | 0.735    |
|    value_loss         | 4.85e-06 |
------------------------------------
------------------------------------
| rollout/              |          |
|    ep_len_mean        | 48.5     |
|    ep_rew_mean        | -48.5    |
|    success_rate       | 0.03     |
| time/                 |          |
|    fps                | 981      |
|    iterations         | 35400    |
|    time_elapsed       | 721      |
|    total_timesteps    | 708000   |
| train/                |          |
|    entropy_loss       | -4.44    |
|    explained_variance | 0.73     |
|    learning_rate      | 0.0007   |
|    n_updates          | 35399    |
|    policy_loss        | -0.00931 |
|    std                | 0.735    |
|    value_loss         | 2.33e-05 |
------------------------------------
------------------------------------
| rollout/              |          |
|    ep_len_mean        | 49       |
|    ep_rew_mean        | -49      |
|    success_rate       | 0.02     |
| time/                 |          |
|    fps                | 982      |
|    iterations         | 35500    |
|    time_elapsed       | 722      |
|    total_timesteps    | 710000   |
| train/                |          |
|    entropy_loss       | -4.44    |
|    explained_variance | 0.919    |
|    learning_rate      | 0.0007   |
|    n_updates          | 35499    |
|    policy_loss        | 0.00318  |
|    std                | 0.736    |
|    value_loss         | 1.77e-06 |
------------------------------------
------------------------------------
| rollout/              |          |
|    ep_len_mean        | 48       |
|    ep_rew_mean        | -48      |
|    success_rate       | 0.04     |
| time/                 |          |
|    fps                | 982      |
|    iterations         | 35600    |
|    time_elapsed       | 724      |
|    total_timesteps    | 712000   |
| train/                |          |
|    entropy_loss       | -4.42    |
|    explained_variance | 0.956    |
|    learning_rate      | 0.0007   |
|    n_updates          | 35599    |
|    policy_loss        | 0.0101   |
|    std                | 0.731    |
|    value_loss         | 2.04e-05 |
------------------------------------
------------------------------------
| rollout/              |          |
|    ep_len_mean        | 47.1     |
|    ep_rew_mean        | -47      |
|    success_rate       | 0.06     |
| time/                 |          |
|    fps                | 982      |
|    iterations         | 35700    |
|    time_elapsed       | 726      |
|    total_timesteps    | 714000   |
| train/                |          |
|    entropy_loss       | -4.41    |
|    explained_variance | 0.945    |
|    learning_rate      | 0.0007   |
|    n_updates          | 35699    |
|    policy_loss        | -0.0159  |
|    std                | 0.73     |
|    value_loss         | 3.05e-05 |
------------------------------------
------------------------------------
| rollout/              |          |
|    ep_len_mean        | 46.1     |
|    ep_rew_mean        | -46      |
|    success_rate       | 0.08     |
| time/                 |          |
|    fps                | 983      |
|    iterations         | 35800    |
|    time_elapsed       | 728      |
|    total_timesteps    | 716000   |
| train/                |          |
|    entropy_loss       | -4.38    |
|    explained_variance | 0.699    |
|    learning_rate      | 0.0007   |
|    n_updates          | 35799    |
|    policy_loss        | 0.0293   |
|    std                | 0.726    |
|    value_loss         | 8.34e-05 |
------------------------------------
------------------------------------
| rollout/              |          |
|    ep_len_mean        | 45.1     |
|    ep_rew_mean        | -45      |
|    success_rate       | 0.1      |
| time/                 |          |
|    fps                | 983      |
|    iterations         | 35900    |
|    time_elapsed       | 729      |
|    total_timesteps    | 718000   |
| train/                |          |
|    entropy_loss       | -4.37    |
|    explained_variance | 0.948    |
|    learning_rate      | 0.0007   |
|    n_updates          | 35899    |
|    policy_loss        | -0.0356  |
|    std                | 0.724    |
|    value_loss         | 0.000108 |
------------------------------------
------------------------------------
| rollout/              |          |
|    ep_len_mean        | 47.1     |
|    ep_rew_mean        | -47      |
|    success_rate       | 0.06     |
| time/                 |          |
|    fps                | 984      |
|    iterations         | 36000    |
|    time_elapsed       | 731      |
|    total_timesteps    | 720000   |
| train/                |          |
|    entropy_loss       | -4.38    |
|    explained_variance | 0.977    |
|    learning_rate      | 0.0007   |
|    n_updates          | 35999    |
|    policy_loss        | 0.00644  |
|    std                | 0.725    |
|    value_loss         | 6.53e-06 |
------------------------------------
------------------------------------
| rollout/              |          |
|    ep_len_mean        | 48.5     |
|    ep_rew_mean        | -48.5    |
|    success_rate       | 0.03     |
| time/                 |          |
|    fps                | 984      |
|    iterations         | 36100    |
|    time_elapsed       | 733      |
|    total_timesteps    | 722000   |
| train/                |          |
|    entropy_loss       | -4.38    |
|    explained_variance | 0.969    |
|    learning_rate      | 0.0007   |
|    n_updates          | 36099    |
|    policy_loss        | 0.00478  |
|    std                | 0.725    |
|    value_loss         | 4.86e-06 |
------------------------------------
------------------------------------
| rollout/              |          |
|    ep_len_mean        | 50       |
|    ep_rew_mean        | -50      |
|    success_rate       | 0        |
| time/                 |          |
|    fps                | 984      |
|    iterations         | 36200    |
|    time_elapsed       | 735      |
|    total_timesteps    | 724000   |
| train/                |          |
|    entropy_loss       | -4.38    |
|    explained_variance | 0.281    |
|    learning_rate      | 0.0007   |
|    n_updates          | 36199    |
|    policy_loss        | -0.00133 |
|    std                | 0.725    |
|    value_loss         | 1.19e-05 |
------------------------------------
------------------------------------
| rollout/              |          |
|    ep_len_mean        | 49.5     |
|    ep_rew_mean        | -49.5    |
|    success_rate       | 0.01     |
| time/                 |          |
|    fps                | 985      |
|    iterations         | 36300    |
|    time_elapsed       | 736      |
|    total_timesteps    | 726000   |
| train/                |          |
|    entropy_loss       | -4.37    |
|    explained_variance | 0.929    |
|    learning_rate      | 0.0007   |
|    n_updates          | 36299    |
|    policy_loss        | -0.0125  |
|    std                | 0.723    |
|    value_loss         | 2.95e-05 |
------------------------------------
------------------------------------
| rollout/              |          |
|    ep_len_mean        | 49.5     |
|    ep_rew_mean        | -49.5    |
|    success_rate       | 0.01     |
| time/                 |          |
|    fps                | 985      |
|    iterations         | 36400    |
|    time_elapsed       | 738      |
|    total_timesteps    | 728000   |
| train/                |          |
|    entropy_loss       | -4.37    |
|    explained_variance | 0.952    |
|    learning_rate      | 0.0007   |
|    n_updates          | 36399    |
|    policy_loss        | -0.00764 |
|    std                | 0.723    |
|    value_loss         | 8.62e-06 |
------------------------------------
------------------------------------
| rollout/              |          |
|    ep_len_mean        | 49.5     |
|    ep_rew_mean        | -49.5    |
|    success_rate       | 0.01     |
| time/                 |          |
|    fps                | 986      |
|    iterations         | 36500    |
|    time_elapsed       | 740      |
|    total_timesteps    | 730000   |
| train/                |          |
|    entropy_loss       | -4.35    |
|    explained_variance | 0.843    |
|    learning_rate      | 0.0007   |
|    n_updates          | 36499    |
|    policy_loss        | 8.36e-05 |
|    std                | 0.719    |
|    value_loss         | 8.5e-06  |
------------------------------------
------------------------------------
| rollout/              |          |
|    ep_len_mean        | 49.1     |
|    ep_rew_mean        | -49.1    |
|    success_rate       | 0.02     |
| time/                 |          |
|    fps                | 986      |
|    iterations         | 36600    |
|    time_elapsed       | 741      |
|    total_timesteps    | 732000   |
| train/                |          |
|    entropy_loss       | -4.34    |
|    explained_variance | 0.98     |
|    learning_rate      | 0.0007   |
|    n_updates          | 36599    |
|    policy_loss        | 0.00202  |
|    std                | 0.718    |
|    value_loss         | 2.42e-06 |
------------------------------------
------------------------------------
| rollout/              |          |
|    ep_len_mean        | 49.1     |
|    ep_rew_mean        | -49.1    |
|    success_rate       | 0.02     |
| time/                 |          |
|    fps                | 986      |
|    iterations         | 36700    |
|    time_elapsed       | 743      |
|    total_timesteps    | 734000   |
| train/                |          |
|    entropy_loss       | -4.35    |
|    explained_variance | 0.967    |
|    learning_rate      | 0.0007   |
|    n_updates          | 36699    |
|    policy_loss        | -0.00232 |
|    std                | 0.719    |
|    value_loss         | 3.79e-06 |
------------------------------------
------------------------------------
| rollout/              |          |
|    ep_len_mean        | 48.5     |
|    ep_rew_mean        | -48.5    |
|    success_rate       | 0.03     |
| time/                 |          |
|    fps                | 987      |
|    iterations         | 36800    |
|    time_elapsed       | 745      |
|    total_timesteps    | 736000   |
| train/                |          |
|    entropy_loss       | -4.33    |
|    explained_variance | 0.948    |
|    learning_rate      | 0.0007   |
|    n_updates          | 36799    |
|    policy_loss        | 0.00164  |
|    std                | 0.715    |
|    value_loss         | 2.54e-06 |
------------------------------------
------------------------------------
| rollout/              |          |
|    ep_len_mean        | 47.5     |
|    ep_rew_mean        | -47.5    |
|    success_rate       | 0.05     |
| time/                 |          |
|    fps                | 987      |
|    iterations         | 36900    |
|    time_elapsed       | 747      |
|    total_timesteps    | 738000   |
| train/                |          |
|    entropy_loss       | -4.29    |
|    explained_variance | 0.691    |
|    learning_rate      | 0.0007   |
|    n_updates          | 36899    |
|    policy_loss        | -0.00349 |
|    std                | 0.709    |
|    value_loss         | 1.79e-05 |
------------------------------------
------------------------------------
| rollout/              |          |
|    ep_len_mean        | 48.5     |
|    ep_rew_mean        | -48.5    |
|    success_rate       | 0.03     |
| time/                 |          |
|    fps                | 988      |
|    iterations         | 37000    |
|    time_elapsed       | 748      |
|    total_timesteps    | 740000   |
| train/                |          |
|    entropy_loss       | -4.3     |
|    explained_variance | 0.814    |
|    learning_rate      | 0.0007   |
|    n_updates          | 36999    |
|    policy_loss        | 0.000401 |
|    std                | 0.71     |
|    value_loss         | 5.26e-06 |
------------------------------------
------------------------------------
| rollout/              |          |
|    ep_len_mean        | 49       |
|    ep_rew_mean        | -49      |
|    success_rate       | 0.02     |
| time/                 |          |
|    fps                | 988      |
|    iterations         | 37100    |
|    time_elapsed       | 750      |
|    total_timesteps    | 742000   |
| train/                |          |
|    entropy_loss       | -4.28    |
|    explained_variance | 0.812    |
|    learning_rate      | 0.0007   |
|    n_updates          | 37099    |
|    policy_loss        | 0.0189   |
|    std                | 0.706    |
|    value_loss         | 9.69e-05 |
------------------------------------
------------------------------------
| rollout/              |          |
|    ep_len_mean        | 47.5     |
|    ep_rew_mean        | -47.5    |
|    success_rate       | 0.05     |
| time/                 |          |
|    fps                | 988      |
|    iterations         | 37200    |
|    time_elapsed       | 752      |
|    total_timesteps    | 744000   |
| train/                |          |
|    entropy_loss       | -4.24    |
|    explained_variance | 0.899    |
|    learning_rate      | 0.0007   |
|    n_updates          | 37199    |
|    policy_loss        | -0.00501 |
|    std                | 0.7      |
|    value_loss         | 5.11e-06 |
------------------------------------
------------------------------------
| rollout/              |          |
|    ep_len_mean        | 48       |
|    ep_rew_mean        | -48      |
|    success_rate       | 0.04     |
| time/                 |          |
|    fps                | 989      |
|    iterations         | 37300    |
|    time_elapsed       | 754      |
|    total_timesteps    | 746000   |
| train/                |          |
|    entropy_loss       | -4.24    |
|    explained_variance | 0.956    |
|    learning_rate      | 0.0007   |
|    n_updates          | 37299    |
|    policy_loss        | 0.000502 |
|    std                | 0.7      |
|    value_loss         | 5.8e-06  |
------------------------------------
------------------------------------
| rollout/              |          |
|    ep_len_mean        | 48       |
|    ep_rew_mean        | -48      |
|    success_rate       | 0.04     |
| time/                 |          |
|    fps                | 989      |
|    iterations         | 37400    |
|    time_elapsed       | 755      |
|    total_timesteps    | 748000   |
| train/                |          |
|    entropy_loss       | -4.23    |
|    explained_variance | 0.977    |
|    learning_rate      | 0.0007   |
|    n_updates          | 37399    |
|    policy_loss        | 0.000904 |
|    std                | 0.698    |
|    value_loss         | 3.86e-06 |
------------------------------------
------------------------------------
| rollout/              |          |
|    ep_len_mean        | 48.5     |
|    ep_rew_mean        | -48.5    |
|    success_rate       | 0.03     |
| time/                 |          |
|    fps                | 990      |
|    iterations         | 37500    |
|    time_elapsed       | 757      |
|    total_timesteps    | 750000   |
| train/                |          |
|    entropy_loss       | -4.23    |
|    explained_variance | 0.951    |
|    learning_rate      | 0.0007   |
|    n_updates          | 37499    |
|    policy_loss        | -0.00683 |
|    std                | 0.698    |
|    value_loss         | 8.24e-06 |
------------------------------------
------------------------------------
| rollout/              |          |
|    ep_len_mean        | 48.5     |
|    ep_rew_mean        | -48.5    |
|    success_rate       | 0.03     |
| time/                 |          |
|    fps                | 990      |
|    iterations         | 37600    |
|    time_elapsed       | 759      |
|    total_timesteps    | 752000   |
| train/                |          |
|    entropy_loss       | -4.24    |
|    explained_variance | 0.993    |
|    learning_rate      | 0.0007   |
|    n_updates          | 37599    |
|    policy_loss        | -0.00149 |
|    std                | 0.7      |
|    value_loss         | 6.63e-07 |
------------------------------------
------------------------------------
| rollout/              |          |
|    ep_len_mean        | 48.5     |
|    ep_rew_mean        | -48.5    |
|    success_rate       | 0.03     |
| time/                 |          |
|    fps                | 991      |
|    iterations         | 37700    |
|    time_elapsed       | 760      |
|    total_timesteps    | 754000   |
| train/                |          |
|    entropy_loss       | -4.24    |
|    explained_variance | 0.742    |
|    learning_rate      | 0.0007   |
|    n_updates          | 37699    |
|    policy_loss        | -0.00356 |
|    std                | 0.699    |
|    value_loss         | 1.07e-05 |
------------------------------------
------------------------------------
| rollout/              |          |
|    ep_len_mean        | 48.5     |
|    ep_rew_mean        | -48.5    |
|    success_rate       | 0.03     |
| time/                 |          |
|    fps                | 991      |
|    iterations         | 37800    |
|    time_elapsed       | 762      |
|    total_timesteps    | 756000   |
| train/                |          |
|    entropy_loss       | -4.23    |
|    explained_variance | 0.974    |
|    learning_rate      | 0.0007   |
|    n_updates          | 37799    |
|    policy_loss        | 0.000792 |
|    std                | 0.698    |
|    value_loss         | 7.96e-07 |
------------------------------------
------------------------------------
| rollout/              |          |
|    ep_len_mean        | 49       |
|    ep_rew_mean        | -49      |
|    success_rate       | 0.02     |
| time/                 |          |
|    fps                | 992      |
|    iterations         | 37900    |
|    time_elapsed       | 764      |
|    total_timesteps    | 758000   |
| train/                |          |
|    entropy_loss       | -4.23    |
|    explained_variance | 0.912    |
|    learning_rate      | 0.0007   |
|    n_updates          | 37899    |
|    policy_loss        | 0.000266 |
|    std                | 0.697    |
|    value_loss         | 1.2e-06  |
------------------------------------
-------------------------------------
| rollout/              |           |
|    ep_len_mean        | 49.5      |
|    ep_rew_mean        | -49.5     |
|    success_rate       | 0.01      |
| time/                 |           |
|    fps                | 992       |
|    iterations         | 38000     |
|    time_elapsed       | 765       |
|    total_timesteps    | 760000    |
| train/                |           |
|    entropy_loss       | -4.24     |
|    explained_variance | 0.769     |
|    learning_rate      | 0.0007    |
|    n_updates          | 37999     |
|    policy_loss        | -0.000926 |
|    std                | 0.7       |
|    value_loss         | 4.77e-06  |
-------------------------------------
------------------------------------
| rollout/              |          |
|    ep_len_mean        | 49.5     |
|    ep_rew_mean        | -49.5    |
|    success_rate       | 0.01     |
| time/                 |          |
|    fps                | 993      |
|    iterations         | 38100    |
|    time_elapsed       | 767      |
|    total_timesteps    | 762000   |
| train/                |          |
|    entropy_loss       | -4.24    |
|    explained_variance | 0.461    |
|    learning_rate      | 0.0007   |
|    n_updates          | 38099    |
|    policy_loss        | -4.5e-05 |
|    std                | 0.701    |
|    value_loss         | 3.44e-06 |
------------------------------------
------------------------------------
| rollout/              |          |
|    ep_len_mean        | 49       |
|    ep_rew_mean        | -49      |
|    success_rate       | 0.02     |
| time/                 |          |
|    fps                | 993      |
|    iterations         | 38200    |
|    time_elapsed       | 768      |
|    total_timesteps    | 764000   |
| train/                |          |
|    entropy_loss       | -4.25    |
|    explained_variance | 0.964    |
|    learning_rate      | 0.0007   |
|    n_updates          | 38199    |
|    policy_loss        | -0.00869 |
|    std                | 0.701    |
|    value_loss         | 1.44e-05 |
------------------------------------
------------------------------------
| rollout/              |          |
|    ep_len_mean        | 48.5     |
|    ep_rew_mean        | -48.5    |
|    success_rate       | 0.03     |
| time/                 |          |
|    fps                | 994      |
|    iterations         | 38300    |
|    time_elapsed       | 770      |
|    total_timesteps    | 766000   |
| train/                |          |
|    entropy_loss       | -4.24    |
|    explained_variance | 0.957    |
|    learning_rate      | 0.0007   |
|    n_updates          | 38299    |
|    policy_loss        | -0.00035 |
|    std                | 0.699    |
|    value_loss         | 5.72e-06 |
------------------------------------
------------------------------------
| rollout/              |          |
|    ep_len_mean        | 48.5     |
|    ep_rew_mean        | -48.5    |
|    success_rate       | 0.03     |
| time/                 |          |
|    fps                | 994      |
|    iterations         | 38400    |
|    time_elapsed       | 772      |
|    total_timesteps    | 768000   |
| train/                |          |
|    entropy_loss       | -4.24    |
|    explained_variance | 0.992    |
|    learning_rate      | 0.0007   |
|    n_updates          | 38399    |
|    policy_loss        | -0.00821 |
|    std                | 0.699    |
|    value_loss         | 7.51e-06 |
------------------------------------
------------------------------------
| rollout/              |          |
|    ep_len_mean        | 47.3     |
|    ep_rew_mean        | -47.3    |
|    success_rate       | 0.06     |
| time/                 |          |
|    fps                | 994      |
|    iterations         | 38500    |
|    time_elapsed       | 773      |
|    total_timesteps    | 770000   |
| train/                |          |
|    entropy_loss       | -4.18    |
|    explained_variance | 0.0118   |
|    learning_rate      | 0.0007   |
|    n_updates          | 38499    |
|    policy_loss        | 1.47     |
|    std                | 0.689    |
|    value_loss         | 3.78     |
------------------------------------
------------------------------------
| rollout/              |          |
|    ep_len_mean        | 46.4     |
|    ep_rew_mean        | -46.3    |
|    success_rate       | 0.08     |
| time/                 |          |
|    fps                | 995      |
|    iterations         | 38600    |
|    time_elapsed       | 775      |
|    total_timesteps    | 772000   |
| train/                |          |
|    entropy_loss       | -4.17    |
|    explained_variance | 0.996    |
|    learning_rate      | 0.0007   |
|    n_updates          | 38599    |
|    policy_loss        | -0.00721 |
|    std                | 0.688    |
|    value_loss         | 9.49e-06 |
------------------------------------
------------------------------------
| rollout/              |          |
|    ep_len_mean        | 47.3     |
|    ep_rew_mean        | -47.3    |
|    success_rate       | 0.06     |
| time/                 |          |
|    fps                | 995      |
|    iterations         | 38700    |
|    time_elapsed       | 777      |
|    total_timesteps    | 774000   |
| train/                |          |
|    entropy_loss       | -4.15    |
|    explained_variance | 0.931    |
|    learning_rate      | 0.0007   |
|    n_updates          | 38699    |
|    policy_loss        | 9.38e-05 |
|    std                | 0.684    |
|    value_loss         | 2.11e-05 |
------------------------------------
------------------------------------
| rollout/              |          |
|    ep_len_mean        | 47.1     |
|    ep_rew_mean        | -47      |
|    success_rate       | 0.06     |
| time/                 |          |
|    fps                | 996      |
|    iterations         | 38800    |
|    time_elapsed       | 778      |
|    total_timesteps    | 776000   |
| train/                |          |
|    entropy_loss       | -4.13    |
|    explained_variance | 0.992    |
|    learning_rate      | 0.0007   |
|    n_updates          | 38799    |
|    policy_loss        | 0.0153   |
|    std                | 0.682    |
|    value_loss         | 2.35e-05 |
------------------------------------
------------------------------------
| rollout/              |          |
|    ep_len_mean        | 46.6     |
|    ep_rew_mean        | -46.5    |
|    success_rate       | 0.07     |
| time/                 |          |
|    fps                | 996      |
|    iterations         | 38900    |
|    time_elapsed       | 780      |
|    total_timesteps    | 778000   |
| train/                |          |
|    entropy_loss       | -4.14    |
|    explained_variance | 0.984    |
|    learning_rate      | 0.0007   |
|    n_updates          | 38899    |
|    policy_loss        | 0.00533  |
|    std                | 0.683    |
|    value_loss         | 1.05e-05 |
------------------------------------
------------------------------------
| rollout/              |          |
|    ep_len_mean        | 47.4     |
|    ep_rew_mean        | -47.4    |
|    success_rate       | 0.06     |
| time/                 |          |
|    fps                | 997      |
|    iterations         | 39000    |
|    time_elapsed       | 782      |
|    total_timesteps    | 780000   |
| train/                |          |
|    entropy_loss       | -4.12    |
|    explained_variance | 0.985    |
|    learning_rate      | 0.0007   |
|    n_updates          | 38999    |
|    policy_loss        | 0.0123   |
|    std                | 0.679    |
|    value_loss         | 1.67e-05 |
------------------------------------
------------------------------------
| rollout/              |          |
|    ep_len_mean        | 47.9     |
|    ep_rew_mean        | -47.9    |
|    success_rate       | 0.05     |
| time/                 |          |
|    fps                | 997      |
|    iterations         | 39100    |
|    time_elapsed       | 783      |
|    total_timesteps    | 782000   |
| train/                |          |
|    entropy_loss       | -4.13    |
|    explained_variance | 0.947    |
|    learning_rate      | 0.0007   |
|    n_updates          | 39099    |
|    policy_loss        | -0.00889 |
|    std                | 0.681    |
|    value_loss         | 1.14e-05 |
------------------------------------
------------------------------------
| rollout/              |          |
|    ep_len_mean        | 47.5     |
|    ep_rew_mean        | -47.5    |
|    success_rate       | 0.05     |
| time/                 |          |
|    fps                | 997      |
|    iterations         | 39200    |
|    time_elapsed       | 785      |
|    total_timesteps    | 784000   |
| train/                |          |
|    entropy_loss       | -4.09    |
|    explained_variance | 0.988    |
|    learning_rate      | 0.0007   |
|    n_updates          | 39199    |
|    policy_loss        | -0.00205 |
|    std                | 0.675    |
|    value_loss         | 4.97e-06 |
------------------------------------
------------------------------------
| rollout/              |          |
|    ep_len_mean        | 47.5     |
|    ep_rew_mean        | -47.5    |
|    success_rate       | 0.05     |
| time/                 |          |
|    fps                | 998      |
|    iterations         | 39300    |
|    time_elapsed       | 787      |
|    total_timesteps    | 786000   |
| train/                |          |
|    entropy_loss       | -4.1     |
|    explained_variance | 0.319    |
|    learning_rate      | 0.0007   |
|    n_updates          | 39299    |
|    policy_loss        | 0.00613  |
|    std                | 0.676    |
|    value_loss         | 9.97e-06 |
------------------------------------
------------------------------------
| rollout/              |          |
|    ep_len_mean        | 48.5     |
|    ep_rew_mean        | -48.5    |
|    success_rate       | 0.03     |
| time/                 |          |
|    fps                | 998      |
|    iterations         | 39400    |
|    time_elapsed       | 788      |
|    total_timesteps    | 788000   |
| train/                |          |
|    entropy_loss       | -4.07    |
|    explained_variance | 0.919    |
|    learning_rate      | 0.0007   |
|    n_updates          | 39399    |
|    policy_loss        | -0.00409 |
|    std                | 0.672    |
|    value_loss         | 2.24e-05 |
------------------------------------
------------------------------------
| rollout/              |          |
|    ep_len_mean        | 48.5     |
|    ep_rew_mean        | -48.5    |
|    success_rate       | 0.03     |
| time/                 |          |
|    fps                | 999      |
|    iterations         | 39500    |
|    time_elapsed       | 790      |
|    total_timesteps    | 790000   |
| train/                |          |
|    entropy_loss       | -4.07    |
|    explained_variance | 0.959    |
|    learning_rate      | 0.0007   |
|    n_updates          | 39499    |
|    policy_loss        | -0.00743 |
|    std                | 0.671    |
|    value_loss         | 1.4e-05  |
------------------------------------
------------------------------------
| rollout/              |          |
|    ep_len_mean        | 47.5     |
|    ep_rew_mean        | -47.5    |
|    success_rate       | 0.05     |
| time/                 |          |
|    fps                | 999      |
|    iterations         | 39600    |
|    time_elapsed       | 792      |
|    total_timesteps    | 792000   |
| train/                |          |
|    entropy_loss       | -4.05    |
|    explained_variance | 0.844    |
|    learning_rate      | 0.0007   |
|    n_updates          | 39599    |
|    policy_loss        | -0.0383  |
|    std                | 0.667    |
|    value_loss         | 9.45e-05 |
------------------------------------
------------------------------------
| rollout/              |          |
|    ep_len_mean        | 48       |
|    ep_rew_mean        | -48      |
|    success_rate       | 0.04     |
| time/                 |          |
|    fps                | 1000     |
|    iterations         | 39700    |
|    time_elapsed       | 793      |
|    total_timesteps    | 794000   |
| train/                |          |
|    entropy_loss       | -4.05    |
|    explained_variance | 0.927    |
|    learning_rate      | 0.0007   |
|    n_updates          | 39699    |
|    policy_loss        | -0.00261 |
|    std                | 0.667    |
|    value_loss         | 1.48e-05 |
------------------------------------
------------------------------------
| rollout/              |          |
|    ep_len_mean        | 46.6     |
|    ep_rew_mean        | -46.5    |
|    success_rate       | 0.07     |
| time/                 |          |
|    fps                | 1000     |
|    iterations         | 39800    |
|    time_elapsed       | 795      |
|    total_timesteps    | 796000   |
| train/                |          |
|    entropy_loss       | -4.02    |
|    explained_variance | 0.986    |
|    learning_rate      | 0.0007   |
|    n_updates          | 39799    |
|    policy_loss        | 0.00282  |
|    std                | 0.664    |
|    value_loss         | 5.13e-06 |
------------------------------------
------------------------------------
| rollout/              |          |
|    ep_len_mean        | 47.1     |
|    ep_rew_mean        | -47      |
|    success_rate       | 0.06     |
| time/                 |          |
|    fps                | 1000     |
|    iterations         | 39900    |
|    time_elapsed       | 797      |
|    total_timesteps    | 798000   |
| train/                |          |
|    entropy_loss       | -4.01    |
|    explained_variance | 0.922    |
|    learning_rate      | 0.0007   |
|    n_updates          | 39899    |
|    policy_loss        | -0.0132  |
|    std                | 0.661    |
|    value_loss         | 2.4e-05  |
------------------------------------
-------------------------------------
| rollout/              |           |
|    ep_len_mean        | 48        |
|    ep_rew_mean        | -48       |
|    success_rate       | 0.04      |
| time/                 |           |
|    fps                | 1001      |
|    iterations         | 40000     |
|    time_elapsed       | 798       |
|    total_timesteps    | 800000    |
| train/                |           |
|    entropy_loss       | -4.03     |
|    explained_variance | 0.975     |
|    learning_rate      | 0.0007    |
|    n_updates          | 39999     |
|    policy_loss        | -0.000946 |
|    std                | 0.665     |
|    value_loss         | 8.79e-06  |
-------------------------------------
------------------------------------
| rollout/              |          |
|    ep_len_mean        | 48       |
|    ep_rew_mean        | -48      |
|    success_rate       | 0.04     |
| time/                 |          |
|    fps                | 1001     |
|    iterations         | 40100    |
|    time_elapsed       | 800      |
|    total_timesteps    | 802000   |
| train/                |          |
|    entropy_loss       | -4.03    |
|    explained_variance | 0.93     |
|    learning_rate      | 0.0007   |
|    n_updates          | 40099    |
|    policy_loss        | -0.0221  |
|    std                | 0.665    |
|    value_loss         | 5.19e-05 |
------------------------------------
------------------------------------
| rollout/              |          |
|    ep_len_mean        | 48       |
|    ep_rew_mean        | -48      |
|    success_rate       | 0.04     |
| time/                 |          |
|    fps                | 1002     |
|    iterations         | 40200    |
|    time_elapsed       | 802      |
|    total_timesteps    | 804000   |
| train/                |          |
|    entropy_loss       | -4.04    |
|    explained_variance | 0.989    |
|    learning_rate      | 0.0007   |
|    n_updates          | 40199    |
|    policy_loss        | 0.00386  |
|    std                | 0.666    |
|    value_loss         | 6.67e-06 |
------------------------------------
-------------------------------------
| rollout/              |           |
|    ep_len_mean        | 49        |
|    ep_rew_mean        | -49       |
|    success_rate       | 0.02      |
| time/                 |           |
|    fps                | 1002      |
|    iterations         | 40300     |
|    time_elapsed       | 803       |
|    total_timesteps    | 806000    |
| train/                |           |
|    entropy_loss       | -4.04     |
|    explained_variance | 0.952     |
|    learning_rate      | 0.0007    |
|    n_updates          | 40299     |
|    policy_loss        | -0.000591 |
|    std                | 0.667     |
|    value_loss         | 1.21e-05  |
-------------------------------------
------------------------------------
| rollout/              |          |
|    ep_len_mean        | 49       |
|    ep_rew_mean        | -49      |
|    success_rate       | 0.02     |
| time/                 |          |
|    fps                | 1003     |
|    iterations         | 40400    |
|    time_elapsed       | 805      |
|    total_timesteps    | 808000   |
| train/                |          |
|    entropy_loss       | -4.04    |
|    explained_variance | 0.994    |
|    learning_rate      | 0.0007   |
|    n_updates          | 40399    |
|    policy_loss        | -0.00679 |
|    std                | 0.667    |
|    value_loss         | 8.04e-06 |
------------------------------------
------------------------------------
| rollout/              |          |
|    ep_len_mean        | 49       |
|    ep_rew_mean        | -49      |
|    success_rate       | 0.02     |
| time/                 |          |
|    fps                | 1003     |
|    iterations         | 40500    |
|    time_elapsed       | 807      |
|    total_timesteps    | 810000   |
| train/                |          |
|    entropy_loss       | -4.03    |
|    explained_variance | 0.931    |
|    learning_rate      | 0.0007   |
|    n_updates          | 40499    |
|    policy_loss        | -0.0032  |
|    std                | 0.665    |
|    value_loss         | 5.67e-06 |
------------------------------------
------------------------------------
| rollout/              |          |
|    ep_len_mean        | 48.5     |
|    ep_rew_mean        | -48.5    |
|    success_rate       | 0.03     |
| time/                 |          |
|    fps                | 1004     |
|    iterations         | 40600    |
|    time_elapsed       | 808      |
|    total_timesteps    | 812000   |
| train/                |          |
|    entropy_loss       | -4.02    |
|    explained_variance | 0.936    |
|    learning_rate      | 0.0007   |
|    n_updates          | 40599    |
|    policy_loss        | 0.00249  |
|    std                | 0.663    |
|    value_loss         | 7.64e-06 |
------------------------------------
------------------------------------
| rollout/              |          |
|    ep_len_mean        | 49       |
|    ep_rew_mean        | -49      |
|    success_rate       | 0.02     |
| time/                 |          |
|    fps                | 1004     |
|    iterations         | 40700    |
|    time_elapsed       | 810      |
|    total_timesteps    | 814000   |
| train/                |          |
|    entropy_loss       | -4.01    |
|    explained_variance | 0.956    |
|    learning_rate      | 0.0007   |
|    n_updates          | 40699    |
|    policy_loss        | -0.00127 |
|    std                | 0.66     |
|    value_loss         | 3.41e-06 |
------------------------------------
------------------------------------
| rollout/              |          |
|    ep_len_mean        | 47.1     |
|    ep_rew_mean        | -47      |
|    success_rate       | 0.06     |
| time/                 |          |
|    fps                | 1004     |
|    iterations         | 40800    |
|    time_elapsed       | 811      |
|    total_timesteps    | 816000   |
| train/                |          |
|    entropy_loss       | -3.97    |
|    explained_variance | 0.985    |
|    learning_rate      | 0.0007   |
|    n_updates          | 40799    |
|    policy_loss        | -0.00576 |
|    std                | 0.654    |
|    value_loss         | 1.54e-05 |
------------------------------------
------------------------------------
| rollout/              |          |
|    ep_len_mean        | 47.5     |
|    ep_rew_mean        | -47.5    |
|    success_rate       | 0.05     |
| time/                 |          |
|    fps                | 1005     |
|    iterations         | 40900    |
|    time_elapsed       | 813      |
|    total_timesteps    | 818000   |
| train/                |          |
|    entropy_loss       | -3.96    |
|    explained_variance | 0.897    |
|    learning_rate      | 0.0007   |
|    n_updates          | 40899    |
|    policy_loss        | -0.00225 |
|    std                | 0.654    |
|    value_loss         | 2.39e-06 |
------------------------------------
------------------------------------
| rollout/              |          |
|    ep_len_mean        | 48       |
|    ep_rew_mean        | -48      |
|    success_rate       | 0.04     |
| time/                 |          |
|    fps                | 1005     |
|    iterations         | 41000    |
|    time_elapsed       | 815      |
|    total_timesteps    | 820000   |
| train/                |          |
|    entropy_loss       | -3.94    |
|    explained_variance | 0.995    |
|    learning_rate      | 0.0007   |
|    n_updates          | 40999    |
|    policy_loss        | 0.00269  |
|    std                | 0.65     |
|    value_loss         | 5.24e-06 |
------------------------------------
------------------------------------
| rollout/              |          |
|    ep_len_mean        | 48.5     |
|    ep_rew_mean        | -48.5    |
|    success_rate       | 0.03     |
| time/                 |          |
|    fps                | 1006     |
|    iterations         | 41100    |
|    time_elapsed       | 816      |
|    total_timesteps    | 822000   |
| train/                |          |
|    entropy_loss       | -3.94    |
|    explained_variance | 0.991    |
|    learning_rate      | 0.0007   |
|    n_updates          | 41099    |
|    policy_loss        | 0.00226  |
|    std                | 0.65     |
|    value_loss         | 1.8e-06  |
------------------------------------
-------------------------------------
| rollout/              |           |
|    ep_len_mean        | 47.5      |
|    ep_rew_mean        | -47.5     |
|    success_rate       | 0.05      |
| time/                 |           |
|    fps                | 1006      |
|    iterations         | 41200     |
|    time_elapsed       | 818       |
|    total_timesteps    | 824000    |
| train/                |           |
|    entropy_loss       | -3.91     |
|    explained_variance | 0.995     |
|    learning_rate      | 0.0007    |
|    n_updates          | 41199     |
|    policy_loss        | -0.000289 |
|    std                | 0.645     |
|    value_loss         | 1.62e-05  |
-------------------------------------
------------------------------------
| rollout/              |          |
|    ep_len_mean        | 46.6     |
|    ep_rew_mean        | -46.5    |
|    success_rate       | 0.07     |
| time/                 |          |
|    fps                | 1007     |
|    iterations         | 41300    |
|    time_elapsed       | 820      |
|    total_timesteps    | 826000   |
| train/                |          |
|    entropy_loss       | -3.9     |
|    explained_variance | 0.909    |
|    learning_rate      | 0.0007   |
|    n_updates          | 41299    |
|    policy_loss        | -0.002   |
|    std                | 0.644    |
|    value_loss         | 9.59e-06 |
------------------------------------
------------------------------------
| rollout/              |          |
|    ep_len_mean        | 45.6     |
|    ep_rew_mean        | -45.5    |
|    success_rate       | 0.09     |
| time/                 |          |
|    fps                | 1007     |
|    iterations         | 41400    |
|    time_elapsed       | 821      |
|    total_timesteps    | 828000   |
| train/                |          |
|    entropy_loss       | -3.89    |
|    explained_variance | 0.981    |
|    learning_rate      | 0.0007   |
|    n_updates          | 41399    |
|    policy_loss        | 0.00873  |
|    std                | 0.641    |
|    value_loss         | 1.12e-05 |
------------------------------------
------------------------------------
| rollout/              |          |
|    ep_len_mean        | 47.1     |
|    ep_rew_mean        | -47      |
|    success_rate       | 0.06     |
| time/                 |          |
|    fps                | 1007     |
|    iterations         | 41500    |
|    time_elapsed       | 823      |
|    total_timesteps    | 830000   |
| train/                |          |
|    entropy_loss       | -3.89    |
|    explained_variance | 0.939    |
|    learning_rate      | 0.0007   |
|    n_updates          | 41499    |
|    policy_loss        | 0.00454  |
|    std                | 0.642    |
|    value_loss         | 7.01e-06 |
------------------------------------
------------------------------------
| rollout/              |          |
|    ep_len_mean        | 48.5     |
|    ep_rew_mean        | -48.5    |
|    success_rate       | 0.03     |
| time/                 |          |
|    fps                | 1007     |
|    iterations         | 41600    |
|    time_elapsed       | 825      |
|    total_timesteps    | 832000   |
| train/                |          |
|    entropy_loss       | -3.87    |
|    explained_variance | 0.998    |
|    learning_rate      | 0.0007   |
|    n_updates          | 41599    |
|    policy_loss        | 0.00193  |
|    std                | 0.638    |
|    value_loss         | 6.07e-07 |
------------------------------------
-------------------------------------
| rollout/              |           |
|    ep_len_mean        | 49.5      |
|    ep_rew_mean        | -49.5     |
|    success_rate       | 0.01      |
| time/                 |           |
|    fps                | 1008      |
|    iterations         | 41700     |
|    time_elapsed       | 827       |
|    total_timesteps    | 834000    |
| train/                |           |
|    entropy_loss       | -3.86     |
|    explained_variance | 0.977     |
|    learning_rate      | 0.0007    |
|    n_updates          | 41699     |
|    policy_loss        | -0.000118 |
|    std                | 0.637     |
|    value_loss         | 1.05e-06  |
-------------------------------------
------------------------------------
| rollout/              |          |
|    ep_len_mean        | 48.5     |
|    ep_rew_mean        | -48.5    |
|    success_rate       | 0.03     |
| time/                 |          |
|    fps                | 1008     |
|    iterations         | 41800    |
|    time_elapsed       | 828      |
|    total_timesteps    | 836000   |
| train/                |          |
|    entropy_loss       | -3.85    |
|    explained_variance | 0.951    |
|    learning_rate      | 0.0007   |
|    n_updates          | 41799    |
|    policy_loss        | -0.006   |
|    std                | 0.635    |
|    value_loss         | 6.24e-06 |
------------------------------------
------------------------------------
| rollout/              |          |
|    ep_len_mean        | 48.5     |
|    ep_rew_mean        | -48.5    |
|    success_rate       | 0.03     |
| time/                 |          |
|    fps                | 1008     |
|    iterations         | 41900    |
|    time_elapsed       | 830      |
|    total_timesteps    | 838000   |
| train/                |          |
|    entropy_loss       | -3.85    |
|    explained_variance | 0.962    |
|    learning_rate      | 0.0007   |
|    n_updates          | 41899    |
|    policy_loss        | 0.00777  |
|    std                | 0.635    |
|    value_loss         | 8.92e-06 |
------------------------------------
-------------------------------------
| rollout/              |           |
|    ep_len_mean        | 48.5      |
|    ep_rew_mean        | -48.5     |
|    success_rate       | 0.03      |
| time/                 |           |
|    fps                | 1009      |
|    iterations         | 42000     |
|    time_elapsed       | 832       |
|    total_timesteps    | 840000    |
| train/                |           |
|    entropy_loss       | -3.83     |
|    explained_variance | 0.976     |
|    learning_rate      | 0.0007    |
|    n_updates          | 41999     |
|    policy_loss        | -0.000778 |
|    std                | 0.632     |
|    value_loss         | 7.58e-07  |
-------------------------------------
------------------------------------
| rollout/              |          |
|    ep_len_mean        | 49       |
|    ep_rew_mean        | -49      |
|    success_rate       | 0.02     |
| time/                 |          |
|    fps                | 1009     |
|    iterations         | 42100    |
|    time_elapsed       | 833      |
|    total_timesteps    | 842000   |
| train/                |          |
|    entropy_loss       | -3.81    |
|    explained_variance | 0.793    |
|    learning_rate      | 0.0007   |
|    n_updates          | 42099    |
|    policy_loss        | -0.0019  |
|    std                | 0.629    |
|    value_loss         | 1.42e-05 |
------------------------------------
------------------------------------
| rollout/              |          |
|    ep_len_mean        | 49       |
|    ep_rew_mean        | -49      |
|    success_rate       | 0.02     |
| time/                 |          |
|    fps                | 1010     |
|    iterations         | 42200    |
|    time_elapsed       | 835      |
|    total_timesteps    | 844000   |
| train/                |          |
|    entropy_loss       | -3.83    |
|    explained_variance | 0.923    |
|    learning_rate      | 0.0007   |
|    n_updates          | 42199    |
|    policy_loss        | 0.00471  |
|    std                | 0.632    |
|    value_loss         | 5.17e-06 |
------------------------------------
------------------------------------
| rollout/              |          |
|    ep_len_mean        | 49       |
|    ep_rew_mean        | -49      |
|    success_rate       | 0.02     |
| time/                 |          |
|    fps                | 1010     |
|    iterations         | 42300    |
|    time_elapsed       | 837      |
|    total_timesteps    | 846000   |
| train/                |          |
|    entropy_loss       | -3.85    |
|    explained_variance | 0.961    |
|    learning_rate      | 0.0007   |
|    n_updates          | 42299    |
|    policy_loss        | -0.00272 |
|    std                | 0.635    |
|    value_loss         | 1.74e-06 |
------------------------------------
------------------------------------
| rollout/              |          |
|    ep_len_mean        | 48       |
|    ep_rew_mean        | -48      |
|    success_rate       | 0.04     |
| time/                 |          |
|    fps                | 1010     |
|    iterations         | 42400    |
|    time_elapsed       | 838      |
|    total_timesteps    | 848000   |
| train/                |          |
|    entropy_loss       | -3.84    |
|    explained_variance | 0.968    |
|    learning_rate      | 0.0007   |
|    n_updates          | 42399    |
|    policy_loss        | -0.00453 |
|    std                | 0.634    |
|    value_loss         | 2.76e-06 |
------------------------------------
------------------------------------
| rollout/              |          |
|    ep_len_mean        | 48       |
|    ep_rew_mean        | -48      |
|    success_rate       | 0.04     |
| time/                 |          |
|    fps                | 1011     |
|    iterations         | 42500    |
|    time_elapsed       | 840      |
|    total_timesteps    | 850000   |
| train/                |          |
|    entropy_loss       | -3.82    |
|    explained_variance | 0.807    |
|    learning_rate      | 0.0007   |
|    n_updates          | 42499    |
|    policy_loss        | 0.00273  |
|    std                | 0.631    |
|    value_loss         | 4.94e-06 |
------------------------------------
------------------------------------
| rollout/              |          |
|    ep_len_mean        | 48.5     |
|    ep_rew_mean        | -48.5    |
|    success_rate       | 0.03     |
| time/                 |          |
|    fps                | 1011     |
|    iterations         | 42600    |
|    time_elapsed       | 842      |
|    total_timesteps    | 852000   |
| train/                |          |
|    entropy_loss       | -3.83    |
|    explained_variance | 0.979    |
|    learning_rate      | 0.0007   |
|    n_updates          | 42599    |
|    policy_loss        | 0.00362  |
|    std                | 0.632    |
|    value_loss         | 3.05e-06 |
------------------------------------
------------------------------------
| rollout/              |          |
|    ep_len_mean        | 48.5     |
|    ep_rew_mean        | -48.5    |
|    success_rate       | 0.03     |
| time/                 |          |
|    fps                | 1012     |
|    iterations         | 42700    |
|    time_elapsed       | 843      |
|    total_timesteps    | 854000   |
| train/                |          |
|    entropy_loss       | -3.82    |
|    explained_variance | 0.968    |
|    learning_rate      | 0.0007   |
|    n_updates          | 42699    |
|    policy_loss        | 0.00575  |
|    std                | 0.63     |
|    value_loss         | 8.09e-06 |
------------------------------------
------------------------------------
| rollout/              |          |
|    ep_len_mean        | 49       |
|    ep_rew_mean        | -49      |
|    success_rate       | 0.02     |
| time/                 |          |
|    fps                | 1012     |
|    iterations         | 42800    |
|    time_elapsed       | 845      |
|    total_timesteps    | 856000   |
| train/                |          |
|    entropy_loss       | -3.82    |
|    explained_variance | 0.94     |
|    learning_rate      | 0.0007   |
|    n_updates          | 42799    |
|    policy_loss        | 0.00218  |
|    std                | 0.631    |
|    value_loss         | 6.7e-07  |
------------------------------------
------------------------------------
| rollout/              |          |
|    ep_len_mean        | 49       |
|    ep_rew_mean        | -49      |
|    success_rate       | 0.02     |
| time/                 |          |
|    fps                | 1013     |
|    iterations         | 42900    |
|    time_elapsed       | 846      |
|    total_timesteps    | 858000   |
| train/                |          |
|    entropy_loss       | -3.8     |
|    explained_variance | 0.959    |
|    learning_rate      | 0.0007   |
|    n_updates          | 42899    |
|    policy_loss        | 0.00233  |
|    std                | 0.627    |
|    value_loss         | 1.78e-06 |
------------------------------------
------------------------------------
| rollout/              |          |
|    ep_len_mean        | 49       |
|    ep_rew_mean        | -49      |
|    success_rate       | 0.02     |
| time/                 |          |
|    fps                | 1013     |
|    iterations         | 43000    |
|    time_elapsed       | 848      |
|    total_timesteps    | 860000   |
| train/                |          |
|    entropy_loss       | -3.8     |
|    explained_variance | 0.564    |
|    learning_rate      | 0.0007   |
|    n_updates          | 42999    |
|    policy_loss        | -0.00468 |
|    std                | 0.627    |
|    value_loss         | 3.68e-05 |
------------------------------------
------------------------------------
| rollout/              |          |
|    ep_len_mean        | 49       |
|    ep_rew_mean        | -49      |
|    success_rate       | 0.02     |
| time/                 |          |
|    fps                | 1013     |
|    iterations         | 43100    |
|    time_elapsed       | 850      |
|    total_timesteps    | 862000   |
| train/                |          |
|    entropy_loss       | -3.81    |
|    explained_variance | 0.903    |
|    learning_rate      | 0.0007   |
|    n_updates          | 43099    |
|    policy_loss        | -0.00132 |
|    std                | 0.63     |
|    value_loss         | 7.78e-06 |
------------------------------------
------------------------------------
| rollout/              |          |
|    ep_len_mean        | 48.5     |
|    ep_rew_mean        | -48.5    |
|    success_rate       | 0.03     |
| time/                 |          |
|    fps                | 1014     |
|    iterations         | 43200    |
|    time_elapsed       | 851      |
|    total_timesteps    | 864000   |
| train/                |          |
|    entropy_loss       | -3.76    |
|    explained_variance | 0.936    |
|    learning_rate      | 0.0007   |
|    n_updates          | 43199    |
|    policy_loss        | -0.00965 |
|    std                | 0.622    |
|    value_loss         | 3.29e-05 |
------------------------------------
------------------------------------
| rollout/              |          |
|    ep_len_mean        | 48       |
|    ep_rew_mean        | -48      |
|    success_rate       | 0.04     |
| time/                 |          |
|    fps                | 1014     |
|    iterations         | 43300    |
|    time_elapsed       | 853      |
|    total_timesteps    | 866000   |
| train/                |          |
|    entropy_loss       | -3.75    |
|    explained_variance | 0.922    |
|    learning_rate      | 0.0007   |
|    n_updates          | 43299    |
|    policy_loss        | 0.00295  |
|    std                | 0.621    |
|    value_loss         | 3.07e-06 |
------------------------------------
------------------------------------
| rollout/              |          |
|    ep_len_mean        | 49       |
|    ep_rew_mean        | -49      |
|    success_rate       | 0.02     |
| time/                 |          |
|    fps                | 1015     |
|    iterations         | 43400    |
|    time_elapsed       | 855      |
|    total_timesteps    | 868000   |
| train/                |          |
|    entropy_loss       | -3.75    |
|    explained_variance | 0.998    |
|    learning_rate      | 0.0007   |
|    n_updates          | 43399    |
|    policy_loss        | -0.00118 |
|    std                | 0.62     |
|    value_loss         | 6.05e-07 |
------------------------------------
------------------------------------
| rollout/              |          |
|    ep_len_mean        | 50       |
|    ep_rew_mean        | -50      |
|    success_rate       | 0        |
| time/                 |          |
|    fps                | 1015     |
|    iterations         | 43500    |
|    time_elapsed       | 856      |
|    total_timesteps    | 870000   |
| train/                |          |
|    entropy_loss       | -3.75    |
|    explained_variance | 0.861    |
|    learning_rate      | 0.0007   |
|    n_updates          | 43499    |
|    policy_loss        | 0.00189  |
|    std                | 0.621    |
|    value_loss         | 2.64e-06 |
------------------------------------
------------------------------------
| rollout/              |          |
|    ep_len_mean        | 49.5     |
|    ep_rew_mean        | -49.5    |
|    success_rate       | 0.01     |
| time/                 |          |
|    fps                | 1015     |
|    iterations         | 43600    |
|    time_elapsed       | 858      |
|    total_timesteps    | 872000   |
| train/                |          |
|    entropy_loss       | -3.71    |
|    explained_variance | 0.859    |
|    learning_rate      | 0.0007   |
|    n_updates          | 43599    |
|    policy_loss        | -0.00347 |
|    std                | 0.615    |
|    value_loss         | 7.61e-06 |
------------------------------------
------------------------------------
| rollout/              |          |
|    ep_len_mean        | 49.5     |
|    ep_rew_mean        | -49.5    |
|    success_rate       | 0.01     |
| time/                 |          |
|    fps                | 1016     |
|    iterations         | 43700    |
|    time_elapsed       | 859      |
|    total_timesteps    | 874000   |
| train/                |          |
|    entropy_loss       | -3.71    |
|    explained_variance | 0.957    |
|    learning_rate      | 0.0007   |
|    n_updates          | 43699    |
|    policy_loss        | -0.00161 |
|    std                | 0.614    |
|    value_loss         | 2.7e-06  |
------------------------------------
------------------------------------
| rollout/              |          |
|    ep_len_mean        | 49.5     |
|    ep_rew_mean        | -49.5    |
|    success_rate       | 0.01     |
| time/                 |          |
|    fps                | 1016     |
|    iterations         | 43800    |
|    time_elapsed       | 861      |
|    total_timesteps    | 876000   |
| train/                |          |
|    entropy_loss       | -3.69    |
|    explained_variance | 0.969    |
|    learning_rate      | 0.0007   |
|    n_updates          | 43799    |
|    policy_loss        | 0.00743  |
|    std                | 0.612    |
|    value_loss         | 1.36e-05 |
------------------------------------
------------------------------------
| rollout/              |          |
|    ep_len_mean        | 49.5     |
|    ep_rew_mean        | -49.5    |
|    success_rate       | 0.01     |
| time/                 |          |
|    fps                | 1017     |
|    iterations         | 43900    |
|    time_elapsed       | 863      |
|    total_timesteps    | 878000   |
| train/                |          |
|    entropy_loss       | -3.69    |
|    explained_variance | 0.991    |
|    learning_rate      | 0.0007   |
|    n_updates          | 43899    |
|    policy_loss        | 0.00522  |
|    std                | 0.612    |
|    value_loss         | 4.04e-06 |
------------------------------------
------------------------------------
| rollout/              |          |
|    ep_len_mean        | 49       |
|    ep_rew_mean        | -49      |
|    success_rate       | 0.03     |
| time/                 |          |
|    fps                | 1017     |
|    iterations         | 44000    |
|    time_elapsed       | 864      |
|    total_timesteps    | 880000   |
| train/                |          |
|    entropy_loss       | -3.66    |
|    explained_variance | 0.951    |
|    learning_rate      | 0.0007   |
|    n_updates          | 43999    |
|    policy_loss        | 0.00267  |
|    std                | 0.606    |
|    value_loss         | 4.96e-06 |
------------------------------------
------------------------------------
| rollout/              |          |
|    ep_len_mean        | 48       |
|    ep_rew_mean        | -48      |
|    success_rate       | 0.05     |
| time/                 |          |
|    fps                | 1017     |
|    iterations         | 44100    |
|    time_elapsed       | 866      |
|    total_timesteps    | 882000   |
| train/                |          |
|    entropy_loss       | -3.65    |
|    explained_variance | 0.992    |
|    learning_rate      | 0.0007   |
|    n_updates          | 44099    |
|    policy_loss        | -0.00196 |
|    std                | 0.605    |
|    value_loss         | 2.69e-06 |
------------------------------------
------------------------------------
| rollout/              |          |
|    ep_len_mean        | 48       |
|    ep_rew_mean        | -48      |
|    success_rate       | 0.04     |
| time/                 |          |
|    fps                | 1018     |
|    iterations         | 44200    |
|    time_elapsed       | 868      |
|    total_timesteps    | 884000   |
| train/                |          |
|    entropy_loss       | -3.63    |
|    explained_variance | 0.961    |
|    learning_rate      | 0.0007   |
|    n_updates          | 44199    |
|    policy_loss        | 0.00387  |
|    std                | 0.603    |
|    value_loss         | 2.52e-06 |
------------------------------------
------------------------------------
| rollout/              |          |
|    ep_len_mean        | 48.5     |
|    ep_rew_mean        | -48.5    |
|    success_rate       | 0.03     |
| time/                 |          |
|    fps                | 1018     |
|    iterations         | 44300    |
|    time_elapsed       | 869      |
|    total_timesteps    | 886000   |
| train/                |          |
|    entropy_loss       | -3.62    |
|    explained_variance | 0.982    |
|    learning_rate      | 0.0007   |
|    n_updates          | 44299    |
|    policy_loss        | -0.00118 |
|    std                | 0.601    |
|    value_loss         | 1.22e-06 |
------------------------------------
------------------------------------
| rollout/              |          |
|    ep_len_mean        | 49       |
|    ep_rew_mean        | -49      |
|    success_rate       | 0.02     |
| time/                 |          |
|    fps                | 1019     |
|    iterations         | 44400    |
|    time_elapsed       | 871      |
|    total_timesteps    | 888000   |
| train/                |          |
|    entropy_loss       | -3.62    |
|    explained_variance | 0.923    |
|    learning_rate      | 0.0007   |
|    n_updates          | 44399    |
|    policy_loss        | 0.00108  |
|    std                | 0.601    |
|    value_loss         | 3.54e-06 |
------------------------------------
------------------------------------
| rollout/              |          |
|    ep_len_mean        | 47.5     |
|    ep_rew_mean        | -47.5    |
|    success_rate       | 0.05     |
| time/                 |          |
|    fps                | 1019     |
|    iterations         | 44500    |
|    time_elapsed       | 872      |
|    total_timesteps    | 890000   |
| train/                |          |
|    entropy_loss       | -3.63    |
|    explained_variance | 0.863    |
|    learning_rate      | 0.0007   |
|    n_updates          | 44499    |
|    policy_loss        | 0.000326 |
|    std                | 0.602    |
|    value_loss         | 2.88e-06 |
------------------------------------
------------------------------------
| rollout/              |          |
|    ep_len_mean        | 47.1     |
|    ep_rew_mean        | -47      |
|    success_rate       | 0.06     |
| time/                 |          |
|    fps                | 1019     |
|    iterations         | 44600    |
|    time_elapsed       | 874      |
|    total_timesteps    | 892000   |
| train/                |          |
|    entropy_loss       | -3.6     |
|    explained_variance | 0.985    |
|    learning_rate      | 0.0007   |
|    n_updates          | 44599    |
|    policy_loss        | -0.0118  |
|    std                | 0.598    |
|    value_loss         | 2.09e-05 |
------------------------------------
-------------------------------------
| rollout/              |           |
|    ep_len_mean        | 48        |
|    ep_rew_mean        | -48       |
|    success_rate       | 0.04      |
| time/                 |           |
|    fps                | 1020      |
|    iterations         | 44700     |
|    time_elapsed       | 876       |
|    total_timesteps    | 894000    |
| train/                |           |
|    entropy_loss       | -3.59     |
|    explained_variance | 0.989     |
|    learning_rate      | 0.0007    |
|    n_updates          | 44699     |
|    policy_loss        | -0.000235 |
|    std                | 0.597     |
|    value_loss         | 3.57e-07  |
-------------------------------------
------------------------------------
| rollout/              |          |
|    ep_len_mean        | 47.5     |
|    ep_rew_mean        | -47.5    |
|    success_rate       | 0.05     |
| time/                 |          |
|    fps                | 1020     |
|    iterations         | 44800    |
|    time_elapsed       | 877      |
|    total_timesteps    | 896000   |
| train/                |          |
|    entropy_loss       | -3.57    |
|    explained_variance | 0.894    |
|    learning_rate      | 0.0007   |
|    n_updates          | 44799    |
|    policy_loss        | -0.00151 |
|    std                | 0.592    |
|    value_loss         | 4.55e-06 |
------------------------------------
-------------------------------------
| rollout/              |           |
|    ep_len_mean        | 49        |
|    ep_rew_mean        | -49       |
|    success_rate       | 0.02      |
| time/                 |           |
|    fps                | 1021      |
|    iterations         | 44900     |
|    time_elapsed       | 879       |
|    total_timesteps    | 898000    |
| train/                |           |
|    entropy_loss       | -3.57     |
|    explained_variance | 0.958     |
|    learning_rate      | 0.0007    |
|    n_updates          | 44899     |
|    policy_loss        | -0.000818 |
|    std                | 0.594     |
|    value_loss         | 8.22e-07  |
-------------------------------------
------------------------------------
| rollout/              |          |
|    ep_len_mean        | 48       |
|    ep_rew_mean        | -48      |
|    success_rate       | 0.04     |
| time/                 |          |
|    fps                | 1021     |
|    iterations         | 45000    |
|    time_elapsed       | 881      |
|    total_timesteps    | 900000   |
| train/                |          |
|    entropy_loss       | -3.57    |
|    explained_variance | 0.983    |
|    learning_rate      | 0.0007   |
|    n_updates          | 44999    |
|    policy_loss        | -0.00627 |
|    std                | 0.592    |
|    value_loss         | 9.41e-06 |
------------------------------------
------------------------------------
| rollout/              |          |
|    ep_len_mean        | 48.5     |
|    ep_rew_mean        | -48.5    |
|    success_rate       | 0.03     |
| time/                 |          |
|    fps                | 1021     |
|    iterations         | 45100    |
|    time_elapsed       | 882      |
|    total_timesteps    | 902000   |
| train/                |          |
|    entropy_loss       | -3.54    |
|    explained_variance | 0.96     |
|    learning_rate      | 0.0007   |
|    n_updates          | 45099    |
|    policy_loss        | -0.00233 |
|    std                | 0.589    |
|    value_loss         | 3.47e-06 |
------------------------------------
------------------------------------
| rollout/              |          |
|    ep_len_mean        | 48.5     |
|    ep_rew_mean        | -48.5    |
|    success_rate       | 0.03     |
| time/                 |          |
|    fps                | 1022     |
|    iterations         | 45200    |
|    time_elapsed       | 884      |
|    total_timesteps    | 904000   |
| train/                |          |
|    entropy_loss       | -3.52    |
|    explained_variance | 0.936    |
|    learning_rate      | 0.0007   |
|    n_updates          | 45199    |
|    policy_loss        | 0.00317  |
|    std                | 0.586    |
|    value_loss         | 2.6e-06  |
------------------------------------
------------------------------------
| rollout/              |          |
|    ep_len_mean        | 48.9     |
|    ep_rew_mean        | -48.9    |
|    success_rate       | 0.03     |
| time/                 |          |
|    fps                | 1022     |
|    iterations         | 45300    |
|    time_elapsed       | 886      |
|    total_timesteps    | 906000   |
| train/                |          |
|    entropy_loss       | -3.51    |
|    explained_variance | 0.00536  |
|    learning_rate      | 0.0007   |
|    n_updates          | 45299    |
|    policy_loss        | -0.017   |
|    std                | 0.585    |
|    value_loss         | 5.69e-05 |
------------------------------------
------------------------------------
| rollout/              |          |
|    ep_len_mean        | 47.9     |
|    ep_rew_mean        | -47.9    |
|    success_rate       | 0.05     |
| time/                 |          |
|    fps                | 1022     |
|    iterations         | 45400    |
|    time_elapsed       | 887      |
|    total_timesteps    | 908000   |
| train/                |          |
|    entropy_loss       | -3.52    |
|    explained_variance | 0.924    |
|    learning_rate      | 0.0007   |
|    n_updates          | 45399    |
|    policy_loss        | 0.00234  |
|    std                | 0.586    |
|    value_loss         | 1.27e-05 |
------------------------------------
------------------------------------
| rollout/              |          |
|    ep_len_mean        | 47.5     |
|    ep_rew_mean        | -47.5    |
|    success_rate       | 0.06     |
| time/                 |          |
|    fps                | 1023     |
|    iterations         | 45500    |
|    time_elapsed       | 889      |
|    total_timesteps    | 910000   |
| train/                |          |
|    entropy_loss       | -3.5     |
|    explained_variance | 0.791    |
|    learning_rate      | 0.0007   |
|    n_updates          | 45499    |
|    policy_loss        | 0.0136   |
|    std                | 0.584    |
|    value_loss         | 3.76e-05 |
------------------------------------
------------------------------------
| rollout/              |          |
|    ep_len_mean        | 48.2     |
|    ep_rew_mean        | -48.1    |
|    success_rate       | 0.04     |
| time/                 |          |
|    fps                | 1023     |
|    iterations         | 45600    |
|    time_elapsed       | 891      |
|    total_timesteps    | 912000   |
| train/                |          |
|    entropy_loss       | -3.51    |
|    explained_variance | 0.977    |
|    learning_rate      | 0.0007   |
|    n_updates          | 45599    |
|    policy_loss        | 6.56e-05 |
|    std                | 0.584    |
|    value_loss         | 6.41e-07 |
------------------------------------
------------------------------------
| rollout/              |          |
|    ep_len_mean        | 48.7     |
|    ep_rew_mean        | -48.6    |
|    success_rate       | 0.03     |
| time/                 |          |
|    fps                | 1023     |
|    iterations         | 45700    |
|    time_elapsed       | 892      |
|    total_timesteps    | 914000   |
| train/                |          |
|    entropy_loss       | -3.5     |
|    explained_variance | 0.98     |
|    learning_rate      | 0.0007   |
|    n_updates          | 45699    |
|    policy_loss        | -0.00309 |
|    std                | 0.583    |
|    value_loss         | 2.64e-06 |
------------------------------------
------------------------------------
| rollout/              |          |
|    ep_len_mean        | 49.4     |
|    ep_rew_mean        | -49.4    |
|    success_rate       | 0.02     |
| time/                 |          |
|    fps                | 1024     |
|    iterations         | 45800    |
|    time_elapsed       | 894      |
|    total_timesteps    | 916000   |
| train/                |          |
|    entropy_loss       | -3.47    |
|    explained_variance | 0.989    |
|    learning_rate      | 0.0007   |
|    n_updates          | 45799    |
|    policy_loss        | 0.00173  |
|    std                | 0.578    |
|    value_loss         | 3.9e-06  |
------------------------------------
------------------------------------
| rollout/              |          |
|    ep_len_mean        | 48       |
|    ep_rew_mean        | -47.9    |
|    success_rate       | 0.05     |
| time/                 |          |
|    fps                | 1024     |
|    iterations         | 45900    |
|    time_elapsed       | 896      |
|    total_timesteps    | 918000   |
| train/                |          |
|    entropy_loss       | -3.44    |
|    explained_variance | 0.926    |
|    learning_rate      | 0.0007   |
|    n_updates          | 45899    |
|    policy_loss        | -0.00711 |
|    std                | 0.574    |
|    value_loss         | 8.09e-06 |
------------------------------------
-------------------------------------
| rollout/              |           |
|    ep_len_mean        | 47        |
|    ep_rew_mean        | -46.9     |
|    success_rate       | 0.07      |
| time/                 |           |
|    fps                | 1024      |
|    iterations         | 46000     |
|    time_elapsed       | 897       |
|    total_timesteps    | 920000    |
| train/                |           |
|    entropy_loss       | -3.42     |
|    explained_variance | 0.987     |
|    learning_rate      | 0.0007    |
|    n_updates          | 45999     |
|    policy_loss        | -0.000538 |
|    std                | 0.572     |
|    value_loss         | 5.42e-06  |
-------------------------------------
------------------------------------
| rollout/              |          |
|    ep_len_mean        | 47.1     |
|    ep_rew_mean        | -47      |
|    success_rate       | 0.06     |
| time/                 |          |
|    fps                | 1025     |
|    iterations         | 46100    |
|    time_elapsed       | 899      |
|    total_timesteps    | 922000   |
| train/                |          |
|    entropy_loss       | -3.42    |
|    explained_variance | 0.835    |
|    learning_rate      | 0.0007   |
|    n_updates          | 46099    |
|    policy_loss        | 0.00042  |
|    std                | 0.572    |
|    value_loss         | 4.87e-06 |
------------------------------------
------------------------------------
| rollout/              |          |
|    ep_len_mean        | 48.5     |
|    ep_rew_mean        | -48.5    |
|    success_rate       | 0.03     |
| time/                 |          |
|    fps                | 1025     |
|    iterations         | 46200    |
|    time_elapsed       | 901      |
|    total_timesteps    | 924000   |
| train/                |          |
|    entropy_loss       | -3.4     |
|    explained_variance | 0.391    |
|    learning_rate      | 0.0007   |
|    n_updates          | 46199    |
|    policy_loss        | 0.0085   |
|    std                | 0.569    |
|    value_loss         | 1.62e-05 |
------------------------------------
------------------------------------
| rollout/              |          |
|    ep_len_mean        | 48       |
|    ep_rew_mean        | -48      |
|    success_rate       | 0.04     |
| time/                 |          |
|    fps                | 1025     |
|    iterations         | 46300    |
|    time_elapsed       | 902      |
|    total_timesteps    | 926000   |
| train/                |          |
|    entropy_loss       | -3.39    |
|    explained_variance | 0.945    |
|    learning_rate      | 0.0007   |
|    n_updates          | 46299    |
|    policy_loss        | -0.00602 |
|    std                | 0.566    |
|    value_loss         | 2.95e-05 |
------------------------------------
------------------------------------
| rollout/              |          |
|    ep_len_mean        | 49       |
|    ep_rew_mean        | -49      |
|    success_rate       | 0.02     |
| time/                 |          |
|    fps                | 1026     |
|    iterations         | 46400    |
|    time_elapsed       | 904      |
|    total_timesteps    | 928000   |
| train/                |          |
|    entropy_loss       | -3.37    |
|    explained_variance | 0.949    |
|    learning_rate      | 0.0007   |
|    n_updates          | 46399    |
|    policy_loss        | 0.00298  |
|    std                | 0.564    |
|    value_loss         | 7.67e-06 |
------------------------------------
------------------------------------
| rollout/              |          |
|    ep_len_mean        | 49       |
|    ep_rew_mean        | -49      |
|    success_rate       | 0.02     |
| time/                 |          |
|    fps                | 1026     |
|    iterations         | 46500    |
|    time_elapsed       | 905      |
|    total_timesteps    | 930000   |
| train/                |          |
|    entropy_loss       | -3.36    |
|    explained_variance | 0.921    |
|    learning_rate      | 0.0007   |
|    n_updates          | 46499    |
|    policy_loss        | 0.0224   |
|    std                | 0.563    |
|    value_loss         | 7.84e-05 |
------------------------------------
------------------------------------
| rollout/              |          |
|    ep_len_mean        | 49       |
|    ep_rew_mean        | -49      |
|    success_rate       | 0.02     |
| time/                 |          |
|    fps                | 1027     |
|    iterations         | 46600    |
|    time_elapsed       | 907      |
|    total_timesteps    | 932000   |
| train/                |          |
|    entropy_loss       | -3.36    |
|    explained_variance | 0.959    |
|    learning_rate      | 0.0007   |
|    n_updates          | 46599    |
|    policy_loss        | -0.00126 |
|    std                | 0.562    |
|    value_loss         | 2.19e-06 |
------------------------------------
------------------------------------
| rollout/              |          |
|    ep_len_mean        | 49       |
|    ep_rew_mean        | -49      |
|    success_rate       | 0.02     |
| time/                 |          |
|    fps                | 1027     |
|    iterations         | 46700    |
|    time_elapsed       | 909      |
|    total_timesteps    | 934000   |
| train/                |          |
|    entropy_loss       | -3.36    |
|    explained_variance | 0.974    |
|    learning_rate      | 0.0007   |
|    n_updates          | 46699    |
|    policy_loss        | -0.00577 |
|    std                | 0.562    |
|    value_loss         | 6.66e-06 |
------------------------------------
------------------------------------
| rollout/              |          |
|    ep_len_mean        | 49.5     |
|    ep_rew_mean        | -49.5    |
|    success_rate       | 0.01     |
| time/                 |          |
|    fps                | 1027     |
|    iterations         | 46800    |
|    time_elapsed       | 910      |
|    total_timesteps    | 936000   |
| train/                |          |
|    entropy_loss       | -3.36    |
|    explained_variance | 0.991    |
|    learning_rate      | 0.0007   |
|    n_updates          | 46799    |
|    policy_loss        | 0.00274  |
|    std                | 0.562    |
|    value_loss         | 6.92e-06 |
------------------------------------
------------------------------------
| rollout/              |          |
|    ep_len_mean        | 49.5     |
|    ep_rew_mean        | -49.5    |
|    success_rate       | 0.01     |
| time/                 |          |
|    fps                | 1028     |
|    iterations         | 46900    |
|    time_elapsed       | 912      |
|    total_timesteps    | 938000   |
| train/                |          |
|    entropy_loss       | -3.36    |
|    explained_variance | 0.971    |
|    learning_rate      | 0.0007   |
|    n_updates          | 46899    |
|    policy_loss        | 0.0016   |
|    std                | 0.562    |
|    value_loss         | 8.6e-07  |
------------------------------------
------------------------------------
| rollout/              |          |
|    ep_len_mean        | 48.5     |
|    ep_rew_mean        | -48.5    |
|    success_rate       | 0.03     |
| time/                 |          |
|    fps                | 1028     |
|    iterations         | 47000    |
|    time_elapsed       | 913      |
|    total_timesteps    | 940000   |
| train/                |          |
|    entropy_loss       | -3.33    |
|    explained_variance | 0.987    |
|    learning_rate      | 0.0007   |
|    n_updates          | 46999    |
|    policy_loss        | -0.00165 |
|    std                | 0.558    |
|    value_loss         | 1.55e-05 |
------------------------------------
------------------------------------
| rollout/              |          |
|    ep_len_mean        | 47.5     |
|    ep_rew_mean        | -47.5    |
|    success_rate       | 0.05     |
| time/                 |          |
|    fps                | 1028     |
|    iterations         | 47100    |
|    time_elapsed       | 915      |
|    total_timesteps    | 942000   |
| train/                |          |
|    entropy_loss       | -3.32    |
|    explained_variance | 0.967    |
|    learning_rate      | 0.0007   |
|    n_updates          | 47099    |
|    policy_loss        | 0.00719  |
|    std                | 0.557    |
|    value_loss         | 1.5e-05  |
------------------------------------
------------------------------------
| rollout/              |          |
|    ep_len_mean        | 48       |
|    ep_rew_mean        | -48      |
|    success_rate       | 0.04     |
| time/                 |          |
|    fps                | 1029     |
|    iterations         | 47200    |
|    time_elapsed       | 917      |
|    total_timesteps    | 944000   |
| train/                |          |
|    entropy_loss       | -3.3     |
|    explained_variance | 0.454    |
|    learning_rate      | 0.0007   |
|    n_updates          | 47199    |
|    policy_loss        | -0.00245 |
|    std                | 0.554    |
|    value_loss         | 5.81e-06 |
------------------------------------
-------------------------------------
| rollout/              |           |
|    ep_len_mean        | 47.1      |
|    ep_rew_mean        | -47       |
|    success_rate       | 0.06      |
| time/                 |           |
|    fps                | 1029      |
|    iterations         | 47300     |
|    time_elapsed       | 918       |
|    total_timesteps    | 946000    |
| train/                |           |
|    entropy_loss       | -3.3      |
|    explained_variance | 0.979     |
|    learning_rate      | 0.0007    |
|    n_updates          | 47299     |
|    policy_loss        | -0.000488 |
|    std                | 0.554     |
|    value_loss         | 8.69e-06  |
-------------------------------------
-------------------------------------
| rollout/              |           |
|    ep_len_mean        | 48        |
|    ep_rew_mean        | -48       |
|    success_rate       | 0.04      |
| time/                 |           |
|    fps                | 1030      |
|    iterations         | 47400     |
|    time_elapsed       | 920       |
|    total_timesteps    | 948000    |
| train/                |           |
|    entropy_loss       | -3.29     |
|    explained_variance | 0.983     |
|    learning_rate      | 0.0007    |
|    n_updates          | 47399     |
|    policy_loss        | -0.000701 |
|    std                | 0.552     |
|    value_loss         | 1.33e-05  |
-------------------------------------
------------------------------------
| rollout/              |          |
|    ep_len_mean        | 48.5     |
|    ep_rew_mean        | -48.5    |
|    success_rate       | 0.03     |
| time/                 |          |
|    fps                | 1030     |
|    iterations         | 47500    |
|    time_elapsed       | 921      |
|    total_timesteps    | 950000   |
| train/                |          |
|    entropy_loss       | -3.3     |
|    explained_variance | 0.985    |
|    learning_rate      | 0.0007   |
|    n_updates          | 47499    |
|    policy_loss        | -0.00419 |
|    std                | 0.554    |
|    value_loss         | 6.77e-06 |
------------------------------------
------------------------------------
| rollout/              |          |
|    ep_len_mean        | 48.5     |
|    ep_rew_mean        | -48.5    |
|    success_rate       | 0.03     |
| time/                 |          |
|    fps                | 1030     |
|    iterations         | 47600    |
|    time_elapsed       | 923      |
|    total_timesteps    | 952000   |
| train/                |          |
|    entropy_loss       | -3.31    |
|    explained_variance | 0.933    |
|    learning_rate      | 0.0007   |
|    n_updates          | 47599    |
|    policy_loss        | -0.00254 |
|    std                | 0.555    |
|    value_loss         | 2.21e-06 |
------------------------------------
------------------------------------
| rollout/              |          |
|    ep_len_mean        | 49       |
|    ep_rew_mean        | -49      |
|    success_rate       | 0.02     |
| time/                 |          |
|    fps                | 1031     |
|    iterations         | 47700    |
|    time_elapsed       | 925      |
|    total_timesteps    | 954000   |
| train/                |          |
|    entropy_loss       | -3.31    |
|    explained_variance | 0.889    |
|    learning_rate      | 0.0007   |
|    n_updates          | 47699    |
|    policy_loss        | 0.00341  |
|    std                | 0.555    |
|    value_loss         | 2.6e-06  |
------------------------------------
-------------------------------------
| rollout/              |           |
|    ep_len_mean        | 49        |
|    ep_rew_mean        | -49       |
|    success_rate       | 0.02      |
| time/                 |           |
|    fps                | 1031      |
|    iterations         | 47800     |
|    time_elapsed       | 926       |
|    total_timesteps    | 956000    |
| train/                |           |
|    entropy_loss       | -3.29     |
|    explained_variance | 0.959     |
|    learning_rate      | 0.0007    |
|    n_updates          | 47799     |
|    policy_loss        | -0.000238 |
|    std                | 0.552     |
|    value_loss         | 2.66e-06  |
-------------------------------------
------------------------------------
| rollout/              |          |
|    ep_len_mean        | 48       |
|    ep_rew_mean        | -48      |
|    success_rate       | 0.04     |
| time/                 |          |
|    fps                | 1031     |
|    iterations         | 47900    |
|    time_elapsed       | 928      |
|    total_timesteps    | 958000   |
| train/                |          |
|    entropy_loss       | -3.26    |
|    explained_variance | 0.986    |
|    learning_rate      | 0.0007   |
|    n_updates          | 47899    |
|    policy_loss        | -0.0033  |
|    std                | 0.548    |
|    value_loss         | 2.05e-06 |
------------------------------------
------------------------------------
| rollout/              |          |
|    ep_len_mean        | 48.5     |
|    ep_rew_mean        | -48.5    |
|    success_rate       | 0.03     |
| time/                 |          |
|    fps                | 1032     |
|    iterations         | 48000    |
|    time_elapsed       | 930      |
|    total_timesteps    | 960000   |
| train/                |          |
|    entropy_loss       | -3.26    |
|    explained_variance | 0.984    |
|    learning_rate      | 0.0007   |
|    n_updates          | 47999    |
|    policy_loss        | -0.00264 |
|    std                | 0.548    |
|    value_loss         | 2.95e-06 |
------------------------------------
------------------------------------
| rollout/              |          |
|    ep_len_mean        | 48       |
|    ep_rew_mean        | -48      |
|    success_rate       | 0.04     |
| time/                 |          |
|    fps                | 1032     |
|    iterations         | 48100    |
|    time_elapsed       | 931      |
|    total_timesteps    | 962000   |
| train/                |          |
|    entropy_loss       | -3.25    |
|    explained_variance | 0.964    |
|    learning_rate      | 0.0007   |
|    n_updates          | 48099    |
|    policy_loss        | 0.00723  |
|    std                | 0.546    |
|    value_loss         | 1.1e-05  |
------------------------------------
------------------------------------
| rollout/              |          |
|    ep_len_mean        | 47.5     |
|    ep_rew_mean        | -47.5    |
|    success_rate       | 0.05     |
| time/                 |          |
|    fps                | 1032     |
|    iterations         | 48200    |
|    time_elapsed       | 933      |
|    total_timesteps    | 964000   |
| train/                |          |
|    entropy_loss       | -3.24    |
|    explained_variance | 0.852    |
|    learning_rate      | 0.0007   |
|    n_updates          | 48199    |
|    policy_loss        | 0.00633  |
|    std                | 0.545    |
|    value_loss         | 1.77e-05 |
------------------------------------
------------------------------------
| rollout/              |          |
|    ep_len_mean        | 47.5     |
|    ep_rew_mean        | -47.5    |
|    success_rate       | 0.05     |
| time/                 |          |
|    fps                | 1033     |
|    iterations         | 48300    |
|    time_elapsed       | 935      |
|    total_timesteps    | 966000   |
| train/                |          |
|    entropy_loss       | -3.22    |
|    explained_variance | 0.425    |
|    learning_rate      | 0.0007   |
|    n_updates          | 48299    |
|    policy_loss        | 0.0144   |
|    std                | 0.542    |
|    value_loss         | 6.02e-05 |
------------------------------------
------------------------------------
| rollout/              |          |
|    ep_len_mean        | 48.5     |
|    ep_rew_mean        | -48.5    |
|    success_rate       | 0.03     |
| time/                 |          |
|    fps                | 1033     |
|    iterations         | 48400    |
|    time_elapsed       | 936      |
|    total_timesteps    | 968000   |
| train/                |          |
|    entropy_loss       | -3.22    |
|    explained_variance | 0.986    |
|    learning_rate      | 0.0007   |
|    n_updates          | 48399    |
|    policy_loss        | 0.00433  |
|    std                | 0.543    |
|    value_loss         | 3.97e-06 |
------------------------------------
------------------------------------
| rollout/              |          |
|    ep_len_mean        | 50       |
|    ep_rew_mean        | -50      |
|    success_rate       | 0        |
| time/                 |          |
|    fps                | 1033     |
|    iterations         | 48500    |
|    time_elapsed       | 938      |
|    total_timesteps    | 970000   |
| train/                |          |
|    entropy_loss       | -3.22    |
|    explained_variance | 0.964    |
|    learning_rate      | 0.0007   |
|    n_updates          | 48499    |
|    policy_loss        | -0.00586 |
|    std                | 0.543    |
|    value_loss         | 8.11e-06 |
------------------------------------
------------------------------------
| rollout/              |          |
|    ep_len_mean        | 49.5     |
|    ep_rew_mean        | -49.5    |
|    success_rate       | 0.01     |
| time/                 |          |
|    fps                | 1034     |
|    iterations         | 48600    |
|    time_elapsed       | 940      |
|    total_timesteps    | 972000   |
| train/                |          |
|    entropy_loss       | -3.21    |
|    explained_variance | 0.821    |
|    learning_rate      | 0.0007   |
|    n_updates          | 48599    |
|    policy_loss        | 0.00264  |
|    std                | 0.541    |
|    value_loss         | 2.22e-06 |
------------------------------------
------------------------------------
| rollout/              |          |
|    ep_len_mean        | 49       |
|    ep_rew_mean        | -49      |
|    success_rate       | 0.02     |
| time/                 |          |
|    fps                | 1034     |
|    iterations         | 48700    |
|    time_elapsed       | 941      |
|    total_timesteps    | 974000   |
| train/                |          |
|    entropy_loss       | -3.21    |
|    explained_variance | 0.985    |
|    learning_rate      | 0.0007   |
|    n_updates          | 48699    |
|    policy_loss        | 0.000643 |
|    std                | 0.541    |
|    value_loss         | 3.94e-06 |
------------------------------------
------------------------------------
| rollout/              |          |
|    ep_len_mean        | 48       |
|    ep_rew_mean        | -48      |
|    success_rate       | 0.04     |
| time/                 |          |
|    fps                | 1034     |
|    iterations         | 48800    |
|    time_elapsed       | 943      |
|    total_timesteps    | 976000   |
| train/                |          |
|    entropy_loss       | -3.18    |
|    explained_variance | 0.854    |
|    learning_rate      | 0.0007   |
|    n_updates          | 48799    |
|    policy_loss        | -0.00857 |
|    std                | 0.537    |
|    value_loss         | 9.3e-06  |
------------------------------------
------------------------------------
| rollout/              |          |
|    ep_len_mean        | 49       |
|    ep_rew_mean        | -49      |
|    success_rate       | 0.02     |
| time/                 |          |
|    fps                | 1035     |
|    iterations         | 48900    |
|    time_elapsed       | 944      |
|    total_timesteps    | 978000   |
| train/                |          |
|    entropy_loss       | -3.18    |
|    explained_variance | 0.877    |
|    learning_rate      | 0.0007   |
|    n_updates          | 48899    |
|    policy_loss        | -0.00232 |
|    std                | 0.537    |
|    value_loss         | 7.29e-06 |
------------------------------------
------------------------------------
| rollout/              |          |
|    ep_len_mean        | 49.5     |
|    ep_rew_mean        | -49.5    |
|    success_rate       | 0.01     |
| time/                 |          |
|    fps                | 1035     |
|    iterations         | 49000    |
|    time_elapsed       | 946      |
|    total_timesteps    | 980000   |
| train/                |          |
|    entropy_loss       | -3.19    |
|    explained_variance | 0.967    |
|    learning_rate      | 0.0007   |
|    n_updates          | 48999    |
|    policy_loss        | -0.00106 |
|    std                | 0.537    |
|    value_loss         | 3.77e-06 |
------------------------------------
------------------------------------
| rollout/              |          |
|    ep_len_mean        | 49.5     |
|    ep_rew_mean        | -49.5    |
|    success_rate       | 0.01     |
| time/                 |          |
|    fps                | 1035     |
|    iterations         | 49100    |
|    time_elapsed       | 948      |
|    total_timesteps    | 982000   |
| train/                |          |
|    entropy_loss       | -3.19    |
|    explained_variance | 0.981    |
|    learning_rate      | 0.0007   |
|    n_updates          | 49099    |
|    policy_loss        | 0.00121  |
|    std                | 0.537    |
|    value_loss         | 2.38e-06 |
------------------------------------
------------------------------------
| rollout/              |          |
|    ep_len_mean        | 48       |
|    ep_rew_mean        | -48      |
|    success_rate       | 0.04     |
| time/                 |          |
|    fps                | 1035     |
|    iterations         | 49200    |
|    time_elapsed       | 949      |
|    total_timesteps    | 984000   |
| train/                |          |
|    entropy_loss       | -3.19    |
|    explained_variance | 0.981    |
|    learning_rate      | 0.0007   |
|    n_updates          | 49199    |
|    policy_loss        | -0.00512 |
|    std                | 0.538    |
|    value_loss         | 1.58e-05 |
------------------------------------
------------------------------------
| rollout/              |          |
|    ep_len_mean        | 48       |
|    ep_rew_mean        | -48      |
|    success_rate       | 0.04     |
| time/                 |          |
|    fps                | 1036     |
|    iterations         | 49300    |
|    time_elapsed       | 951      |
|    total_timesteps    | 986000   |
| train/                |          |
|    entropy_loss       | -3.19    |
|    explained_variance | 0.985    |
|    learning_rate      | 0.0007   |
|    n_updates          | 49299    |
|    policy_loss        | 0.00117  |
|    std                | 0.538    |
|    value_loss         | 7.36e-07 |
------------------------------------
------------------------------------
| rollout/              |          |
|    ep_len_mean        | 49       |
|    ep_rew_mean        | -49      |
|    success_rate       | 0.02     |
| time/                 |          |
|    fps                | 1036     |
|    iterations         | 49400    |
|    time_elapsed       | 953      |
|    total_timesteps    | 988000   |
| train/                |          |
|    entropy_loss       | -3.2     |
|    explained_variance | 0.234    |
|    learning_rate      | 0.0007   |
|    n_updates          | 49399    |
|    policy_loss        | 0.0145   |
|    std                | 0.54     |
|    value_loss         | 4.07e-05 |
------------------------------------
------------------------------------
| rollout/              |          |
|    ep_len_mean        | 49       |
|    ep_rew_mean        | -49      |
|    success_rate       | 0.02     |
| time/                 |          |
|    fps                | 1037     |
|    iterations         | 49500    |
|    time_elapsed       | 954      |
|    total_timesteps    | 990000   |
| train/                |          |
|    entropy_loss       | -3.2     |
|    explained_variance | 0.867    |
|    learning_rate      | 0.0007   |
|    n_updates          | 49499    |
|    policy_loss        | -0.00744 |
|    std                | 0.54     |
|    value_loss         | 1.2e-05  |
------------------------------------
------------------------------------
| rollout/              |          |
|    ep_len_mean        | 48       |
|    ep_rew_mean        | -48      |
|    success_rate       | 0.04     |
| time/                 |          |
|    fps                | 1037     |
|    iterations         | 49600    |
|    time_elapsed       | 956      |
|    total_timesteps    | 992000   |
| train/                |          |
|    entropy_loss       | -3.17    |
|    explained_variance | 0.979    |
|    learning_rate      | 0.0007   |
|    n_updates          | 49599    |
|    policy_loss        | -0.0029  |
|    std                | 0.536    |
|    value_loss         | 2.93e-06 |
------------------------------------
------------------------------------
| rollout/              |          |
|    ep_len_mean        | 48       |
|    ep_rew_mean        | -48      |
|    success_rate       | 0.04     |
| time/                 |          |
|    fps                | 1037     |
|    iterations         | 49700    |
|    time_elapsed       | 957      |
|    total_timesteps    | 994000   |
| train/                |          |
|    entropy_loss       | -3.19    |
|    explained_variance | 0.927    |
|    learning_rate      | 0.0007   |
|    n_updates          | 49699    |
|    policy_loss        | -0.00135 |
|    std                | 0.539    |
|    value_loss         | 1.04e-06 |
------------------------------------
------------------------------------
| rollout/              |          |
|    ep_len_mean        | 48.5     |
|    ep_rew_mean        | -48.5    |
|    success_rate       | 0.03     |
| time/                 |          |
|    fps                | 1037     |
|    iterations         | 49800    |
|    time_elapsed       | 959      |
|    total_timesteps    | 996000   |
| train/                |          |
|    entropy_loss       | -3.2     |
|    explained_variance | 0.983    |
|    learning_rate      | 0.0007   |
|    n_updates          | 49799    |
|    policy_loss        | 0.00135  |
|    std                | 0.539    |
|    value_loss         | 1.37e-06 |
------------------------------------
------------------------------------
| rollout/              |          |
|    ep_len_mean        | 50       |
|    ep_rew_mean        | -50      |
|    success_rate       | 0        |
| time/                 |          |
|    fps                | 1038     |
|    iterations         | 49900    |
|    time_elapsed       | 961      |
|    total_timesteps    | 998000   |
| train/                |          |
|    entropy_loss       | -3.2     |
|    explained_variance | 0.952    |
|    learning_rate      | 0.0007   |
|    n_updates          | 49899    |
|    policy_loss        | -0.00552 |
|    std                | 0.54     |
|    value_loss         | 8.98e-06 |
------------------------------------
------------------------------------
| rollout/              |          |
|    ep_len_mean        | 49       |
|    ep_rew_mean        | -49      |
|    success_rate       | 0.02     |
| time/                 |          |
|    fps                | 1038     |
|    iterations         | 50000    |
|    time_elapsed       | 962      |
|    total_timesteps    | 1000000  |
| train/                |          |
|    entropy_loss       | -3.17    |
|    explained_variance | 0.897    |
|    learning_rate      | 0.0007   |
|    n_updates          | 49999    |
|    policy_loss        | -0.00973 |
|    std                | 0.535    |
|    value_loss         | 1.27e-05 |
------------------------------------
Unit6 PASS reach=-0.16 pick=-50.00
argv[0]=--background_color_red=0.8745098114013672
argv[1]=--background_color_green=0.21176470816135406
argv[2]=--background_color_blue=0.1764705926179886
argv[0]=--background_color_red=0.8745098114013672
argv[1]=--background_color_green=0.21176470816135406
argv[2]=--background_color_blue=0.1764705926179886
argv[0]=--background_color_red=0.8745098114013672
argv[1]=--background_color_green=0.21176470816135406
argv[2]=--background_color_blue=0.1764705926179886
argv[0]=--background_color_red=0.8745098114013672
argv[1]=--background_color_green=0.21176470816135406
argv[2]=--background_color_blue=0.1764705926179886
argv[0]=--background_color_red=0.8745098114013672
argv[1]=--background_color_green=0.21176470816135406
argv[2]=--background_color_blue=0.1764705926179886
argv[0]=--background_color_red=0.8745098114013672
argv[1]=--background_color_green=0.21176470816135406
argv[2]=--background_color_blue=0.1764705926179886
argv[0]=--background_color_red=0.8745098114013672
argv[1]=--background_color_green=0.21176470816135406
argv[2]=--background_color_blue=0.1764705926179886
argv[0]=--background_color_red=0.8745098114013672
argv[1]=--background_color_green=0.21176470816135406
argv[2]=--background_color_blue=0.1764705926179886
argv[0]=--background_color_red=0.8745098114013672
argv[1]=--background_color_green=0.21176470816135406
argv[2]=--background_color_blue=0.1764705926179886
argv[0]=--background_color_red=0.8745098114013672
argv[1]=--background_color_green=0.21176470816135406
argv[2]=--background_color_blue=0.1764705926179886
